"アイテムID(NC)","アイテムコード","名称","代表画像ファイル名(NC)","説明","素材","サイズHTML","表示順","アイテム表示可否","納期(日)","配送コメント","最低数量","アイテムプラットフォームプリセット","アイテム個体ID","カラーID","カラー名称(NC)","カラー表示順","サイズID","サイズ名称(NC)","3DモデルID","3Dモデル名称(NC)","アイテム個体表示可否","アイテム個体プラットフォームプリセット","ベンダー名(ベンダー情報)","アイテム型番(ベンダー情報)","カラー名(ベンダー情報)","カラーコード(ベンダー情報)","サイズ名(ベンダー情報)","JAN(ベンダー情報)","価格(ベンダー情報)"
"__ITEMID__","5001-01","5.6オンス ハイクオリティー Tシャツ〈アダルト〉","","United Athle 5001-01。5.6オンスの丈夫でしっかりした生地感。豊富なカラーとサイズ展開の定番Tシャツです。","綿100%","S,M,L,XL,XXL,XXXL","3","1","10","（仮）通常配送","1","0","","6052","ホワイト","1","5018","","","","1","0","（仮）","5001-01","ホワイト","0001","S","2900000020001","1260"
"__ITEMID__","5001-01","5.6オンス ハイクオリティー Tシャツ〈アダルト〉","","United Athle 5001-01。5.6オンスの丈夫でしっかりした生地感。豊富なカラーとサイズ展開の定番Tシャツです。","綿100%","S,M,L,XL,XXL,XXXL","3","1","10","（仮）通常配送","1","0","","6060","ブラック","2","5018","","","","1","0","（仮）","5001-01","ブラック","0002","S","2900000020002","1360"
"__ITEMID__","5001-01","5.6オンス ハイクオリティー Tシャツ〈アダルト〉","","United Athle 5001-01。5.6オンスの丈夫でしっかりした生地感。豊富なカラーとサイズ展開の定番Tシャツです。","綿100%","S,M,L,XL,XXL,XXXL","3","1","10","（仮）通常配送","1","0","","6054","アッシュ","3","5018","","","","1","0","（仮）","5001-01","アッシュ","0005","S","2900000020003","1360"
"__ITEMID__","5001-01","5.6オンス ハイクオリティー Tシャツ〈アダルト〉","","United Athle 5001-01。5.6オンスの丈夫でしっかりした生地感。豊富なカラーとサイズ展開の定番Tシャツです。","綿100%","S,M,L,XL,XXL,XXXL","3","1","10","（仮）通常配送","1","0","","6115","ミックスグレー","4","5018","","","","1","0","（仮）","5001-01","ミックスグレー","0006","S","2900000020004","1360"
"__ITEMID__","5001-01","5.6オンス ハイクオリティー Tシャツ〈アダルト〉","","United Athle 5001-01。5.6オンスの丈夫でしっかりした生地感。豊富なカラーとサイズ展開の定番Tシャツです。","綿100%","S,M,L,XL,XXL,XXXL","3","1","10","（仮）通常配送","1","0","","6058","チャコール","5","5018","","","","1","0","（仮）","5001-01","チャコール","0007","S","2900000020005","1360"
"__ITEMID__","5001-01","5.6オンス ハイクオリティー Tシャツ〈アダルト〉","","United Athle 5001-01。5.6オンスの丈夫でしっかりした生地感。豊富なカラーとサイズ展開の定番Tシャツです。","綿100%","S,M,L,XL,XXL,XXXL","3","1","10","（仮）通常配送","1","0","","6055","オートミール","6","5018","","","","1","0","（仮）","5001-01","オートミール","0009","S","2900000020006","1360"
"__ITEMID__","5001-01","5.6オンス ハイクオリティー Tシャツ〈アダルト〉","","United Athle 5001-01。5.6オンスの丈夫でしっかりした生地感。豊富なカラーとサイズ展開の定番Tシャツです。","綿100%","S,M,L,XL,XXL,XXXL","3","1","10","（仮）通常配送","1","0","","6116","ライトグレー","7","5018","","","","1","0","（仮）","5001-01","ライトグレー","0010","S","2900000020007","1360"
"__ITEMID__","5001-01","5.6オンス ハイクオリティー Tシャツ〈アダルト〉","","United Athle 5001-01。5.6オンスの丈夫でしっかりした生地感。豊富なカラーとサイズ展開の定番Tシャツです。","綿100%","S,M,L,XL,XXL,XXXL","3","1","10","（仮）通常配送","1","0","","6053","アイボリー","8","5018","","","","1","0","（仮）","5001-01","アイボリー","0016","S","2900000020008","1360"
"__ITEMID__","5001-01","5.6オンス ハイクオリティー Tシャツ〈アダルト〉","","United Athle 5001-01。5.6オンスの丈夫でしっかりした生地感。豊富なカラーとサイズ展開の定番Tシャツです。","綿100%","S,M,L,XL,XXL,XXXL","3","1","10","（仮）通常配送","1","0","","6063","ナチュラル","9","5018","","","","1","0","（仮）","5001-01","ナチュラル","0019","S","2900000020009","1360"
"__ITEMID__","5001-01","5.6オンス ハイクオリティー Tシャツ〈アダルト〉","","United Athle 5001-01。5.6オンスの丈夫でしっかりした生地感。豊富なカラーとサイズ展開の定番Tシャツです。","綿100%","S,M,L,XL,XXL,XXXL","3","1","10","（仮）通常配送","1","0","","6065","イエロー","10","5018","","","","1","0","（仮）","5001-01","イエロー","0021","S","2900000020010","1360"
"__ITEMID__","5001-01","5.6オンス ハイクオリティー Tシャツ〈アダルト〉","","United Athle 5001-01。5.6オンスの丈夫でしっかりした生地感。豊富なカラーとサイズ展開の定番Tシャツです。","綿100%","S,M,L,XL,XXL,XXXL","3","1","10","（仮）通常配送","1","0","","6117","ゴールド","11","5018","","","","1","0","（仮）","5001-01","ゴールド","0022","S","2900000020011","1360"
"__ITEMID__","5001-01","5.6オンス ハイクオリティー Tシャツ〈アダルト〉","","United Athle 5001-01。5.6オンスの丈夫でしっかりした生地感。豊富なカラーとサイズ展開の定番Tシャツです。","綿100%","S,M,L,XL,XXL,XXXL","3","1","10","（仮）通常配送","1","0","","6118","ミントグリーン","12","5018","","","","1","0","（仮）","5001-01","ミントグリーン","0024","S","2900000020012","1360"
"__ITEMID__","5001-01","5.6オンス ハイクオリティー Tシャツ〈アダルト〉","","United Athle 5001-01。5.6オンスの丈夫でしっかりした生地感。豊富なカラーとサイズ展開の定番Tシャツです。","綿100%","S,M,L,XL,XXL,XXXL","3","1","10","（仮）通常配送","1","0","","6093","グリーン","13","5018","","","","1","0","（仮）","5001-01","グリーン","0029","S","2900000020013","1360"
"__ITEMID__","5001-01","5.6オンス ハイクオリティー Tシャツ〈アダルト〉","","United Athle 5001-01。5.6オンスの丈夫でしっかりした生地感。豊富なカラーとサイズ展開の定番Tシャツです。","綿100%","S,M,L,XL,XXL,XXXL","3","1","10","（仮）通常配送","1","0","","6119","シティグリーン","14","5018","","","","1","0","（仮）","5001-01","シティグリーン","0035","S","2900000020014","1360"
"__ITEMID__","5001-01","5.6オンス ハイクオリティー Tシャツ〈アダルト〉","","United Athle 5001-01。5.6オンスの丈夫でしっかりした生地感。豊富なカラーとサイズ展開の定番Tシャツです。","綿100%","S,M,L,XL,XXL,XXXL","3","1","10","（仮）通常配送","1","0","","6120","メロン","15","5018","","","","1","0","（仮）","5001-01","メロン","0037","S","2900000020015","1360"
"__ITEMID__","5001-01","5.6オンス ハイクオリティー Tシャツ〈アダルト〉","","United Athle 5001-01。5.6オンスの丈夫でしっかりした生地感。豊富なカラーとサイズ展開の定番Tシャツです。","綿100%","S,M,L,XL,XXL,XXXL","3","1","10","（仮）通常配送","1","0","","6078","ダークブラウン","16","5018","","","","1","0","（仮）","5001-01","ダークブラウン","0052","S","2900000020016","1360"
"__ITEMID__","5001-01","5.6オンス ハイクオリティー Tシャツ〈アダルト〉","","United Athle 5001-01。5.6オンスの丈夫でしっかりした生地感。豊富なカラーとサイズ展開の定番Tシャツです。","綿100%","S,M,L,XL,XXL,XXXL","3","1","10","（仮）通常配送","1","0","","6062","ライトベージュ","17","5018","","","","1","0","（仮）","5001-01","ライトベージュ","0053","S","2900000020017","1360"
"__ITEMID__","5001-01","5.6オンス ハイクオリティー Tシャツ〈アダルト〉","","United Athle 5001-01。5.6オンスの丈夫でしっかりした生地感。豊富なカラーとサイズ展開の定番Tシャツです。","綿100%","S,M,L,XL,XXL,XXXL","3","1","10","（仮）通常配送","1","0","","6099","パープル","18","5018","","","","1","0","（仮）","5001-01","パープル","0062","S","2900000020018","1360"
"__ITEMID__","5001-01","5.6オンス ハイクオリティー Tシャツ〈アダルト〉","","United Athle 5001-01。5.6オンスの丈夫でしっかりした生地感。豊富なカラーとサイズ展開の定番Tシャツです。","綿100%","S,M,L,XL,XXL,XXXL","3","1","10","（仮）通常配送","1","0","","6067","オレンジ","19","5018","","","","1","0","（仮）","5001-01","オレンジ","0064","S","2900000020019","1360"
"__ITEMID__","5001-01","5.6オンス ハイクオリティー Tシャツ〈アダルト〉","","United Athle 5001-01。5.6オンスの丈夫でしっかりした生地感。豊富なカラーとサイズ展開の定番Tシャツです。","綿100%","S,M,L,XL,XXL,XXXL","3","1","10","（仮）通常配送","1","0","","6073","ピンク","20","5018","","","","1","0","（仮）","5001-01","ピンク","0066","S","2900000020020","1360"
"__ITEMID__","5001-01","5.6オンス ハイクオリティー Tシャツ〈アダルト〉","","United Athle 5001-01。5.6オンスの丈夫でしっかりした生地感。豊富なカラーとサイズ展開の定番Tシャツです。","綿100%","S,M,L,XL,XXL,XXXL","3","1","10","（仮）通常配送","1","0","","6068","レッド","21","5018","","","","1","0","（仮）","5001-01","レッド","0069","S","2900000020021","1360"
"__ITEMID__","5001-01","5.6オンス ハイクオリティー Tシャツ〈アダルト〉","","United Athle 5001-01。5.6オンスの丈夫でしっかりした生地感。豊富なカラーとサイズ展開の定番Tシャツです。","綿100%","S,M,L,XL,XXL,XXXL","3","1","10","（仮）通常配送","1","0","","6075","バーガンディ","22","5018","","","","1","0","（仮）","5001-01","バーガンディ","0072","S","2900000020022","1360"
"__ITEMID__","5001-01","5.6オンス ハイクオリティー Tシャツ〈アダルト〉","","United Athle 5001-01。5.6オンスの丈夫でしっかりした生地感。豊富なカラーとサイズ展開の定番Tシャツです。","綿100%","S,M,L,XL,XXL,XXXL","3","1","10","（仮）通常配送","1","0","","6121","ラベンダー","23","5018","","","","1","0","（仮）","5001-01","ラベンダー","0076","S","2900000020023","1360"
"__ITEMID__","5001-01","5.6オンス ハイクオリティー Tシャツ〈アダルト〉","","United Athle 5001-01。5.6オンスの丈夫でしっかりした生地感。豊富なカラーとサイズ展開の定番Tシャツです。","綿100%","S,M,L,XL,XXL,XXXL","3","1","10","（仮）通常配送","1","0","","6122","サックス","24","5018","","","","1","0","（仮）","5001-01","サックス","0082","S","2900000020024","1360"
"__ITEMID__","5001-01","5.6オンス ハイクオリティー Tシャツ〈アダルト〉","","United Athle 5001-01。5.6オンスの丈夫でしっかりした生地感。豊富なカラーとサイズ展開の定番Tシャツです。","綿100%","S,M,L,XL,XXL,XXXL","3","1","10","（仮）通常配送","1","0","","6123","アクアブルー","25","5018","","","","1","0","（仮）","5001-01","アクアブルー","0083","S","2900000020025","1360"
"__ITEMID__","5001-01","5.6オンス ハイクオリティー Tシャツ〈アダルト〉","","United Athle 5001-01。5.6オンスの丈夫でしっかりした生地感。豊富なカラーとサイズ展開の定番Tシャツです。","綿100%","S,M,L,XL,XXL,XXXL","3","1","10","（仮）通常配送","1","0","","6083","ロイヤルブルー","26","5018","","","","1","0","（仮）","5001-01","ロイヤルブルー","0085","S","2900000020026","1360"
"__ITEMID__","5001-01","5.6オンス ハイクオリティー Tシャツ〈アダルト〉","","United Athle 5001-01。5.6オンスの丈夫でしっかりした生地感。豊富なカラーとサイズ展開の定番Tシャツです。","綿100%","S,M,L,XL,XXL,XXXL","3","1","10","（仮）通常配送","1","0","","6087","ネイビー","27","5018","","","","1","0","（仮）","5001-01","ネイビー","0086","S","2900000020027","1360"
"__ITEMID__","5001-01","5.6オンス ハイクオリティー Tシャツ〈アダルト〉","","United Athle 5001-01。5.6オンスの丈夫でしっかりした生地感。豊富なカラーとサイズ展開の定番Tシャツです。","綿100%","S,M,L,XL,XXL,XXXL","3","1","10","（仮）通常配送","1","0","","6085","インディゴ","28","5018","","","","1","0","（仮）","5001-01","インディゴ","0087","S","2900000020028","1360"
"__ITEMID__","5001-01","5.6オンス ハイクオリティー Tシャツ〈アダルト〉","","United Athle 5001-01。5.6オンスの丈夫でしっかりした生地感。豊富なカラーとサイズ展開の定番Tシャツです。","綿100%","S,M,L,XL,XXL,XXXL","3","1","10","（仮）通常配送","1","0","","6124","スレート","29","5018","","","","1","0","（仮）","5001-01","スレート","0088","S","2900000020029","1360"
"__ITEMID__","5001-01","5.6オンス ハイクオリティー Tシャツ〈アダルト〉","","United Athle 5001-01。5.6オンスの丈夫でしっかりした生地感。豊富なカラーとサイズ展開の定番Tシャツです。","綿100%","S,M,L,XL,XXL,XXXL","3","1","10","（仮）通常配送","1","0","","6125","スミ","30","5018","","","","1","0","（仮）","5001-01","スミ","0165","S","2900000020030","1360"
"__ITEMID__","5001-01","5.6オンス ハイクオリティー Tシャツ〈アダルト〉","","United Athle 5001-01。5.6オンスの丈夫でしっかりした生地感。豊富なカラーとサイズ展開の定番Tシャツです。","綿100%","S,M,L,XL,XXL,XXXL","3","1","10","（仮）通常配送","1","0","","6126","カナリアイエロー","31","5018","","","","1","0","（仮）","5001-01","カナリアイエロー","0190","S","2900000020031","1360"
"__ITEMID__","5001-01","5.6オンス ハイクオリティー Tシャツ〈アダルト〉","","United Athle 5001-01。5.6オンスの丈夫でしっかりした生地感。豊富なカラーとサイズ展開の定番Tシャツです。","綿100%","S,M,L,XL,XXL,XXXL","3","1","10","（仮）通常配送","1","0","","6127","バニラホワイト","32","5018","","","","1","0","（仮）","5001-01","バニラホワイト","0191","S","2900000020032","1360"
"__ITEMID__","5001-01","5.6オンス ハイクオリティー Tシャツ〈アダルト〉","","United Athle 5001-01。5.6オンスの丈夫でしっかりした生地感。豊富なカラーとサイズ展開の定番Tシャツです。","綿100%","S,M,L,XL,XXL,XXXL","3","1","10","（仮）通常配送","1","0","","6128","ハイレッド","33","5018","","","","1","0","（仮）","5001-01","ハイレッド","0232","S","2900000020033","1360"
"__ITEMID__","5001-01","5.6オンス ハイクオリティー Tシャツ〈アダルト〉","","United Athle 5001-01。5.6オンスの丈夫でしっかりした生地感。豊富なカラーとサイズ展開の定番Tシャツです。","綿100%","S,M,L,XL,XXL,XXXL","3","1","10","（仮）通常配送","1","0","","6080","アシッドブルー","34","5018","","","","1","0","（仮）","5001-01","アシッドブルー","0247","S","2900000020034","1360"
"__ITEMID__","5001-01","5.6オンス ハイクオリティー Tシャツ〈アダルト〉","","United Athle 5001-01。5.6オンスの丈夫でしっかりした生地感。豊富なカラーとサイズ展開の定番Tシャツです。","綿100%","S,M,L,XL,XXL,XXXL","3","1","10","（仮）通常配送","1","0","","6129","バナナ","35","5018","","","","1","0","（仮）","5001-01","バナナ","0369","S","2900000020035","1360"
"__ITEMID__","5001-01","5.6オンス ハイクオリティー Tシャツ〈アダルト〉","","United Athle 5001-01。5.6オンスの丈夫でしっかりした生地感。豊富なカラーとサイズ展開の定番Tシャツです。","綿100%","S,M,L,XL,XXL,XXXL","3","1","10","（仮）通常配送","1","0","","6130","ライトイエロー","36","5018","","","","1","0","（仮）","5001-01","ライトイエロー","0487","S","2900000020036","1360"
"__ITEMID__","5001-01","5.6オンス ハイクオリティー Tシャツ〈アダルト〉","","United Athle 5001-01。5.6オンスの丈夫でしっかりした生地感。豊富なカラーとサイズ展開の定番Tシャツです。","綿100%","S,M,L,XL,XXL,XXXL","3","1","10","（仮）通常配送","1","0","","6079","ライトブルー","37","5018","","","","1","0","（仮）","5001-01","ライトブルー","0488","S","2900000020037","1360"
"__ITEMID__","5001-01","5.6オンス ハイクオリティー Tシャツ〈アダルト〉","","United Athle 5001-01。5.6オンスの丈夫でしっかりした生地感。豊富なカラーとサイズ展開の定番Tシャツです。","綿100%","S,M,L,XL,XXL,XXXL","3","1","10","（仮）通常配送","1","0","","6098","ライトパープル","38","5018","","","","1","0","（仮）","5001-01","ライトパープル","0494","S","2900000020038","1360"
"__ITEMID__","5001-01","5.6オンス ハイクオリティー Tシャツ〈アダルト〉","","United Athle 5001-01。5.6オンスの丈夫でしっかりした生地感。豊富なカラーとサイズ展開の定番Tシャツです。","綿100%","S,M,L,XL,XXL,XXXL","3","1","10","（仮）通常配送","1","0","","6071","ライトピンク","39","5018","","","","1","0","（仮）","5001-01","ライトピンク","0495","S","2900000020039","1360"
"__ITEMID__","5001-01","5.6オンス ハイクオリティー Tシャツ〈アダルト〉","","United Athle 5001-01。5.6オンスの丈夫でしっかりした生地感。豊富なカラーとサイズ展開の定番Tシャツです。","綿100%","S,M,L,XL,XXL,XXXL","3","1","10","（仮）通常配送","1","0","","6094","アイビーグリーン","40","5018","","","","1","0","（仮）","5001-01","アイビーグリーン","0497","S","2900000020040","1360"
"__ITEMID__","5001-01","5.6オンス ハイクオリティー Tシャツ〈アダルト〉","","United Athle 5001-01。5.6オンスの丈夫でしっかりした生地感。豊富なカラーとサイズ展開の定番Tシャツです。","綿100%","S,M,L,XL,XXL,XXXL","3","1","10","（仮）通常配送","1","0","","6131","トロピカルピンク","41","5018","","","","1","0","（仮）","5001-01","トロピカルピンク","0511","S","2900000020041","1360"
"__ITEMID__","5001-01","5.6オンス ハイクオリティー Tシャツ〈アダルト〉","","United Athle 5001-01。5.6オンスの丈夫でしっかりした生地感。豊富なカラーとサイズ展開の定番Tシャツです。","綿100%","S,M,L,XL,XXL,XXXL","3","1","10","（仮）通常配送","1","0","","6132","サンドカーキ","42","5018","","","","1","0","（仮）","5001-01","サンドカーキ","0537","S","2900000020042","1360"
"__ITEMID__","5001-01","5.6オンス ハイクオリティー Tシャツ〈アダルト〉","","United Athle 5001-01。5.6オンスの丈夫でしっかりした生地感。豊富なカラーとサイズ展開の定番Tシャツです。","綿100%","S,M,L,XL,XXL,XXXL","3","1","10","（仮）通常配送","1","0","","6133","ターコイズブルー","43","5018","","","","1","0","（仮）","5001-01","ターコイズブルー","0538","S","2900000020043","1360"
"__ITEMID__","5001-01","5.6オンス ハイクオリティー Tシャツ〈アダルト〉","","United Athle 5001-01。5.6オンスの丈夫でしっかりした生地感。豊富なカラーとサイズ展開の定番Tシャツです。","綿100%","S,M,L,XL,XXL,XXXL","3","1","10","（仮）通常配送","1","0","","6134","バイオレットパープル","44","5018","","","","1","0","（仮）","5001-01","バイオレットパープル","0539","S","2900000020044","1360"
"__ITEMID__","5001-01","5.6オンス ハイクオリティー Tシャツ〈アダルト〉","","United Athle 5001-01。5.6オンスの丈夫でしっかりした生地感。豊富なカラーとサイズ展開の定番Tシャツです。","綿100%","S,M,L,XL,XXL,XXXL","3","1","10","（仮）通常配送","1","0","","6135","サンドベージュ","45","5018","","","","1","0","（仮）","5001-01","サンドベージュ","0545","S","2900000020045","1360"
"__ITEMID__","5001-01","5.6オンス ハイクオリティー Tシャツ〈アダルト〉","","United Athle 5001-01。5.6オンスの丈夫でしっかりした生地感。豊富なカラーとサイズ展開の定番Tシャツです。","綿100%","S,M,L,XL,XXL,XXXL","3","1","10","（仮）通常配送","1","0","","6136","アプリコット","46","5018","","","","1","0","（仮）","5001-01","アプリコット","0574","S","2900000020046","1360"
"__ITEMID__","5001-01","5.6オンス ハイクオリティー Tシャツ〈アダルト〉","","United Athle 5001-01。5.6オンスの丈夫でしっかりした生地感。豊富なカラーとサイズ展開の定番Tシャツです。","綿100%","S,M,L,XL,XXL,XXXL","3","1","10","（仮）通常配送","1","0","","6137","アップルグリーン","47","5018","","","","1","0","（仮）","5001-01","アップルグリーン","0575","S","2900000020047","1360"
"__ITEMID__","5001-01","5.6オンス ハイクオリティー Tシャツ〈アダルト〉","","United Athle 5001-01。5.6オンスの丈夫でしっかりした生地感。豊富なカラーとサイズ展開の定番Tシャツです。","綿100%","S,M,L,XL,XXL,XXXL","3","1","10","（仮）通常配送","1","0","","6138","ベビーピンク","48","5018","","","","1","0","（仮）","5001-01","ベビーピンク","0576","S","2900000020048","1360"
"__ITEMID__","5001-01","5.6オンス ハイクオリティー Tシャツ〈アダルト〉","","United Athle 5001-01。5.6オンスの丈夫でしっかりした生地感。豊富なカラーとサイズ展開の定番Tシャツです。","綿100%","S,M,L,XL,XXL,XXXL","3","1","10","（仮）通常配送","1","0","","6139","ダークヘザーネイビー","49","5018","","","","1","0","（仮）","5001-01","ダークヘザーネイビー","0584","S","2900000020049","1360"
"__ITEMID__","5001-01","5.6オンス ハイクオリティー Tシャツ〈アダルト〉","","United Athle 5001-01。5.6オンスの丈夫でしっかりした生地感。豊富なカラーとサイズ展開の定番Tシャツです。","綿100%","S,M,L,XL,XXL,XXXL","3","1","10","（仮）通常配送","1","0","","6140","ダークネイビー","50","5018","","","","1","0","（仮）","5001-01","ダークネイビー","0717","S","2900000020050","1360"
"__ITEMID__","5001-01","5.6オンス ハイクオリティー Tシャツ〈アダルト〉","","United Athle 5001-01。5.6オンスの丈夫でしっかりした生地感。豊富なカラーとサイズ展開の定番Tシャツです。","綿100%","S,M,L,XL,XXL,XXXL","3","1","10","（仮）通常配送","1","0","","6141","ヘザーブラック","51","5018","","","","1","0","（仮）","5001-01","ヘザーブラック","0725","S","2900000020051","1360"
"__ITEMID__","5001-01","5.6オンス ハイクオリティー Tシャツ〈アダルト〉","","United Athle 5001-01。5.6オンスの丈夫でしっかりした生地感。豊富なカラーとサイズ展開の定番Tシャツです。","綿100%","S,M,L,XL,XXL,XXXL","3","1","10","（仮）通常配送","1","0","","6142","ライトオリーブ","52","5018","","","","1","0","（仮）","5001-01","ライトオリーブ","0739","S","2900000020052","1360"
"__ITEMID__","5001-01","5.6オンス ハイクオリティー Tシャツ〈アダルト〉","","United Athle 5001-01。5.6オンスの丈夫でしっかりした生地感。豊富なカラーとサイズ展開の定番Tシャツです。","綿100%","S,M,L,XL,XXL,XXXL","3","1","10","（仮）通常配送","1","0","","6143","ヘイジーブラック","53","5018","","","","1","0","（仮）","5001-01","ヘイジーブラック","0933","S","2900000020053","1360"
"__ITEMID__","5001-01","5.6オンス ハイクオリティー Tシャツ〈アダルト〉","","United Athle 5001-01。5.6オンスの丈夫でしっかりした生地感。豊富なカラーとサイズ展開の定番Tシャツです。","綿100%","S,M,L,XL,XXL,XXXL","3","1","10","（仮）通常配送","1","0","","6144","ヘイジーネイビー","54","5018","","","","1","0","（仮）","5001-01","ヘイジーネイビー","0934","S","2900000020054","1360"
"__ITEMID__","5001-01","5.6オンス ハイクオリティー Tシャツ〈アダルト〉","","United Athle 5001-01。5.6オンスの丈夫でしっかりした生地感。豊富なカラーとサイズ展開の定番Tシャツです。","綿100%","S,M,L,XL,XXL,XXXL","3","1","10","（仮）通常配送","1","0","","6145","ヘイジーグリーン","55","5018","","","","1","0","（仮）","5001-01","ヘイジーグリーン","0935","S","2900000020055","1360"
"__ITEMID__","5001-01","5.6オンス ハイクオリティー Tシャツ〈アダルト〉","","United Athle 5001-01。5.6オンスの丈夫でしっかりした生地感。豊富なカラーとサイズ展開の定番Tシャツです。","綿100%","S,M,L,XL,XXL,XXXL","3","1","10","（仮）通常配送","1","0","","6146","グレイッシュパープル","56","5018","","","","1","0","（仮）","5001-01","グレイッシュパープル","0943","S","2900000020056","1360"
"__ITEMID__","5001-01","5.6オンス ハイクオリティー Tシャツ〈アダルト〉","","United Athle 5001-01。5.6オンスの丈夫でしっかりした生地感。豊富なカラーとサイズ展開の定番Tシャツです。","綿100%","S,M,L,XL,XXL,XXXL","3","1","10","（仮）通常配送","1","0","","6147","グレイッシュグリーン","57","5018","","","","1","0","（仮）","5001-01","グレイッシュグリーン","0944","S","2900000020057","1360"
"__ITEMID__","5001-01","5.6オンス ハイクオリティー Tシャツ〈アダルト〉","","United Athle 5001-01。5.6オンスの丈夫でしっかりした生地感。豊富なカラーとサイズ展開の定番Tシャツです。","綿100%","S,M,L,XL,XXL,XXXL","3","1","10","（仮）通常配送","1","0","","6148","グレージュ","58","5018","","","","1","0","（仮）","5001-01","グレージュ","0183","S","2900000020058","1360"
"__ITEMID__","5001-01","5.6オンス ハイクオリティー Tシャツ〈アダルト〉","","United Athle 5001-01。5.6オンスの丈夫でしっかりした生地感。豊富なカラーとサイズ展開の定番Tシャツです。","綿100%","S,M,L,XL,XXL,XXXL","3","1","10","（仮）通常配送","1","0","","6149","ヘイジーパープル","59","5018","","","","1","0","（仮）","5001-01","ヘイジーパープル","0954","S","2900000020059","1360"
"__ITEMID__","5001-01","5.6オンス ハイクオリティー Tシャツ〈アダルト〉","","United Athle 5001-01。5.6オンスの丈夫でしっかりした生地感。豊富なカラーとサイズ展開の定番Tシャツです。","綿100%","S,M,L,XL,XXL,XXXL","3","1","10","（仮）通常配送","1","0","","6150","ヘイジーオレンジ","60","5018","","","","1","0","（仮）","5001-01","ヘイジーオレンジ","0955","S","2900000020060","1360"
"__ITEMID__","5001-01","5.6オンス ハイクオリティー Tシャツ〈アダルト〉","","United Athle 5001-01。5.6オンスの丈夫でしっかりした生地感。豊富なカラーとサイズ展開の定番Tシャツです。","綿100%","S,M,L,XL,XXL,XXXL","3","1","10","（仮）通常配送","1","0","","6151","ヘイジーブルー","61","5018","","","","1","0","（仮）","5001-01","ヘイジーブルー","0956","S","2900000020061","1360"
"__ITEMID__","5001-01","5.6オンス ハイクオリティー Tシャツ〈アダルト〉","","United Athle 5001-01。5.6オンスの丈夫でしっかりした生地感。豊富なカラーとサイズ展開の定番Tシャツです。","綿100%","S,M,L,XL,XXL,XXXL","3","1","10","（仮）通常配送","1","0","","6052","ホワイト","1","5019","","","","1","0","（仮）","5001-01","ホワイト","0001","M","2900000020062","1260"
"__ITEMID__","5001-01","5.6オンス ハイクオリティー Tシャツ〈アダルト〉","","United Athle 5001-01。5.6オンスの丈夫でしっかりした生地感。豊富なカラーとサイズ展開の定番Tシャツです。","綿100%","S,M,L,XL,XXL,XXXL","3","1","10","（仮）通常配送","1","0","","6060","ブラック","2","5019","","","","1","0","（仮）","5001-01","ブラック","0002","M","2900000020063","1360"
"__ITEMID__","5001-01","5.6オンス ハイクオリティー Tシャツ〈アダルト〉","","United Athle 5001-01。5.6オンスの丈夫でしっかりした生地感。豊富なカラーとサイズ展開の定番Tシャツです。","綿100%","S,M,L,XL,XXL,XXXL","3","1","10","（仮）通常配送","1","0","","6054","アッシュ","3","5019","","","","1","0","（仮）","5001-01","アッシュ","0005","M","2900000020064","1360"
"__ITEMID__","5001-01","5.6オンス ハイクオリティー Tシャツ〈アダルト〉","","United Athle 5001-01。5.6オンスの丈夫でしっかりした生地感。豊富なカラーとサイズ展開の定番Tシャツです。","綿100%","S,M,L,XL,XXL,XXXL","3","1","10","（仮）通常配送","1","0","","6115","ミックスグレー","4","5019","","","","1","0","（仮）","5001-01","ミックスグレー","0006","M","2900000020065","1360"
"__ITEMID__","5001-01","5.6オンス ハイクオリティー Tシャツ〈アダルト〉","","United Athle 5001-01。5.6オンスの丈夫でしっかりした生地感。豊富なカラーとサイズ展開の定番Tシャツです。","綿100%","S,M,L,XL,XXL,XXXL","3","1","10","（仮）通常配送","1","0","","6058","チャコール","5","5019","","","","1","0","（仮）","5001-01","チャコール","0007","M","2900000020066","1360"
"__ITEMID__","5001-01","5.6オンス ハイクオリティー Tシャツ〈アダルト〉","","United Athle 5001-01。5.6オンスの丈夫でしっかりした生地感。豊富なカラーとサイズ展開の定番Tシャツです。","綿100%","S,M,L,XL,XXL,XXXL","3","1","10","（仮）通常配送","1","0","","6055","オートミール","6","5019","","","","1","0","（仮）","5001-01","オートミール","0009","M","2900000020067","1360"
"__ITEMID__","5001-01","5.6オンス ハイクオリティー Tシャツ〈アダルト〉","","United Athle 5001-01。5.6オンスの丈夫でしっかりした生地感。豊富なカラーとサイズ展開の定番Tシャツです。","綿100%","S,M,L,XL,XXL,XXXL","3","1","10","（仮）通常配送","1","0","","6116","ライトグレー","7","5019","","","","1","0","（仮）","5001-01","ライトグレー","0010","M","2900000020068","1360"
"__ITEMID__","5001-01","5.6オンス ハイクオリティー Tシャツ〈アダルト〉","","United Athle 5001-01。5.6オンスの丈夫でしっかりした生地感。豊富なカラーとサイズ展開の定番Tシャツです。","綿100%","S,M,L,XL,XXL,XXXL","3","1","10","（仮）通常配送","1","0","","6053","アイボリー","8","5019","","","","1","0","（仮）","5001-01","アイボリー","0016","M","2900000020069","1360"
"__ITEMID__","5001-01","5.6オンス ハイクオリティー Tシャツ〈アダルト〉","","United Athle 5001-01。5.6オンスの丈夫でしっかりした生地感。豊富なカラーとサイズ展開の定番Tシャツです。","綿100%","S,M,L,XL,XXL,XXXL","3","1","10","（仮）通常配送","1","0","","6063","ナチュラル","9","5019","","","","1","0","（仮）","5001-01","ナチュラル","0019","M","2900000020070","1360"
"__ITEMID__","5001-01","5.6オンス ハイクオリティー Tシャツ〈アダルト〉","","United Athle 5001-01。5.6オンスの丈夫でしっかりした生地感。豊富なカラーとサイズ展開の定番Tシャツです。","綿100%","S,M,L,XL,XXL,XXXL","3","1","10","（仮）通常配送","1","0","","6065","イエロー","10","5019","","","","1","0","（仮）","5001-01","イエロー","0021","M","2900000020071","1360"
"__ITEMID__","5001-01","5.6オンス ハイクオリティー Tシャツ〈アダルト〉","","United Athle 5001-01。5.6オンスの丈夫でしっかりした生地感。豊富なカラーとサイズ展開の定番Tシャツです。","綿100%","S,M,L,XL,XXL,XXXL","3","1","10","（仮）通常配送","1","0","","6117","ゴールド","11","5019","","","","1","0","（仮）","5001-01","ゴールド","0022","M","2900000020072","1360"
"__ITEMID__","5001-01","5.6オンス ハイクオリティー Tシャツ〈アダルト〉","","United Athle 5001-01。5.6オンスの丈夫でしっかりした生地感。豊富なカラーとサイズ展開の定番Tシャツです。","綿100%","S,M,L,XL,XXL,XXXL","3","1","10","（仮）通常配送","1","0","","6118","ミントグリーン","12","5019","","","","1","0","（仮）","5001-01","ミントグリーン","0024","M","2900000020073","1360"
"__ITEMID__","5001-01","5.6オンス ハイクオリティー Tシャツ〈アダルト〉","","United Athle 5001-01。5.6オンスの丈夫でしっかりした生地感。豊富なカラーとサイズ展開の定番Tシャツです。","綿100%","S,M,L,XL,XXL,XXXL","3","1","10","（仮）通常配送","1","0","","6093","グリーン","13","5019","","","","1","0","（仮）","5001-01","グリーン","0029","M","2900000020074","1360"
"__ITEMID__","5001-01","5.6オンス ハイクオリティー Tシャツ〈アダルト〉","","United Athle 5001-01。5.6オンスの丈夫でしっかりした生地感。豊富なカラーとサイズ展開の定番Tシャツです。","綿100%","S,M,L,XL,XXL,XXXL","3","1","10","（仮）通常配送","1","0","","6119","シティグリーン","14","5019","","","","1","0","（仮）","5001-01","シティグリーン","0035","M","2900000020075","1360"
"__ITEMID__","5001-01","5.6オンス ハイクオリティー Tシャツ〈アダルト〉","","United Athle 5001-01。5.6オンスの丈夫でしっかりした生地感。豊富なカラーとサイズ展開の定番Tシャツです。","綿100%","S,M,L,XL,XXL,XXXL","3","1","10","（仮）通常配送","1","0","","6120","メロン","15","5019","","","","1","0","（仮）","5001-01","メロン","0037","M","2900000020076","1360"
"__ITEMID__","5001-01","5.6オンス ハイクオリティー Tシャツ〈アダルト〉","","United Athle 5001-01。5.6オンスの丈夫でしっかりした生地感。豊富なカラーとサイズ展開の定番Tシャツです。","綿100%","S,M,L,XL,XXL,XXXL","3","1","10","（仮）通常配送","1","0","","6078","ダークブラウン","16","5019","","","","1","0","（仮）","5001-01","ダークブラウン","0052","M","2900000020077","1360"
"__ITEMID__","5001-01","5.6オンス ハイクオリティー Tシャツ〈アダルト〉","","United Athle 5001-01。5.6オンスの丈夫でしっかりした生地感。豊富なカラーとサイズ展開の定番Tシャツです。","綿100%","S,M,L,XL,XXL,XXXL","3","1","10","（仮）通常配送","1","0","","6062","ライトベージュ","17","5019","","","","1","0","（仮）","5001-01","ライトベージュ","0053","M","2900000020078","1360"
"__ITEMID__","5001-01","5.6オンス ハイクオリティー Tシャツ〈アダルト〉","","United Athle 5001-01。5.6オンスの丈夫でしっかりした生地感。豊富なカラーとサイズ展開の定番Tシャツです。","綿100%","S,M,L,XL,XXL,XXXL","3","1","10","（仮）通常配送","1","0","","6099","パープル","18","5019","","","","1","0","（仮）","5001-01","パープル","0062","M","2900000020079","1360"
"__ITEMID__","5001-01","5.6オンス ハイクオリティー Tシャツ〈アダルト〉","","United Athle 5001-01。5.6オンスの丈夫でしっかりした生地感。豊富なカラーとサイズ展開の定番Tシャツです。","綿100%","S,M,L,XL,XXL,XXXL","3","1","10","（仮）通常配送","1","0","","6067","オレンジ","19","5019","","","","1","0","（仮）","5001-01","オレンジ","0064","M","2900000020080","1360"
"__ITEMID__","5001-01","5.6オンス ハイクオリティー Tシャツ〈アダルト〉","","United Athle 5001-01。5.6オンスの丈夫でしっかりした生地感。豊富なカラーとサイズ展開の定番Tシャツです。","綿100%","S,M,L,XL,XXL,XXXL","3","1","10","（仮）通常配送","1","0","","6073","ピンク","20","5019","","","","1","0","（仮）","5001-01","ピンク","0066","M","2900000020081","1360"
"__ITEMID__","5001-01","5.6オンス ハイクオリティー Tシャツ〈アダルト〉","","United Athle 5001-01。5.6オンスの丈夫でしっかりした生地感。豊富なカラーとサイズ展開の定番Tシャツです。","綿100%","S,M,L,XL,XXL,XXXL","3","1","10","（仮）通常配送","1","0","","6068","レッド","21","5019","","","","1","0","（仮）","5001-01","レッド","0069","M","2900000020082","1360"
"__ITEMID__","5001-01","5.6オンス ハイクオリティー Tシャツ〈アダルト〉","","United Athle 5001-01。5.6オンスの丈夫でしっかりした生地感。豊富なカラーとサイズ展開の定番Tシャツです。","綿100%","S,M,L,XL,XXL,XXXL","3","1","10","（仮）通常配送","1","0","","6075","バーガンディ","22","5019","","","","1","0","（仮）","5001-01","バーガンディ","0072","M","2900000020083","1360"
"__ITEMID__","5001-01","5.6オンス ハイクオリティー Tシャツ〈アダルト〉","","United Athle 5001-01。5.6オンスの丈夫でしっかりした生地感。豊富なカラーとサイズ展開の定番Tシャツです。","綿100%","S,M,L,XL,XXL,XXXL","3","1","10","（仮）通常配送","1","0","","6121","ラベンダー","23","5019","","","","1","0","（仮）","5001-01","ラベンダー","0076","M","2900000020084","1360"
"__ITEMID__","5001-01","5.6オンス ハイクオリティー Tシャツ〈アダルト〉","","United Athle 5001-01。5.6オンスの丈夫でしっかりした生地感。豊富なカラーとサイズ展開の定番Tシャツです。","綿100%","S,M,L,XL,XXL,XXXL","3","1","10","（仮）通常配送","1","0","","6122","サックス","24","5019","","","","1","0","（仮）","5001-01","サックス","0082","M","2900000020085","1360"
"__ITEMID__","5001-01","5.6オンス ハイクオリティー Tシャツ〈アダルト〉","","United Athle 5001-01。5.6オンスの丈夫でしっかりした生地感。豊富なカラーとサイズ展開の定番Tシャツです。","綿100%","S,M,L,XL,XXL,XXXL","3","1","10","（仮）通常配送","1","0","","6123","アクアブルー","25","5019","","","","1","0","（仮）","5001-01","アクアブルー","0083","M","2900000020086","1360"
"__ITEMID__","5001-01","5.6オンス ハイクオリティー Tシャツ〈アダルト〉","","United Athle 5001-01。5.6オンスの丈夫でしっかりした生地感。豊富なカラーとサイズ展開の定番Tシャツです。","綿100%","S,M,L,XL,XXL,XXXL","3","1","10","（仮）通常配送","1","0","","6083","ロイヤルブルー","26","5019","","","","1","0","（仮）","5001-01","ロイヤルブルー","0085","M","2900000020087","1360"
"__ITEMID__","5001-01","5.6オンス ハイクオリティー Tシャツ〈アダルト〉","","United Athle 5001-01。5.6オンスの丈夫でしっかりした生地感。豊富なカラーとサイズ展開の定番Tシャツです。","綿100%","S,M,L,XL,XXL,XXXL","3","1","10","（仮）通常配送","1","0","","6087","ネイビー","27","5019","","","","1","0","（仮）","5001-01","ネイビー","0086","M","2900000020088","1360"
"__ITEMID__","5001-01","5.6オンス ハイクオリティー Tシャツ〈アダルト〉","","United Athle 5001-01。5.6オンスの丈夫でしっかりした生地感。豊富なカラーとサイズ展開の定番Tシャツです。","綿100%","S,M,L,XL,XXL,XXXL","3","1","10","（仮）通常配送","1","0","","6085","インディゴ","28","5019","","","","1","0","（仮）","5001-01","インディゴ","0087","M","2900000020089","1360"
"__ITEMID__","5001-01","5.6オンス ハイクオリティー Tシャツ〈アダルト〉","","United Athle 5001-01。5.6オンスの丈夫でしっかりした生地感。豊富なカラーとサイズ展開の定番Tシャツです。","綿100%","S,M,L,XL,XXL,XXXL","3","1","10","（仮）通常配送","1","0","","6124","スレート","29","5019","","","","1","0","（仮）","5001-01","スレート","0088","M","2900000020090","1360"
"__ITEMID__","5001-01","5.6オンス ハイクオリティー Tシャツ〈アダルト〉","","United Athle 5001-01。5.6オンスの丈夫でしっかりした生地感。豊富なカラーとサイズ展開の定番Tシャツです。","綿100%","S,M,L,XL,XXL,XXXL","3","1","10","（仮）通常配送","1","0","","6125","スミ","30","5019","","","","1","0","（仮）","5001-01","スミ","0165","M","2900000020091","1360"
"__ITEMID__","5001-01","5.6オンス ハイクオリティー Tシャツ〈アダルト〉","","United Athle 5001-01。5.6オンスの丈夫でしっかりした生地感。豊富なカラーとサイズ展開の定番Tシャツです。","綿100%","S,M,L,XL,XXL,XXXL","3","1","10","（仮）通常配送","1","0","","6126","カナリアイエロー","31","5019","","","","1","0","（仮）","5001-01","カナリアイエロー","0190","M","2900000020092","1360"
"__ITEMID__","5001-01","5.6オンス ハイクオリティー Tシャツ〈アダルト〉","","United Athle 5001-01。5.6オンスの丈夫でしっかりした生地感。豊富なカラーとサイズ展開の定番Tシャツです。","綿100%","S,M,L,XL,XXL,XXXL","3","1","10","（仮）通常配送","1","0","","6127","バニラホワイト","32","5019","","","","1","0","（仮）","5001-01","バニラホワイト","0191","M","2900000020093","1360"
"__ITEMID__","5001-01","5.6オンス ハイクオリティー Tシャツ〈アダルト〉","","United Athle 5001-01。5.6オンスの丈夫でしっかりした生地感。豊富なカラーとサイズ展開の定番Tシャツです。","綿100%","S,M,L,XL,XXL,XXXL","3","1","10","（仮）通常配送","1","0","","6128","ハイレッド","33","5019","","","","1","0","（仮）","5001-01","ハイレッド","0232","M","2900000020094","1360"
"__ITEMID__","5001-01","5.6オンス ハイクオリティー Tシャツ〈アダルト〉","","United Athle 5001-01。5.6オンスの丈夫でしっかりした生地感。豊富なカラーとサイズ展開の定番Tシャツです。","綿100%","S,M,L,XL,XXL,XXXL","3","1","10","（仮）通常配送","1","0","","6080","アシッドブルー","34","5019","","","","1","0","（仮）","5001-01","アシッドブルー","0247","M","2900000020095","1360"
"__ITEMID__","5001-01","5.6オンス ハイクオリティー Tシャツ〈アダルト〉","","United Athle 5001-01。5.6オンスの丈夫でしっかりした生地感。豊富なカラーとサイズ展開の定番Tシャツです。","綿100%","S,M,L,XL,XXL,XXXL","3","1","10","（仮）通常配送","1","0","","6129","バナナ","35","5019","","","","1","0","（仮）","5001-01","バナナ","0369","M","2900000020096","1360"
"__ITEMID__","5001-01","5.6オンス ハイクオリティー Tシャツ〈アダルト〉","","United Athle 5001-01。5.6オンスの丈夫でしっかりした生地感。豊富なカラーとサイズ展開の定番Tシャツです。","綿100%","S,M,L,XL,XXL,XXXL","3","1","10","（仮）通常配送","1","0","","6130","ライトイエロー","36","5019","","","","1","0","（仮）","5001-01","ライトイエロー","0487","M","2900000020097","1360"
"__ITEMID__","5001-01","5.6オンス ハイクオリティー Tシャツ〈アダルト〉","","United Athle 5001-01。5.6オンスの丈夫でしっかりした生地感。豊富なカラーとサイズ展開の定番Tシャツです。","綿100%","S,M,L,XL,XXL,XXXL","3","1","10","（仮）通常配送","1","0","","6079","ライトブルー","37","5019","","","","1","0","（仮）","5001-01","ライトブルー","0488","M","2900000020098","1360"
"__ITEMID__","5001-01","5.6オンス ハイクオリティー Tシャツ〈アダルト〉","","United Athle 5001-01。5.6オンスの丈夫でしっかりした生地感。豊富なカラーとサイズ展開の定番Tシャツです。","綿100%","S,M,L,XL,XXL,XXXL","3","1","10","（仮）通常配送","1","0","","6098","ライトパープル","38","5019","","","","1","0","（仮）","5001-01","ライトパープル","0494","M","2900000020099","1360"
"__ITEMID__","5001-01","5.6オンス ハイクオリティー Tシャツ〈アダルト〉","","United Athle 5001-01。5.6オンスの丈夫でしっかりした生地感。豊富なカラーとサイズ展開の定番Tシャツです。","綿100%","S,M,L,XL,XXL,XXXL","3","1","10","（仮）通常配送","1","0","","6071","ライトピンク","39","5019","","","","1","0","（仮）","5001-01","ライトピンク","0495","M","2900000020100","1360"
"__ITEMID__","5001-01","5.6オンス ハイクオリティー Tシャツ〈アダルト〉","","United Athle 5001-01。5.6オンスの丈夫でしっかりした生地感。豊富なカラーとサイズ展開の定番Tシャツです。","綿100%","S,M,L,XL,XXL,XXXL","3","1","10","（仮）通常配送","1","0","","6094","アイビーグリーン","40","5019","","","","1","0","（仮）","5001-01","アイビーグリーン","0497","M","2900000020101","1360"
"__ITEMID__","5001-01","5.6オンス ハイクオリティー Tシャツ〈アダルト〉","","United Athle 5001-01。5.6オンスの丈夫でしっかりした生地感。豊富なカラーとサイズ展開の定番Tシャツです。","綿100%","S,M,L,XL,XXL,XXXL","3","1","10","（仮）通常配送","1","0","","6131","トロピカルピンク","41","5019","","","","1","0","（仮）","5001-01","トロピカルピンク","0511","M","2900000020102","1360"
"__ITEMID__","5001-01","5.6オンス ハイクオリティー Tシャツ〈アダルト〉","","United Athle 5001-01。5.6オンスの丈夫でしっかりした生地感。豊富なカラーとサイズ展開の定番Tシャツです。","綿100%","S,M,L,XL,XXL,XXXL","3","1","10","（仮）通常配送","1","0","","6132","サンドカーキ","42","5019","","","","1","0","（仮）","5001-01","サンドカーキ","0537","M","2900000020103","1360"
"__ITEMID__","5001-01","5.6オンス ハイクオリティー Tシャツ〈アダルト〉","","United Athle 5001-01。5.6オンスの丈夫でしっかりした生地感。豊富なカラーとサイズ展開の定番Tシャツです。","綿100%","S,M,L,XL,XXL,XXXL","3","1","10","（仮）通常配送","1","0","","6133","ターコイズブルー","43","5019","","","","1","0","（仮）","5001-01","ターコイズブルー","0538","M","2900000020104","1360"
"__ITEMID__","5001-01","5.6オンス ハイクオリティー Tシャツ〈アダルト〉","","United Athle 5001-01。5.6オンスの丈夫でしっかりした生地感。豊富なカラーとサイズ展開の定番Tシャツです。","綿100%","S,M,L,XL,XXL,XXXL","3","1","10","（仮）通常配送","1","0","","6134","バイオレットパープル","44","5019","","","","1","0","（仮）","5001-01","バイオレットパープル","0539","M","2900000020105","1360"
"__ITEMID__","5001-01","5.6オンス ハイクオリティー Tシャツ〈アダルト〉","","United Athle 5001-01。5.6オンスの丈夫でしっかりした生地感。豊富なカラーとサイズ展開の定番Tシャツです。","綿100%","S,M,L,XL,XXL,XXXL","3","1","10","（仮）通常配送","1","0","","6135","サンドベージュ","45","5019","","","","1","0","（仮）","5001-01","サンドベージュ","0545","M","2900000020106","1360"
"__ITEMID__","5001-01","5.6オンス ハイクオリティー Tシャツ〈アダルト〉","","United Athle 5001-01。5.6オンスの丈夫でしっかりした生地感。豊富なカラーとサイズ展開の定番Tシャツです。","綿100%","S,M,L,XL,XXL,XXXL","3","1","10","（仮）通常配送","1","0","","6136","アプリコット","46","5019","","","","1","0","（仮）","5001-01","アプリコット","0574","M","2900000020107","1360"
"__ITEMID__","5001-01","5.6オンス ハイクオリティー Tシャツ〈アダルト〉","","United Athle 5001-01。5.6オンスの丈夫でしっかりした生地感。豊富なカラーとサイズ展開の定番Tシャツです。","綿100%","S,M,L,XL,XXL,XXXL","3","1","10","（仮）通常配送","1","0","","6137","アップルグリーン","47","5019","","","","1","0","（仮）","5001-01","アップルグリーン","0575","M","2900000020108","1360"
"__ITEMID__","5001-01","5.6オンス ハイクオリティー Tシャツ〈アダルト〉","","United Athle 5001-01。5.6オンスの丈夫でしっかりした生地感。豊富なカラーとサイズ展開の定番Tシャツです。","綿100%","S,M,L,XL,XXL,XXXL","3","1","10","（仮）通常配送","1","0","","6138","ベビーピンク","48","5019","","","","1","0","（仮）","5001-01","ベビーピンク","0576","M","2900000020109","1360"
"__ITEMID__","5001-01","5.6オンス ハイクオリティー Tシャツ〈アダルト〉","","United Athle 5001-01。5.6オンスの丈夫でしっかりした生地感。豊富なカラーとサイズ展開の定番Tシャツです。","綿100%","S,M,L,XL,XXL,XXXL","3","1","10","（仮）通常配送","1","0","","6139","ダークヘザーネイビー","49","5019","","","","1","0","（仮）","5001-01","ダークヘザーネイビー","0584","M","2900000020110","1360"
"__ITEMID__","5001-01","5.6オンス ハイクオリティー Tシャツ〈アダルト〉","","United Athle 5001-01。5.6オンスの丈夫でしっかりした生地感。豊富なカラーとサイズ展開の定番Tシャツです。","綿100%","S,M,L,XL,XXL,XXXL","3","1","10","（仮）通常配送","1","0","","6140","ダークネイビー","50","5019","","","","1","0","（仮）","5001-01","ダークネイビー","0717","M","2900000020111","1360"
"__ITEMID__","5001-01","5.6オンス ハイクオリティー Tシャツ〈アダルト〉","","United Athle 5001-01。5.6オンスの丈夫でしっかりした生地感。豊富なカラーとサイズ展開の定番Tシャツです。","綿100%","S,M,L,XL,XXL,XXXL","3","1","10","（仮）通常配送","1","0","","6141","ヘザーブラック","51","5019","","","","1","0","（仮）","5001-01","ヘザーブラック","0725","M","2900000020112","1360"
"__ITEMID__","5001-01","5.6オンス ハイクオリティー Tシャツ〈アダルト〉","","United Athle 5001-01。5.6オンスの丈夫でしっかりした生地感。豊富なカラーとサイズ展開の定番Tシャツです。","綿100%","S,M,L,XL,XXL,XXXL","3","1","10","（仮）通常配送","1","0","","6142","ライトオリーブ","52","5019","","","","1","0","（仮）","5001-01","ライトオリーブ","0739","M","2900000020113","1360"
"__ITEMID__","5001-01","5.6オンス ハイクオリティー Tシャツ〈アダルト〉","","United Athle 5001-01。5.6オンスの丈夫でしっかりした生地感。豊富なカラーとサイズ展開の定番Tシャツです。","綿100%","S,M,L,XL,XXL,XXXL","3","1","10","（仮）通常配送","1","0","","6143","ヘイジーブラック","53","5019","","","","1","0","（仮）","5001-01","ヘイジーブラック","0933","M","2900000020114","1360"
"__ITEMID__","5001-01","5.6オンス ハイクオリティー Tシャツ〈アダルト〉","","United Athle 5001-01。5.6オンスの丈夫でしっかりした生地感。豊富なカラーとサイズ展開の定番Tシャツです。","綿100%","S,M,L,XL,XXL,XXXL","3","1","10","（仮）通常配送","1","0","","6144","ヘイジーネイビー","54","5019","","","","1","0","（仮）","5001-01","ヘイジーネイビー","0934","M","2900000020115","1360"
"__ITEMID__","5001-01","5.6オンス ハイクオリティー Tシャツ〈アダルト〉","","United Athle 5001-01。5.6オンスの丈夫でしっかりした生地感。豊富なカラーとサイズ展開の定番Tシャツです。","綿100%","S,M,L,XL,XXL,XXXL","3","1","10","（仮）通常配送","1","0","","6145","ヘイジーグリーン","55","5019","","","","1","0","（仮）","5001-01","ヘイジーグリーン","0935","M","2900000020116","1360"
"__ITEMID__","5001-01","5.6オンス ハイクオリティー Tシャツ〈アダルト〉","","United Athle 5001-01。5.6オンスの丈夫でしっかりした生地感。豊富なカラーとサイズ展開の定番Tシャツです。","綿100%","S,M,L,XL,XXL,XXXL","3","1","10","（仮）通常配送","1","0","","6146","グレイッシュパープル","56","5019","","","","1","0","（仮）","5001-01","グレイッシュパープル","0943","M","2900000020117","1360"
"__ITEMID__","5001-01","5.6オンス ハイクオリティー Tシャツ〈アダルト〉","","United Athle 5001-01。5.6オンスの丈夫でしっかりした生地感。豊富なカラーとサイズ展開の定番Tシャツです。","綿100%","S,M,L,XL,XXL,XXXL","3","1","10","（仮）通常配送","1","0","","6147","グレイッシュグリーン","57","5019","","","","1","0","（仮）","5001-01","グレイッシュグリーン","0944","M","2900000020118","1360"
"__ITEMID__","5001-01","5.6オンス ハイクオリティー Tシャツ〈アダルト〉","","United Athle 5001-01。5.6オンスの丈夫でしっかりした生地感。豊富なカラーとサイズ展開の定番Tシャツです。","綿100%","S,M,L,XL,XXL,XXXL","3","1","10","（仮）通常配送","1","0","","6148","グレージュ","58","5019","","","","1","0","（仮）","5001-01","グレージュ","0183","M","2900000020119","1360"
"__ITEMID__","5001-01","5.6オンス ハイクオリティー Tシャツ〈アダルト〉","","United Athle 5001-01。5.6オンスの丈夫でしっかりした生地感。豊富なカラーとサイズ展開の定番Tシャツです。","綿100%","S,M,L,XL,XXL,XXXL","3","1","10","（仮）通常配送","1","0","","6149","ヘイジーパープル","59","5019","","","","1","0","（仮）","5001-01","ヘイジーパープル","0954","M","2900000020120","1360"
"__ITEMID__","5001-01","5.6オンス ハイクオリティー Tシャツ〈アダルト〉","","United Athle 5001-01。5.6オンスの丈夫でしっかりした生地感。豊富なカラーとサイズ展開の定番Tシャツです。","綿100%","S,M,L,XL,XXL,XXXL","3","1","10","（仮）通常配送","1","0","","6150","ヘイジーオレンジ","60","5019","","","","1","0","（仮）","5001-01","ヘイジーオレンジ","0955","M","2900000020121","1360"
"__ITEMID__","5001-01","5.6オンス ハイクオリティー Tシャツ〈アダルト〉","","United Athle 5001-01。5.6オンスの丈夫でしっかりした生地感。豊富なカラーとサイズ展開の定番Tシャツです。","綿100%","S,M,L,XL,XXL,XXXL","3","1","10","（仮）通常配送","1","0","","6151","ヘイジーブルー","61","5019","","","","1","0","（仮）","5001-01","ヘイジーブルー","0956","M","2900000020122","1360"
"__ITEMID__","5001-01","5.6オンス ハイクオリティー Tシャツ〈アダルト〉","","United Athle 5001-01。5.6オンスの丈夫でしっかりした生地感。豊富なカラーとサイズ展開の定番Tシャツです。","綿100%","S,M,L,XL,XXL,XXXL","3","1","10","（仮）通常配送","1","0","","6052","ホワイト","1","5020","","","","1","0","（仮）","5001-01","ホワイト","0001","L","2900000020123","1260"
"__ITEMID__","5001-01","5.6オンス ハイクオリティー Tシャツ〈アダルト〉","","United Athle 5001-01。5.6オンスの丈夫でしっかりした生地感。豊富なカラーとサイズ展開の定番Tシャツです。","綿100%","S,M,L,XL,XXL,XXXL","3","1","10","（仮）通常配送","1","0","","6060","ブラック","2","5020","","","","1","0","（仮）","5001-01","ブラック","0002","L","2900000020124","1360"
"__ITEMID__","5001-01","5.6オンス ハイクオリティー Tシャツ〈アダルト〉","","United Athle 5001-01。5.6オンスの丈夫でしっかりした生地感。豊富なカラーとサイズ展開の定番Tシャツです。","綿100%","S,M,L,XL,XXL,XXXL","3","1","10","（仮）通常配送","1","0","","6054","アッシュ","3","5020","","","","1","0","（仮）","5001-01","アッシュ","0005","L","2900000020125","1360"
"__ITEMID__","5001-01","5.6オンス ハイクオリティー Tシャツ〈アダルト〉","","United Athle 5001-01。5.6オンスの丈夫でしっかりした生地感。豊富なカラーとサイズ展開の定番Tシャツです。","綿100%","S,M,L,XL,XXL,XXXL","3","1","10","（仮）通常配送","1","0","","6115","ミックスグレー","4","5020","","","","1","0","（仮）","5001-01","ミックスグレー","0006","L","2900000020126","1360"
"__ITEMID__","5001-01","5.6オンス ハイクオリティー Tシャツ〈アダルト〉","","United Athle 5001-01。5.6オンスの丈夫でしっかりした生地感。豊富なカラーとサイズ展開の定番Tシャツです。","綿100%","S,M,L,XL,XXL,XXXL","3","1","10","（仮）通常配送","1","0","","6058","チャコール","5","5020","","","","1","0","（仮）","5001-01","チャコール","0007","L","2900000020127","1360"
"__ITEMID__","5001-01","5.6オンス ハイクオリティー Tシャツ〈アダルト〉","","United Athle 5001-01。5.6オンスの丈夫でしっかりした生地感。豊富なカラーとサイズ展開の定番Tシャツです。","綿100%","S,M,L,XL,XXL,XXXL","3","1","10","（仮）通常配送","1","0","","6055","オートミール","6","5020","","","","1","0","（仮）","5001-01","オートミール","0009","L","2900000020128","1360"
"__ITEMID__","5001-01","5.6オンス ハイクオリティー Tシャツ〈アダルト〉","","United Athle 5001-01。5.6オンスの丈夫でしっかりした生地感。豊富なカラーとサイズ展開の定番Tシャツです。","綿100%","S,M,L,XL,XXL,XXXL","3","1","10","（仮）通常配送","1","0","","6116","ライトグレー","7","5020","","","","1","0","（仮）","5001-01","ライトグレー","0010","L","2900000020129","1360"
"__ITEMID__","5001-01","5.6オンス ハイクオリティー Tシャツ〈アダルト〉","","United Athle 5001-01。5.6オンスの丈夫でしっかりした生地感。豊富なカラーとサイズ展開の定番Tシャツです。","綿100%","S,M,L,XL,XXL,XXXL","3","1","10","（仮）通常配送","1","0","","6053","アイボリー","8","5020","","","","1","0","（仮）","5001-01","アイボリー","0016","L","2900000020130","1360"
"__ITEMID__","5001-01","5.6オンス ハイクオリティー Tシャツ〈アダルト〉","","United Athle 5001-01。5.6オンスの丈夫でしっかりした生地感。豊富なカラーとサイズ展開の定番Tシャツです。","綿100%","S,M,L,XL,XXL,XXXL","3","1","10","（仮）通常配送","1","0","","6063","ナチュラル","9","5020","","","","1","0","（仮）","5001-01","ナチュラル","0019","L","2900000020131","1360"
"__ITEMID__","5001-01","5.6オンス ハイクオリティー Tシャツ〈アダルト〉","","United Athle 5001-01。5.6オンスの丈夫でしっかりした生地感。豊富なカラーとサイズ展開の定番Tシャツです。","綿100%","S,M,L,XL,XXL,XXXL","3","1","10","（仮）通常配送","1","0","","6065","イエロー","10","5020","","","","1","0","（仮）","5001-01","イエロー","0021","L","2900000020132","1360"
"__ITEMID__","5001-01","5.6オンス ハイクオリティー Tシャツ〈アダルト〉","","United Athle 5001-01。5.6オンスの丈夫でしっかりした生地感。豊富なカラーとサイズ展開の定番Tシャツです。","綿100%","S,M,L,XL,XXL,XXXL","3","1","10","（仮）通常配送","1","0","","6117","ゴールド","11","5020","","","","1","0","（仮）","5001-01","ゴールド","0022","L","2900000020133","1360"
"__ITEMID__","5001-01","5.6オンス ハイクオリティー Tシャツ〈アダルト〉","","United Athle 5001-01。5.6オンスの丈夫でしっかりした生地感。豊富なカラーとサイズ展開の定番Tシャツです。","綿100%","S,M,L,XL,XXL,XXXL","3","1","10","（仮）通常配送","1","0","","6118","ミントグリーン","12","5020","","","","1","0","（仮）","5001-01","ミントグリーン","0024","L","2900000020134","1360"
"__ITEMID__","5001-01","5.6オンス ハイクオリティー Tシャツ〈アダルト〉","","United Athle 5001-01。5.6オンスの丈夫でしっかりした生地感。豊富なカラーとサイズ展開の定番Tシャツです。","綿100%","S,M,L,XL,XXL,XXXL","3","1","10","（仮）通常配送","1","0","","6093","グリーン","13","5020","","","","1","0","（仮）","5001-01","グリーン","0029","L","2900000020135","1360"
"__ITEMID__","5001-01","5.6オンス ハイクオリティー Tシャツ〈アダルト〉","","United Athle 5001-01。5.6オンスの丈夫でしっかりした生地感。豊富なカラーとサイズ展開の定番Tシャツです。","綿100%","S,M,L,XL,XXL,XXXL","3","1","10","（仮）通常配送","1","0","","6119","シティグリーン","14","5020","","","","1","0","（仮）","5001-01","シティグリーン","0035","L","2900000020136","1360"
"__ITEMID__","5001-01","5.6オンス ハイクオリティー Tシャツ〈アダルト〉","","United Athle 5001-01。5.6オンスの丈夫でしっかりした生地感。豊富なカラーとサイズ展開の定番Tシャツです。","綿100%","S,M,L,XL,XXL,XXXL","3","1","10","（仮）通常配送","1","0","","6120","メロン","15","5020","","","","1","0","（仮）","5001-01","メロン","0037","L","2900000020137","1360"
"__ITEMID__","5001-01","5.6オンス ハイクオリティー Tシャツ〈アダルト〉","","United Athle 5001-01。5.6オンスの丈夫でしっかりした生地感。豊富なカラーとサイズ展開の定番Tシャツです。","綿100%","S,M,L,XL,XXL,XXXL","3","1","10","（仮）通常配送","1","0","","6078","ダークブラウン","16","5020","","","","1","0","（仮）","5001-01","ダークブラウン","0052","L","2900000020138","1360"
"__ITEMID__","5001-01","5.6オンス ハイクオリティー Tシャツ〈アダルト〉","","United Athle 5001-01。5.6オンスの丈夫でしっかりした生地感。豊富なカラーとサイズ展開の定番Tシャツです。","綿100%","S,M,L,XL,XXL,XXXL","3","1","10","（仮）通常配送","1","0","","6062","ライトベージュ","17","5020","","","","1","0","（仮）","5001-01","ライトベージュ","0053","L","2900000020139","1360"
"__ITEMID__","5001-01","5.6オンス ハイクオリティー Tシャツ〈アダルト〉","","United Athle 5001-01。5.6オンスの丈夫でしっかりした生地感。豊富なカラーとサイズ展開の定番Tシャツです。","綿100%","S,M,L,XL,XXL,XXXL","3","1","10","（仮）通常配送","1","0","","6099","パープル","18","5020","","","","1","0","（仮）","5001-01","パープル","0062","L","2900000020140","1360"
"__ITEMID__","5001-01","5.6オンス ハイクオリティー Tシャツ〈アダルト〉","","United Athle 5001-01。5.6オンスの丈夫でしっかりした生地感。豊富なカラーとサイズ展開の定番Tシャツです。","綿100%","S,M,L,XL,XXL,XXXL","3","1","10","（仮）通常配送","1","0","","6067","オレンジ","19","5020","","","","1","0","（仮）","5001-01","オレンジ","0064","L","2900000020141","1360"
"__ITEMID__","5001-01","5.6オンス ハイクオリティー Tシャツ〈アダルト〉","","United Athle 5001-01。5.6オンスの丈夫でしっかりした生地感。豊富なカラーとサイズ展開の定番Tシャツです。","綿100%","S,M,L,XL,XXL,XXXL","3","1","10","（仮）通常配送","1","0","","6073","ピンク","20","5020","","","","1","0","（仮）","5001-01","ピンク","0066","L","2900000020142","1360"
"__ITEMID__","5001-01","5.6オンス ハイクオリティー Tシャツ〈アダルト〉","","United Athle 5001-01。5.6オンスの丈夫でしっかりした生地感。豊富なカラーとサイズ展開の定番Tシャツです。","綿100%","S,M,L,XL,XXL,XXXL","3","1","10","（仮）通常配送","1","0","","6068","レッド","21","5020","","","","1","0","（仮）","5001-01","レッド","0069","L","2900000020143","1360"
"__ITEMID__","5001-01","5.6オンス ハイクオリティー Tシャツ〈アダルト〉","","United Athle 5001-01。5.6オンスの丈夫でしっかりした生地感。豊富なカラーとサイズ展開の定番Tシャツです。","綿100%","S,M,L,XL,XXL,XXXL","3","1","10","（仮）通常配送","1","0","","6075","バーガンディ","22","5020","","","","1","0","（仮）","5001-01","バーガンディ","0072","L","2900000020144","1360"
"__ITEMID__","5001-01","5.6オンス ハイクオリティー Tシャツ〈アダルト〉","","United Athle 5001-01。5.6オンスの丈夫でしっかりした生地感。豊富なカラーとサイズ展開の定番Tシャツです。","綿100%","S,M,L,XL,XXL,XXXL","3","1","10","（仮）通常配送","1","0","","6121","ラベンダー","23","5020","","","","1","0","（仮）","5001-01","ラベンダー","0076","L","2900000020145","1360"
"__ITEMID__","5001-01","5.6オンス ハイクオリティー Tシャツ〈アダルト〉","","United Athle 5001-01。5.6オンスの丈夫でしっかりした生地感。豊富なカラーとサイズ展開の定番Tシャツです。","綿100%","S,M,L,XL,XXL,XXXL","3","1","10","（仮）通常配送","1","0","","6122","サックス","24","5020","","","","1","0","（仮）","5001-01","サックス","0082","L","2900000020146","1360"
"__ITEMID__","5001-01","5.6オンス ハイクオリティー Tシャツ〈アダルト〉","","United Athle 5001-01。5.6オンスの丈夫でしっかりした生地感。豊富なカラーとサイズ展開の定番Tシャツです。","綿100%","S,M,L,XL,XXL,XXXL","3","1","10","（仮）通常配送","1","0","","6123","アクアブルー","25","5020","","","","1","0","（仮）","5001-01","アクアブルー","0083","L","2900000020147","1360"
"__ITEMID__","5001-01","5.6オンス ハイクオリティー Tシャツ〈アダルト〉","","United Athle 5001-01。5.6オンスの丈夫でしっかりした生地感。豊富なカラーとサイズ展開の定番Tシャツです。","綿100%","S,M,L,XL,XXL,XXXL","3","1","10","（仮）通常配送","1","0","","6083","ロイヤルブルー","26","5020","","","","1","0","（仮）","5001-01","ロイヤルブルー","0085","L","2900000020148","1360"
"__ITEMID__","5001-01","5.6オンス ハイクオリティー Tシャツ〈アダルト〉","","United Athle 5001-01。5.6オンスの丈夫でしっかりした生地感。豊富なカラーとサイズ展開の定番Tシャツです。","綿100%","S,M,L,XL,XXL,XXXL","3","1","10","（仮）通常配送","1","0","","6087","ネイビー","27","5020","","","","1","0","（仮）","5001-01","ネイビー","0086","L","2900000020149","1360"
"__ITEMID__","5001-01","5.6オンス ハイクオリティー Tシャツ〈アダルト〉","","United Athle 5001-01。5.6オンスの丈夫でしっかりした生地感。豊富なカラーとサイズ展開の定番Tシャツです。","綿100%","S,M,L,XL,XXL,XXXL","3","1","10","（仮）通常配送","1","0","","6085","インディゴ","28","5020","","","","1","0","（仮）","5001-01","インディゴ","0087","L","2900000020150","1360"
"__ITEMID__","5001-01","5.6オンス ハイクオリティー Tシャツ〈アダルト〉","","United Athle 5001-01。5.6オンスの丈夫でしっかりした生地感。豊富なカラーとサイズ展開の定番Tシャツです。","綿100%","S,M,L,XL,XXL,XXXL","3","1","10","（仮）通常配送","1","0","","6124","スレート","29","5020","","","","1","0","（仮）","5001-01","スレート","0088","L","2900000020151","1360"
"__ITEMID__","5001-01","5.6オンス ハイクオリティー Tシャツ〈アダルト〉","","United Athle 5001-01。5.6オンスの丈夫でしっかりした生地感。豊富なカラーとサイズ展開の定番Tシャツです。","綿100%","S,M,L,XL,XXL,XXXL","3","1","10","（仮）通常配送","1","0","","6125","スミ","30","5020","","","","1","0","（仮）","5001-01","スミ","0165","L","2900000020152","1360"
"__ITEMID__","5001-01","5.6オンス ハイクオリティー Tシャツ〈アダルト〉","","United Athle 5001-01。5.6オンスの丈夫でしっかりした生地感。豊富なカラーとサイズ展開の定番Tシャツです。","綿100%","S,M,L,XL,XXL,XXXL","3","1","10","（仮）通常配送","1","0","","6126","カナリアイエロー","31","5020","","","","1","0","（仮）","5001-01","カナリアイエロー","0190","L","2900000020153","1360"
"__ITEMID__","5001-01","5.6オンス ハイクオリティー Tシャツ〈アダルト〉","","United Athle 5001-01。5.6オンスの丈夫でしっかりした生地感。豊富なカラーとサイズ展開の定番Tシャツです。","綿100%","S,M,L,XL,XXL,XXXL","3","1","10","（仮）通常配送","1","0","","6127","バニラホワイト","32","5020","","","","1","0","（仮）","5001-01","バニラホワイト","0191","L","2900000020154","1360"
"__ITEMID__","5001-01","5.6オンス ハイクオリティー Tシャツ〈アダルト〉","","United Athle 5001-01。5.6オンスの丈夫でしっかりした生地感。豊富なカラーとサイズ展開の定番Tシャツです。","綿100%","S,M,L,XL,XXL,XXXL","3","1","10","（仮）通常配送","1","0","","6128","ハイレッド","33","5020","","","","1","0","（仮）","5001-01","ハイレッド","0232","L","2900000020155","1360"
"__ITEMID__","5001-01","5.6オンス ハイクオリティー Tシャツ〈アダルト〉","","United Athle 5001-01。5.6オンスの丈夫でしっかりした生地感。豊富なカラーとサイズ展開の定番Tシャツです。","綿100%","S,M,L,XL,XXL,XXXL","3","1","10","（仮）通常配送","1","0","","6080","アシッドブルー","34","5020","","","","1","0","（仮）","5001-01","アシッドブルー","0247","L","2900000020156","1360"
"__ITEMID__","5001-01","5.6オンス ハイクオリティー Tシャツ〈アダルト〉","","United Athle 5001-01。5.6オンスの丈夫でしっかりした生地感。豊富なカラーとサイズ展開の定番Tシャツです。","綿100%","S,M,L,XL,XXL,XXXL","3","1","10","（仮）通常配送","1","0","","6129","バナナ","35","5020","","","","1","0","（仮）","5001-01","バナナ","0369","L","2900000020157","1360"
"__ITEMID__","5001-01","5.6オンス ハイクオリティー Tシャツ〈アダルト〉","","United Athle 5001-01。5.6オンスの丈夫でしっかりした生地感。豊富なカラーとサイズ展開の定番Tシャツです。","綿100%","S,M,L,XL,XXL,XXXL","3","1","10","（仮）通常配送","1","0","","6130","ライトイエロー","36","5020","","","","1","0","（仮）","5001-01","ライトイエロー","0487","L","2900000020158","1360"
"__ITEMID__","5001-01","5.6オンス ハイクオリティー Tシャツ〈アダルト〉","","United Athle 5001-01。5.6オンスの丈夫でしっかりした生地感。豊富なカラーとサイズ展開の定番Tシャツです。","綿100%","S,M,L,XL,XXL,XXXL","3","1","10","（仮）通常配送","1","0","","6079","ライトブルー","37","5020","","","","1","0","（仮）","5001-01","ライトブルー","0488","L","2900000020159","1360"
"__ITEMID__","5001-01","5.6オンス ハイクオリティー Tシャツ〈アダルト〉","","United Athle 5001-01。5.6オンスの丈夫でしっかりした生地感。豊富なカラーとサイズ展開の定番Tシャツです。","綿100%","S,M,L,XL,XXL,XXXL","3","1","10","（仮）通常配送","1","0","","6098","ライトパープル","38","5020","","","","1","0","（仮）","5001-01","ライトパープル","0494","L","2900000020160","1360"
"__ITEMID__","5001-01","5.6オンス ハイクオリティー Tシャツ〈アダルト〉","","United Athle 5001-01。5.6オンスの丈夫でしっかりした生地感。豊富なカラーとサイズ展開の定番Tシャツです。","綿100%","S,M,L,XL,XXL,XXXL","3","1","10","（仮）通常配送","1","0","","6071","ライトピンク","39","5020","","","","1","0","（仮）","5001-01","ライトピンク","0495","L","2900000020161","1360"
"__ITEMID__","5001-01","5.6オンス ハイクオリティー Tシャツ〈アダルト〉","","United Athle 5001-01。5.6オンスの丈夫でしっかりした生地感。豊富なカラーとサイズ展開の定番Tシャツです。","綿100%","S,M,L,XL,XXL,XXXL","3","1","10","（仮）通常配送","1","0","","6094","アイビーグリーン","40","5020","","","","1","0","（仮）","5001-01","アイビーグリーン","0497","L","2900000020162","1360"
"__ITEMID__","5001-01","5.6オンス ハイクオリティー Tシャツ〈アダルト〉","","United Athle 5001-01。5.6オンスの丈夫でしっかりした生地感。豊富なカラーとサイズ展開の定番Tシャツです。","綿100%","S,M,L,XL,XXL,XXXL","3","1","10","（仮）通常配送","1","0","","6131","トロピカルピンク","41","5020","","","","1","0","（仮）","5001-01","トロピカルピンク","0511","L","2900000020163","1360"
"__ITEMID__","5001-01","5.6オンス ハイクオリティー Tシャツ〈アダルト〉","","United Athle 5001-01。5.6オンスの丈夫でしっかりした生地感。豊富なカラーとサイズ展開の定番Tシャツです。","綿100%","S,M,L,XL,XXL,XXXL","3","1","10","（仮）通常配送","1","0","","6132","サンドカーキ","42","5020","","","","1","0","（仮）","5001-01","サンドカーキ","0537","L","2900000020164","1360"
"__ITEMID__","5001-01","5.6オンス ハイクオリティー Tシャツ〈アダルト〉","","United Athle 5001-01。5.6オンスの丈夫でしっかりした生地感。豊富なカラーとサイズ展開の定番Tシャツです。","綿100%","S,M,L,XL,XXL,XXXL","3","1","10","（仮）通常配送","1","0","","6133","ターコイズブルー","43","5020","","","","1","0","（仮）","5001-01","ターコイズブルー","0538","L","2900000020165","1360"
"__ITEMID__","5001-01","5.6オンス ハイクオリティー Tシャツ〈アダルト〉","","United Athle 5001-01。5.6オンスの丈夫でしっかりした生地感。豊富なカラーとサイズ展開の定番Tシャツです。","綿100%","S,M,L,XL,XXL,XXXL","3","1","10","（仮）通常配送","1","0","","6134","バイオレットパープル","44","5020","","","","1","0","（仮）","5001-01","バイオレットパープル","0539","L","2900000020166","1360"
"__ITEMID__","5001-01","5.6オンス ハイクオリティー Tシャツ〈アダルト〉","","United Athle 5001-01。5.6オンスの丈夫でしっかりした生地感。豊富なカラーとサイズ展開の定番Tシャツです。","綿100%","S,M,L,XL,XXL,XXXL","3","1","10","（仮）通常配送","1","0","","6135","サンドベージュ","45","5020","","","","1","0","（仮）","5001-01","サンドベージュ","0545","L","2900000020167","1360"
"__ITEMID__","5001-01","5.6オンス ハイクオリティー Tシャツ〈アダルト〉","","United Athle 5001-01。5.6オンスの丈夫でしっかりした生地感。豊富なカラーとサイズ展開の定番Tシャツです。","綿100%","S,M,L,XL,XXL,XXXL","3","1","10","（仮）通常配送","1","0","","6136","アプリコット","46","5020","","","","1","0","（仮）","5001-01","アプリコット","0574","L","2900000020168","1360"
"__ITEMID__","5001-01","5.6オンス ハイクオリティー Tシャツ〈アダルト〉","","United Athle 5001-01。5.6オンスの丈夫でしっかりした生地感。豊富なカラーとサイズ展開の定番Tシャツです。","綿100%","S,M,L,XL,XXL,XXXL","3","1","10","（仮）通常配送","1","0","","6137","アップルグリーン","47","5020","","","","1","0","（仮）","5001-01","アップルグリーン","0575","L","2900000020169","1360"
"__ITEMID__","5001-01","5.6オンス ハイクオリティー Tシャツ〈アダルト〉","","United Athle 5001-01。5.6オンスの丈夫でしっかりした生地感。豊富なカラーとサイズ展開の定番Tシャツです。","綿100%","S,M,L,XL,XXL,XXXL","3","1","10","（仮）通常配送","1","0","","6138","ベビーピンク","48","5020","","","","1","0","（仮）","5001-01","ベビーピンク","0576","L","2900000020170","1360"
"__ITEMID__","5001-01","5.6オンス ハイクオリティー Tシャツ〈アダルト〉","","United Athle 5001-01。5.6オンスの丈夫でしっかりした生地感。豊富なカラーとサイズ展開の定番Tシャツです。","綿100%","S,M,L,XL,XXL,XXXL","3","1","10","（仮）通常配送","1","0","","6139","ダークヘザーネイビー","49","5020","","","","1","0","（仮）","5001-01","ダークヘザーネイビー","0584","L","2900000020171","1360"
"__ITEMID__","5001-01","5.6オンス ハイクオリティー Tシャツ〈アダルト〉","","United Athle 5001-01。5.6オンスの丈夫でしっかりした生地感。豊富なカラーとサイズ展開の定番Tシャツです。","綿100%","S,M,L,XL,XXL,XXXL","3","1","10","（仮）通常配送","1","0","","6140","ダークネイビー","50","5020","","","","1","0","（仮）","5001-01","ダークネイビー","0717","L","2900000020172","1360"
"__ITEMID__","5001-01","5.6オンス ハイクオリティー Tシャツ〈アダルト〉","","United Athle 5001-01。5.6オンスの丈夫でしっかりした生地感。豊富なカラーとサイズ展開の定番Tシャツです。","綿100%","S,M,L,XL,XXL,XXXL","3","1","10","（仮）通常配送","1","0","","6141","ヘザーブラック","51","5020","","","","1","0","（仮）","5001-01","ヘザーブラック","0725","L","2900000020173","1360"
"__ITEMID__","5001-01","5.6オンス ハイクオリティー Tシャツ〈アダルト〉","","United Athle 5001-01。5.6オンスの丈夫でしっかりした生地感。豊富なカラーとサイズ展開の定番Tシャツです。","綿100%","S,M,L,XL,XXL,XXXL","3","1","10","（仮）通常配送","1","0","","6142","ライトオリーブ","52","5020","","","","1","0","（仮）","5001-01","ライトオリーブ","0739","L","2900000020174","1360"
"__ITEMID__","5001-01","5.6オンス ハイクオリティー Tシャツ〈アダルト〉","","United Athle 5001-01。5.6オンスの丈夫でしっかりした生地感。豊富なカラーとサイズ展開の定番Tシャツです。","綿100%","S,M,L,XL,XXL,XXXL","3","1","10","（仮）通常配送","1","0","","6143","ヘイジーブラック","53","5020","","","","1","0","（仮）","5001-01","ヘイジーブラック","0933","L","2900000020175","1360"
"__ITEMID__","5001-01","5.6オンス ハイクオリティー Tシャツ〈アダルト〉","","United Athle 5001-01。5.6オンスの丈夫でしっかりした生地感。豊富なカラーとサイズ展開の定番Tシャツです。","綿100%","S,M,L,XL,XXL,XXXL","3","1","10","（仮）通常配送","1","0","","6144","ヘイジーネイビー","54","5020","","","","1","0","（仮）","5001-01","ヘイジーネイビー","0934","L","2900000020176","1360"
"__ITEMID__","5001-01","5.6オンス ハイクオリティー Tシャツ〈アダルト〉","","United Athle 5001-01。5.6オンスの丈夫でしっかりした生地感。豊富なカラーとサイズ展開の定番Tシャツです。","綿100%","S,M,L,XL,XXL,XXXL","3","1","10","（仮）通常配送","1","0","","6145","ヘイジーグリーン","55","5020","","","","1","0","（仮）","5001-01","ヘイジーグリーン","0935","L","2900000020177","1360"
"__ITEMID__","5001-01","5.6オンス ハイクオリティー Tシャツ〈アダルト〉","","United Athle 5001-01。5.6オンスの丈夫でしっかりした生地感。豊富なカラーとサイズ展開の定番Tシャツです。","綿100%","S,M,L,XL,XXL,XXXL","3","1","10","（仮）通常配送","1","0","","6146","グレイッシュパープル","56","5020","","","","1","0","（仮）","5001-01","グレイッシュパープル","0943","L","2900000020178","1360"
"__ITEMID__","5001-01","5.6オンス ハイクオリティー Tシャツ〈アダルト〉","","United Athle 5001-01。5.6オンスの丈夫でしっかりした生地感。豊富なカラーとサイズ展開の定番Tシャツです。","綿100%","S,M,L,XL,XXL,XXXL","3","1","10","（仮）通常配送","1","0","","6147","グレイッシュグリーン","57","5020","","","","1","0","（仮）","5001-01","グレイッシュグリーン","0944","L","2900000020179","1360"
"__ITEMID__","5001-01","5.6オンス ハイクオリティー Tシャツ〈アダルト〉","","United Athle 5001-01。5.6オンスの丈夫でしっかりした生地感。豊富なカラーとサイズ展開の定番Tシャツです。","綿100%","S,M,L,XL,XXL,XXXL","3","1","10","（仮）通常配送","1","0","","6148","グレージュ","58","5020","","","","1","0","（仮）","5001-01","グレージュ","0183","L","2900000020180","1360"
"__ITEMID__","5001-01","5.6オンス ハイクオリティー Tシャツ〈アダルト〉","","United Athle 5001-01。5.6オンスの丈夫でしっかりした生地感。豊富なカラーとサイズ展開の定番Tシャツです。","綿100%","S,M,L,XL,XXL,XXXL","3","1","10","（仮）通常配送","1","0","","6149","ヘイジーパープル","59","5020","","","","1","0","（仮）","5001-01","ヘイジーパープル","0954","L","2900000020181","1360"
"__ITEMID__","5001-01","5.6オンス ハイクオリティー Tシャツ〈アダルト〉","","United Athle 5001-01。5.6オンスの丈夫でしっかりした生地感。豊富なカラーとサイズ展開の定番Tシャツです。","綿100%","S,M,L,XL,XXL,XXXL","3","1","10","（仮）通常配送","1","0","","6150","ヘイジーオレンジ","60","5020","","","","1","0","（仮）","5001-01","ヘイジーオレンジ","0955","L","2900000020182","1360"
"__ITEMID__","5001-01","5.6オンス ハイクオリティー Tシャツ〈アダルト〉","","United Athle 5001-01。5.6オンスの丈夫でしっかりした生地感。豊富なカラーとサイズ展開の定番Tシャツです。","綿100%","S,M,L,XL,XXL,XXXL","3","1","10","（仮）通常配送","1","0","","6151","ヘイジーブルー","61","5020","","","","1","0","（仮）","5001-01","ヘイジーブルー","0956","L","2900000020183","1360"
"__ITEMID__","5001-01","5.6オンス ハイクオリティー Tシャツ〈アダルト〉","","United Athle 5001-01。5.6オンスの丈夫でしっかりした生地感。豊富なカラーとサイズ展開の定番Tシャツです。","綿100%","S,M,L,XL,XXL,XXXL","3","1","10","（仮）通常配送","1","0","","6052","ホワイト","1","6047","","","","1","0","（仮）","5001-01","ホワイト","0001","XL","2900000020184","1260"
"__ITEMID__","5001-01","5.6オンス ハイクオリティー Tシャツ〈アダルト〉","","United Athle 5001-01。5.6オンスの丈夫でしっかりした生地感。豊富なカラーとサイズ展開の定番Tシャツです。","綿100%","S,M,L,XL,XXL,XXXL","3","1","10","（仮）通常配送","1","0","","6060","ブラック","2","6047","","","","1","0","（仮）","5001-01","ブラック","0002","XL","2900000020185","1360"
"__ITEMID__","5001-01","5.6オンス ハイクオリティー Tシャツ〈アダルト〉","","United Athle 5001-01。5.6オンスの丈夫でしっかりした生地感。豊富なカラーとサイズ展開の定番Tシャツです。","綿100%","S,M,L,XL,XXL,XXXL","3","1","10","（仮）通常配送","1","0","","6054","アッシュ","3","6047","","","","1","0","（仮）","5001-01","アッシュ","0005","XL","2900000020186","1360"
"__ITEMID__","5001-01","5.6オンス ハイクオリティー Tシャツ〈アダルト〉","","United Athle 5001-01。5.6オンスの丈夫でしっかりした生地感。豊富なカラーとサイズ展開の定番Tシャツです。","綿100%","S,M,L,XL,XXL,XXXL","3","1","10","（仮）通常配送","1","0","","6115","ミックスグレー","4","6047","","","","1","0","（仮）","5001-01","ミックスグレー","0006","XL","2900000020187","1360"
"__ITEMID__","5001-01","5.6オンス ハイクオリティー Tシャツ〈アダルト〉","","United Athle 5001-01。5.6オンスの丈夫でしっかりした生地感。豊富なカラーとサイズ展開の定番Tシャツです。","綿100%","S,M,L,XL,XXL,XXXL","3","1","10","（仮）通常配送","1","0","","6058","チャコール","5","6047","","","","1","0","（仮）","5001-01","チャコール","0007","XL","2900000020188","1360"
"__ITEMID__","5001-01","5.6オンス ハイクオリティー Tシャツ〈アダルト〉","","United Athle 5001-01。5.6オンスの丈夫でしっかりした生地感。豊富なカラーとサイズ展開の定番Tシャツです。","綿100%","S,M,L,XL,XXL,XXXL","3","1","10","（仮）通常配送","1","0","","6055","オートミール","6","6047","","","","1","0","（仮）","5001-01","オートミール","0009","XL","2900000020189","1360"
"__ITEMID__","5001-01","5.6オンス ハイクオリティー Tシャツ〈アダルト〉","","United Athle 5001-01。5.6オンスの丈夫でしっかりした生地感。豊富なカラーとサイズ展開の定番Tシャツです。","綿100%","S,M,L,XL,XXL,XXXL","3","1","10","（仮）通常配送","1","0","","6116","ライトグレー","7","6047","","","","1","0","（仮）","5001-01","ライトグレー","0010","XL","2900000020190","1360"
"__ITEMID__","5001-01","5.6オンス ハイクオリティー Tシャツ〈アダルト〉","","United Athle 5001-01。5.6オンスの丈夫でしっかりした生地感。豊富なカラーとサイズ展開の定番Tシャツです。","綿100%","S,M,L,XL,XXL,XXXL","3","1","10","（仮）通常配送","1","0","","6053","アイボリー","8","6047","","","","1","0","（仮）","5001-01","アイボリー","0016","XL","2900000020191","1360"
"__ITEMID__","5001-01","5.6オンス ハイクオリティー Tシャツ〈アダルト〉","","United Athle 5001-01。5.6オンスの丈夫でしっかりした生地感。豊富なカラーとサイズ展開の定番Tシャツです。","綿100%","S,M,L,XL,XXL,XXXL","3","1","10","（仮）通常配送","1","0","","6063","ナチュラル","9","6047","","","","1","0","（仮）","5001-01","ナチュラル","0019","XL","2900000020192","1360"
"__ITEMID__","5001-01","5.6オンス ハイクオリティー Tシャツ〈アダルト〉","","United Athle 5001-01。5.6オンスの丈夫でしっかりした生地感。豊富なカラーとサイズ展開の定番Tシャツです。","綿100%","S,M,L,XL,XXL,XXXL","3","1","10","（仮）通常配送","1","0","","6065","イエロー","10","6047","","","","1","0","（仮）","5001-01","イエロー","0021","XL","2900000020193","1360"
"__ITEMID__","5001-01","5.6オンス ハイクオリティー Tシャツ〈アダルト〉","","United Athle 5001-01。5.6オンスの丈夫でしっかりした生地感。豊富なカラーとサイズ展開の定番Tシャツです。","綿100%","S,M,L,XL,XXL,XXXL","3","1","10","（仮）通常配送","1","0","","6117","ゴールド","11","6047","","","","1","0","（仮）","5001-01","ゴールド","0022","XL","2900000020194","1360"
"__ITEMID__","5001-01","5.6オンス ハイクオリティー Tシャツ〈アダルト〉","","United Athle 5001-01。5.6オンスの丈夫でしっかりした生地感。豊富なカラーとサイズ展開の定番Tシャツです。","綿100%","S,M,L,XL,XXL,XXXL","3","1","10","（仮）通常配送","1","0","","6118","ミントグリーン","12","6047","","","","1","0","（仮）","5001-01","ミントグリーン","0024","XL","2900000020195","1360"
"__ITEMID__","5001-01","5.6オンス ハイクオリティー Tシャツ〈アダルト〉","","United Athle 5001-01。5.6オンスの丈夫でしっかりした生地感。豊富なカラーとサイズ展開の定番Tシャツです。","綿100%","S,M,L,XL,XXL,XXXL","3","1","10","（仮）通常配送","1","0","","6093","グリーン","13","6047","","","","1","0","（仮）","5001-01","グリーン","0029","XL","2900000020196","1360"
"__ITEMID__","5001-01","5.6オンス ハイクオリティー Tシャツ〈アダルト〉","","United Athle 5001-01。5.6オンスの丈夫でしっかりした生地感。豊富なカラーとサイズ展開の定番Tシャツです。","綿100%","S,M,L,XL,XXL,XXXL","3","1","10","（仮）通常配送","1","0","","6119","シティグリーン","14","6047","","","","1","0","（仮）","5001-01","シティグリーン","0035","XL","2900000020197","1360"
"__ITEMID__","5001-01","5.6オンス ハイクオリティー Tシャツ〈アダルト〉","","United Athle 5001-01。5.6オンスの丈夫でしっかりした生地感。豊富なカラーとサイズ展開の定番Tシャツです。","綿100%","S,M,L,XL,XXL,XXXL","3","1","10","（仮）通常配送","1","0","","6120","メロン","15","6047","","","","1","0","（仮）","5001-01","メロン","0037","XL","2900000020198","1360"
"__ITEMID__","5001-01","5.6オンス ハイクオリティー Tシャツ〈アダルト〉","","United Athle 5001-01。5.6オンスの丈夫でしっかりした生地感。豊富なカラーとサイズ展開の定番Tシャツです。","綿100%","S,M,L,XL,XXL,XXXL","3","1","10","（仮）通常配送","1","0","","6078","ダークブラウン","16","6047","","","","1","0","（仮）","5001-01","ダークブラウン","0052","XL","2900000020199","1360"
"__ITEMID__","5001-01","5.6オンス ハイクオリティー Tシャツ〈アダルト〉","","United Athle 5001-01。5.6オンスの丈夫でしっかりした生地感。豊富なカラーとサイズ展開の定番Tシャツです。","綿100%","S,M,L,XL,XXL,XXXL","3","1","10","（仮）通常配送","1","0","","6062","ライトベージュ","17","6047","","","","1","0","（仮）","5001-01","ライトベージュ","0053","XL","2900000020200","1360"
"__ITEMID__","5001-01","5.6オンス ハイクオリティー Tシャツ〈アダルト〉","","United Athle 5001-01。5.6オンスの丈夫でしっかりした生地感。豊富なカラーとサイズ展開の定番Tシャツです。","綿100%","S,M,L,XL,XXL,XXXL","3","1","10","（仮）通常配送","1","0","","6099","パープル","18","6047","","","","1","0","（仮）","5001-01","パープル","0062","XL","2900000020201","1360"
"__ITEMID__","5001-01","5.6オンス ハイクオリティー Tシャツ〈アダルト〉","","United Athle 5001-01。5.6オンスの丈夫でしっかりした生地感。豊富なカラーとサイズ展開の定番Tシャツです。","綿100%","S,M,L,XL,XXL,XXXL","3","1","10","（仮）通常配送","1","0","","6067","オレンジ","19","6047","","","","1","0","（仮）","5001-01","オレンジ","0064","XL","2900000020202","1360"
"__ITEMID__","5001-01","5.6オンス ハイクオリティー Tシャツ〈アダルト〉","","United Athle 5001-01。5.6オンスの丈夫でしっかりした生地感。豊富なカラーとサイズ展開の定番Tシャツです。","綿100%","S,M,L,XL,XXL,XXXL","3","1","10","（仮）通常配送","1","0","","6073","ピンク","20","6047","","","","1","0","（仮）","5001-01","ピンク","0066","XL","2900000020203","1360"
"__ITEMID__","5001-01","5.6オンス ハイクオリティー Tシャツ〈アダルト〉","","United Athle 5001-01。5.6オンスの丈夫でしっかりした生地感。豊富なカラーとサイズ展開の定番Tシャツです。","綿100%","S,M,L,XL,XXL,XXXL","3","1","10","（仮）通常配送","1","0","","6068","レッド","21","6047","","","","1","0","（仮）","5001-01","レッド","0069","XL","2900000020204","1360"
"__ITEMID__","5001-01","5.6オンス ハイクオリティー Tシャツ〈アダルト〉","","United Athle 5001-01。5.6オンスの丈夫でしっかりした生地感。豊富なカラーとサイズ展開の定番Tシャツです。","綿100%","S,M,L,XL,XXL,XXXL","3","1","10","（仮）通常配送","1","0","","6075","バーガンディ","22","6047","","","","1","0","（仮）","5001-01","バーガンディ","0072","XL","2900000020205","1360"
"__ITEMID__","5001-01","5.6オンス ハイクオリティー Tシャツ〈アダルト〉","","United Athle 5001-01。5.6オンスの丈夫でしっかりした生地感。豊富なカラーとサイズ展開の定番Tシャツです。","綿100%","S,M,L,XL,XXL,XXXL","3","1","10","（仮）通常配送","1","0","","6121","ラベンダー","23","6047","","","","1","0","（仮）","5001-01","ラベンダー","0076","XL","2900000020206","1360"
"__ITEMID__","5001-01","5.6オンス ハイクオリティー Tシャツ〈アダルト〉","","United Athle 5001-01。5.6オンスの丈夫でしっかりした生地感。豊富なカラーとサイズ展開の定番Tシャツです。","綿100%","S,M,L,XL,XXL,XXXL","3","1","10","（仮）通常配送","1","0","","6122","サックス","24","6047","","","","1","0","（仮）","5001-01","サックス","0082","XL","2900000020207","1360"
"__ITEMID__","5001-01","5.6オンス ハイクオリティー Tシャツ〈アダルト〉","","United Athle 5001-01。5.6オンスの丈夫でしっかりした生地感。豊富なカラーとサイズ展開の定番Tシャツです。","綿100%","S,M,L,XL,XXL,XXXL","3","1","10","（仮）通常配送","1","0","","6123","アクアブルー","25","6047","","","","1","0","（仮）","5001-01","アクアブルー","0083","XL","2900000020208","1360"
"__ITEMID__","5001-01","5.6オンス ハイクオリティー Tシャツ〈アダルト〉","","United Athle 5001-01。5.6オンスの丈夫でしっかりした生地感。豊富なカラーとサイズ展開の定番Tシャツです。","綿100%","S,M,L,XL,XXL,XXXL","3","1","10","（仮）通常配送","1","0","","6083","ロイヤルブルー","26","6047","","","","1","0","（仮）","5001-01","ロイヤルブルー","0085","XL","2900000020209","1360"
"__ITEMID__","5001-01","5.6オンス ハイクオリティー Tシャツ〈アダルト〉","","United Athle 5001-01。5.6オンスの丈夫でしっかりした生地感。豊富なカラーとサイズ展開の定番Tシャツです。","綿100%","S,M,L,XL,XXL,XXXL","3","1","10","（仮）通常配送","1","0","","6087","ネイビー","27","6047","","","","1","0","（仮）","5001-01","ネイビー","0086","XL","2900000020210","1360"
"__ITEMID__","5001-01","5.6オンス ハイクオリティー Tシャツ〈アダルト〉","","United Athle 5001-01。5.6オンスの丈夫でしっかりした生地感。豊富なカラーとサイズ展開の定番Tシャツです。","綿100%","S,M,L,XL,XXL,XXXL","3","1","10","（仮）通常配送","1","0","","6085","インディゴ","28","6047","","","","1","0","（仮）","5001-01","インディゴ","0087","XL","2900000020211","1360"
"__ITEMID__","5001-01","5.6オンス ハイクオリティー Tシャツ〈アダルト〉","","United Athle 5001-01。5.6オンスの丈夫でしっかりした生地感。豊富なカラーとサイズ展開の定番Tシャツです。","綿100%","S,M,L,XL,XXL,XXXL","3","1","10","（仮）通常配送","1","0","","6124","スレート","29","6047","","","","1","0","（仮）","5001-01","スレート","0088","XL","2900000020212","1360"
"__ITEMID__","5001-01","5.6オンス ハイクオリティー Tシャツ〈アダルト〉","","United Athle 5001-01。5.6オンスの丈夫でしっかりした生地感。豊富なカラーとサイズ展開の定番Tシャツです。","綿100%","S,M,L,XL,XXL,XXXL","3","1","10","（仮）通常配送","1","0","","6125","スミ","30","6047","","","","1","0","（仮）","5001-01","スミ","0165","XL","2900000020213","1360"
"__ITEMID__","5001-01","5.6オンス ハイクオリティー Tシャツ〈アダルト〉","","United Athle 5001-01。5.6オンスの丈夫でしっかりした生地感。豊富なカラーとサイズ展開の定番Tシャツです。","綿100%","S,M,L,XL,XXL,XXXL","3","1","10","（仮）通常配送","1","0","","6126","カナリアイエロー","31","6047","","","","1","0","（仮）","5001-01","カナリアイエロー","0190","XL","2900000020214","1360"
"__ITEMID__","5001-01","5.6オンス ハイクオリティー Tシャツ〈アダルト〉","","United Athle 5001-01。5.6オンスの丈夫でしっかりした生地感。豊富なカラーとサイズ展開の定番Tシャツです。","綿100%","S,M,L,XL,XXL,XXXL","3","1","10","（仮）通常配送","1","0","","6127","バニラホワイト","32","6047","","","","1","0","（仮）","5001-01","バニラホワイト","0191","XL","2900000020215","1360"
"__ITEMID__","5001-01","5.6オンス ハイクオリティー Tシャツ〈アダルト〉","","United Athle 5001-01。5.6オンスの丈夫でしっかりした生地感。豊富なカラーとサイズ展開の定番Tシャツです。","綿100%","S,M,L,XL,XXL,XXXL","3","1","10","（仮）通常配送","1","0","","6128","ハイレッド","33","6047","","","","1","0","（仮）","5001-01","ハイレッド","0232","XL","2900000020216","1360"
"__ITEMID__","5001-01","5.6オンス ハイクオリティー Tシャツ〈アダルト〉","","United Athle 5001-01。5.6オンスの丈夫でしっかりした生地感。豊富なカラーとサイズ展開の定番Tシャツです。","綿100%","S,M,L,XL,XXL,XXXL","3","1","10","（仮）通常配送","1","0","","6080","アシッドブルー","34","6047","","","","1","0","（仮）","5001-01","アシッドブルー","0247","XL","2900000020217","1360"
"__ITEMID__","5001-01","5.6オンス ハイクオリティー Tシャツ〈アダルト〉","","United Athle 5001-01。5.6オンスの丈夫でしっかりした生地感。豊富なカラーとサイズ展開の定番Tシャツです。","綿100%","S,M,L,XL,XXL,XXXL","3","1","10","（仮）通常配送","1","0","","6129","バナナ","35","6047","","","","1","0","（仮）","5001-01","バナナ","0369","XL","2900000020218","1360"
"__ITEMID__","5001-01","5.6オンス ハイクオリティー Tシャツ〈アダルト〉","","United Athle 5001-01。5.6オンスの丈夫でしっかりした生地感。豊富なカラーとサイズ展開の定番Tシャツです。","綿100%","S,M,L,XL,XXL,XXXL","3","1","10","（仮）通常配送","1","0","","6130","ライトイエロー","36","6047","","","","1","0","（仮）","5001-01","ライトイエロー","0487","XL","2900000020219","1360"
"__ITEMID__","5001-01","5.6オンス ハイクオリティー Tシャツ〈アダルト〉","","United Athle 5001-01。5.6オンスの丈夫でしっかりした生地感。豊富なカラーとサイズ展開の定番Tシャツです。","綿100%","S,M,L,XL,XXL,XXXL","3","1","10","（仮）通常配送","1","0","","6079","ライトブルー","37","6047","","","","1","0","（仮）","5001-01","ライトブルー","0488","XL","2900000020220","1360"
"__ITEMID__","5001-01","5.6オンス ハイクオリティー Tシャツ〈アダルト〉","","United Athle 5001-01。5.6オンスの丈夫でしっかりした生地感。豊富なカラーとサイズ展開の定番Tシャツです。","綿100%","S,M,L,XL,XXL,XXXL","3","1","10","（仮）通常配送","1","0","","6098","ライトパープル","38","6047","","","","1","0","（仮）","5001-01","ライトパープル","0494","XL","2900000020221","1360"
"__ITEMID__","5001-01","5.6オンス ハイクオリティー Tシャツ〈アダルト〉","","United Athle 5001-01。5.6オンスの丈夫でしっかりした生地感。豊富なカラーとサイズ展開の定番Tシャツです。","綿100%","S,M,L,XL,XXL,XXXL","3","1","10","（仮）通常配送","1","0","","6071","ライトピンク","39","6047","","","","1","0","（仮）","5001-01","ライトピンク","0495","XL","2900000020222","1360"
"__ITEMID__","5001-01","5.6オンス ハイクオリティー Tシャツ〈アダルト〉","","United Athle 5001-01。5.6オンスの丈夫でしっかりした生地感。豊富なカラーとサイズ展開の定番Tシャツです。","綿100%","S,M,L,XL,XXL,XXXL","3","1","10","（仮）通常配送","1","0","","6094","アイビーグリーン","40","6047","","","","1","0","（仮）","5001-01","アイビーグリーン","0497","XL","2900000020223","1360"
"__ITEMID__","5001-01","5.6オンス ハイクオリティー Tシャツ〈アダルト〉","","United Athle 5001-01。5.6オンスの丈夫でしっかりした生地感。豊富なカラーとサイズ展開の定番Tシャツです。","綿100%","S,M,L,XL,XXL,XXXL","3","1","10","（仮）通常配送","1","0","","6131","トロピカルピンク","41","6047","","","","1","0","（仮）","5001-01","トロピカルピンク","0511","XL","2900000020224","1360"
"__ITEMID__","5001-01","5.6オンス ハイクオリティー Tシャツ〈アダルト〉","","United Athle 5001-01。5.6オンスの丈夫でしっかりした生地感。豊富なカラーとサイズ展開の定番Tシャツです。","綿100%","S,M,L,XL,XXL,XXXL","3","1","10","（仮）通常配送","1","0","","6132","サンドカーキ","42","6047","","","","1","0","（仮）","5001-01","サンドカーキ","0537","XL","2900000020225","1360"
"__ITEMID__","5001-01","5.6オンス ハイクオリティー Tシャツ〈アダルト〉","","United Athle 5001-01。5.6オンスの丈夫でしっかりした生地感。豊富なカラーとサイズ展開の定番Tシャツです。","綿100%","S,M,L,XL,XXL,XXXL","3","1","10","（仮）通常配送","1","0","","6133","ターコイズブルー","43","6047","","","","1","0","（仮）","5001-01","ターコイズブルー","0538","XL","2900000020226","1360"
"__ITEMID__","5001-01","5.6オンス ハイクオリティー Tシャツ〈アダルト〉","","United Athle 5001-01。5.6オンスの丈夫でしっかりした生地感。豊富なカラーとサイズ展開の定番Tシャツです。","綿100%","S,M,L,XL,XXL,XXXL","3","1","10","（仮）通常配送","1","0","","6134","バイオレットパープル","44","6047","","","","1","0","（仮）","5001-01","バイオレットパープル","0539","XL","2900000020227","1360"
"__ITEMID__","5001-01","5.6オンス ハイクオリティー Tシャツ〈アダルト〉","","United Athle 5001-01。5.6オンスの丈夫でしっかりした生地感。豊富なカラーとサイズ展開の定番Tシャツです。","綿100%","S,M,L,XL,XXL,XXXL","3","1","10","（仮）通常配送","1","0","","6135","サンドベージュ","45","6047","","","","1","0","（仮）","5001-01","サンドベージュ","0545","XL","2900000020228","1360"
"__ITEMID__","5001-01","5.6オンス ハイクオリティー Tシャツ〈アダルト〉","","United Athle 5001-01。5.6オンスの丈夫でしっかりした生地感。豊富なカラーとサイズ展開の定番Tシャツです。","綿100%","S,M,L,XL,XXL,XXXL","3","1","10","（仮）通常配送","1","0","","6136","アプリコット","46","6047","","","","1","0","（仮）","5001-01","アプリコット","0574","XL","2900000020229","1360"
"__ITEMID__","5001-01","5.6オンス ハイクオリティー Tシャツ〈アダルト〉","","United Athle 5001-01。5.6オンスの丈夫でしっかりした生地感。豊富なカラーとサイズ展開の定番Tシャツです。","綿100%","S,M,L,XL,XXL,XXXL","3","1","10","（仮）通常配送","1","0","","6137","アップルグリーン","47","6047","","","","1","0","（仮）","5001-01","アップルグリーン","0575","XL","2900000020230","1360"
"__ITEMID__","5001-01","5.6オンス ハイクオリティー Tシャツ〈アダルト〉","","United Athle 5001-01。5.6オンスの丈夫でしっかりした生地感。豊富なカラーとサイズ展開の定番Tシャツです。","綿100%","S,M,L,XL,XXL,XXXL","3","1","10","（仮）通常配送","1","0","","6138","ベビーピンク","48","6047","","","","1","0","（仮）","5001-01","ベビーピンク","0576","XL","2900000020231","1360"
"__ITEMID__","5001-01","5.6オンス ハイクオリティー Tシャツ〈アダルト〉","","United Athle 5001-01。5.6オンスの丈夫でしっかりした生地感。豊富なカラーとサイズ展開の定番Tシャツです。","綿100%","S,M,L,XL,XXL,XXXL","3","1","10","（仮）通常配送","1","0","","6139","ダークヘザーネイビー","49","6047","","","","1","0","（仮）","5001-01","ダークヘザーネイビー","0584","XL","2900000020232","1360"
"__ITEMID__","5001-01","5.6オンス ハイクオリティー Tシャツ〈アダルト〉","","United Athle 5001-01。5.6オンスの丈夫でしっかりした生地感。豊富なカラーとサイズ展開の定番Tシャツです。","綿100%","S,M,L,XL,XXL,XXXL","3","1","10","（仮）通常配送","1","0","","6140","ダークネイビー","50","6047","","","","1","0","（仮）","5001-01","ダークネイビー","0717","XL","2900000020233","1360"
"__ITEMID__","5001-01","5.6オンス ハイクオリティー Tシャツ〈アダルト〉","","United Athle 5001-01。5.6オンスの丈夫でしっかりした生地感。豊富なカラーとサイズ展開の定番Tシャツです。","綿100%","S,M,L,XL,XXL,XXXL","3","1","10","（仮）通常配送","1","0","","6141","ヘザーブラック","51","6047","","","","1","0","（仮）","5001-01","ヘザーブラック","0725","XL","2900000020234","1360"
"__ITEMID__","5001-01","5.6オンス ハイクオリティー Tシャツ〈アダルト〉","","United Athle 5001-01。5.6オンスの丈夫でしっかりした生地感。豊富なカラーとサイズ展開の定番Tシャツです。","綿100%","S,M,L,XL,XXL,XXXL","3","1","10","（仮）通常配送","1","0","","6142","ライトオリーブ","52","6047","","","","1","0","（仮）","5001-01","ライトオリーブ","0739","XL","2900000020235","1360"
"__ITEMID__","5001-01","5.6オンス ハイクオリティー Tシャツ〈アダルト〉","","United Athle 5001-01。5.6オンスの丈夫でしっかりした生地感。豊富なカラーとサイズ展開の定番Tシャツです。","綿100%","S,M,L,XL,XXL,XXXL","3","1","10","（仮）通常配送","1","0","","6143","ヘイジーブラック","53","6047","","","","1","0","（仮）","5001-01","ヘイジーブラック","0933","XL","2900000020236","1360"
"__ITEMID__","5001-01","5.6オンス ハイクオリティー Tシャツ〈アダルト〉","","United Athle 5001-01。5.6オンスの丈夫でしっかりした生地感。豊富なカラーとサイズ展開の定番Tシャツです。","綿100%","S,M,L,XL,XXL,XXXL","3","1","10","（仮）通常配送","1","0","","6144","ヘイジーネイビー","54","6047","","","","1","0","（仮）","5001-01","ヘイジーネイビー","0934","XL","2900000020237","1360"
"__ITEMID__","5001-01","5.6オンス ハイクオリティー Tシャツ〈アダルト〉","","United Athle 5001-01。5.6オンスの丈夫でしっかりした生地感。豊富なカラーとサイズ展開の定番Tシャツです。","綿100%","S,M,L,XL,XXL,XXXL","3","1","10","（仮）通常配送","1","0","","6145","ヘイジーグリーン","55","6047","","","","1","0","（仮）","5001-01","ヘイジーグリーン","0935","XL","2900000020238","1360"
"__ITEMID__","5001-01","5.6オンス ハイクオリティー Tシャツ〈アダルト〉","","United Athle 5001-01。5.6オンスの丈夫でしっかりした生地感。豊富なカラーとサイズ展開の定番Tシャツです。","綿100%","S,M,L,XL,XXL,XXXL","3","1","10","（仮）通常配送","1","0","","6146","グレイッシュパープル","56","6047","","","","1","0","（仮）","5001-01","グレイッシュパープル","0943","XL","2900000020239","1360"
"__ITEMID__","5001-01","5.6オンス ハイクオリティー Tシャツ〈アダルト〉","","United Athle 5001-01。5.6オンスの丈夫でしっかりした生地感。豊富なカラーとサイズ展開の定番Tシャツです。","綿100%","S,M,L,XL,XXL,XXXL","3","1","10","（仮）通常配送","1","0","","6147","グレイッシュグリーン","57","6047","","","","1","0","（仮）","5001-01","グレイッシュグリーン","0944","XL","2900000020240","1360"
"__ITEMID__","5001-01","5.6オンス ハイクオリティー Tシャツ〈アダルト〉","","United Athle 5001-01。5.6オンスの丈夫でしっかりした生地感。豊富なカラーとサイズ展開の定番Tシャツです。","綿100%","S,M,L,XL,XXL,XXXL","3","1","10","（仮）通常配送","1","0","","6148","グレージュ","58","6047","","","","1","0","（仮）","5001-01","グレージュ","0183","XL","2900000020241","1360"
"__ITEMID__","5001-01","5.6オンス ハイクオリティー Tシャツ〈アダルト〉","","United Athle 5001-01。5.6オンスの丈夫でしっかりした生地感。豊富なカラーとサイズ展開の定番Tシャツです。","綿100%","S,M,L,XL,XXL,XXXL","3","1","10","（仮）通常配送","1","0","","6149","ヘイジーパープル","59","6047","","","","1","0","（仮）","5001-01","ヘイジーパープル","0954","XL","2900000020242","1360"
"__ITEMID__","5001-01","5.6オンス ハイクオリティー Tシャツ〈アダルト〉","","United Athle 5001-01。5.6オンスの丈夫でしっかりした生地感。豊富なカラーとサイズ展開の定番Tシャツです。","綿100%","S,M,L,XL,XXL,XXXL","3","1","10","（仮）通常配送","1","0","","6150","ヘイジーオレンジ","60","6047","","","","1","0","（仮）","5001-01","ヘイジーオレンジ","0955","XL","2900000020243","1360"
"__ITEMID__","5001-01","5.6オンス ハイクオリティー Tシャツ〈アダルト〉","","United Athle 5001-01。5.6オンスの丈夫でしっかりした生地感。豊富なカラーとサイズ展開の定番Tシャツです。","綿100%","S,M,L,XL,XXL,XXXL","3","1","10","（仮）通常配送","1","0","","6151","ヘイジーブルー","61","6047","","","","1","0","（仮）","5001-01","ヘイジーブルー","0956","XL","2900000020244","1360"
"__ITEMID__","5001-01","5.6オンス ハイクオリティー Tシャツ〈アダルト〉","","United Athle 5001-01。5.6オンスの丈夫でしっかりした生地感。豊富なカラーとサイズ展開の定番Tシャツです。","綿100%","S,M,L,XL,XXL,XXXL","3","1","10","（仮）通常配送","1","0","","6052","ホワイト","1","6048","","","","1","0","（仮）","5001-01","ホワイト","0001","XXL","2900000020245","1580"
"__ITEMID__","5001-01","5.6オンス ハイクオリティー Tシャツ〈アダルト〉","","United Athle 5001-01。5.6オンスの丈夫でしっかりした生地感。豊富なカラーとサイズ展開の定番Tシャツです。","綿100%","S,M,L,XL,XXL,XXXL","3","1","10","（仮）通常配送","1","0","","6060","ブラック","2","6048","","","","1","0","（仮）","5001-01","ブラック","0002","XXL","2900000020246","1790"
"__ITEMID__","5001-01","5.6オンス ハイクオリティー Tシャツ〈アダルト〉","","United Athle 5001-01。5.6オンスの丈夫でしっかりした生地感。豊富なカラーとサイズ展開の定番Tシャツです。","綿100%","S,M,L,XL,XXL,XXXL","3","1","10","（仮）通常配送","1","0","","6054","アッシュ","3","6048","","","","1","0","（仮）","5001-01","アッシュ","0005","XXL","2900000020247","1790"
"__ITEMID__","5001-01","5.6オンス ハイクオリティー Tシャツ〈アダルト〉","","United Athle 5001-01。5.6オンスの丈夫でしっかりした生地感。豊富なカラーとサイズ展開の定番Tシャツです。","綿100%","S,M,L,XL,XXL,XXXL","3","1","10","（仮）通常配送","1","0","","6115","ミックスグレー","4","6048","","","","1","0","（仮）","5001-01","ミックスグレー","0006","XXL","2900000020248","1790"
"__ITEMID__","5001-01","5.6オンス ハイクオリティー Tシャツ〈アダルト〉","","United Athle 5001-01。5.6オンスの丈夫でしっかりした生地感。豊富なカラーとサイズ展開の定番Tシャツです。","綿100%","S,M,L,XL,XXL,XXXL","3","1","10","（仮）通常配送","1","0","","6058","チャコール","5","6048","","","","1","0","（仮）","5001-01","チャコール","0007","XXL","2900000020249","1790"
"__ITEMID__","5001-01","5.6オンス ハイクオリティー Tシャツ〈アダルト〉","","United Athle 5001-01。5.6オンスの丈夫でしっかりした生地感。豊富なカラーとサイズ展開の定番Tシャツです。","綿100%","S,M,L,XL,XXL,XXXL","3","1","10","（仮）通常配送","1","0","","6055","オートミール","6","6048","","","","1","0","（仮）","5001-01","オートミール","0009","XXL","2900000020250","1790"
"__ITEMID__","5001-01","5.6オンス ハイクオリティー Tシャツ〈アダルト〉","","United Athle 5001-01。5.6オンスの丈夫でしっかりした生地感。豊富なカラーとサイズ展開の定番Tシャツです。","綿100%","S,M,L,XL,XXL,XXXL","3","1","10","（仮）通常配送","1","0","","6116","ライトグレー","7","6048","","","","1","0","（仮）","5001-01","ライトグレー","0010","XXL","2900000020251","1790"
"__ITEMID__","5001-01","5.6オンス ハイクオリティー Tシャツ〈アダルト〉","","United Athle 5001-01。5.6オンスの丈夫でしっかりした生地感。豊富なカラーとサイズ展開の定番Tシャツです。","綿100%","S,M,L,XL,XXL,XXXL","3","1","10","（仮）通常配送","1","0","","6053","アイボリー","8","6048","","","","1","0","（仮）","5001-01","アイボリー","0016","XXL","2900000020252","1790"
"__ITEMID__","5001-01","5.6オンス ハイクオリティー Tシャツ〈アダルト〉","","United Athle 5001-01。5.6オンスの丈夫でしっかりした生地感。豊富なカラーとサイズ展開の定番Tシャツです。","綿100%","S,M,L,XL,XXL,XXXL","3","1","10","（仮）通常配送","1","0","","6063","ナチュラル","9","6048","","","","1","0","（仮）","5001-01","ナチュラル","0019","XXL","2900000020253","1790"
"__ITEMID__","5001-01","5.6オンス ハイクオリティー Tシャツ〈アダルト〉","","United Athle 5001-01。5.6オンスの丈夫でしっかりした生地感。豊富なカラーとサイズ展開の定番Tシャツです。","綿100%","S,M,L,XL,XXL,XXXL","3","1","10","（仮）通常配送","1","0","","6065","イエロー","10","6048","","","","1","0","（仮）","5001-01","イエロー","0021","XXL","2900000020254","1790"
"__ITEMID__","5001-01","5.6オンス ハイクオリティー Tシャツ〈アダルト〉","","United Athle 5001-01。5.6オンスの丈夫でしっかりした生地感。豊富なカラーとサイズ展開の定番Tシャツです。","綿100%","S,M,L,XL,XXL,XXXL","3","1","10","（仮）通常配送","1","0","","6117","ゴールド","11","6048","","","","1","0","（仮）","5001-01","ゴールド","0022","XXL","2900000020255","1790"
"__ITEMID__","5001-01","5.6オンス ハイクオリティー Tシャツ〈アダルト〉","","United Athle 5001-01。5.6オンスの丈夫でしっかりした生地感。豊富なカラーとサイズ展開の定番Tシャツです。","綿100%","S,M,L,XL,XXL,XXXL","3","1","10","（仮）通常配送","1","0","","6118","ミントグリーン","12","6048","","","","1","0","（仮）","5001-01","ミントグリーン","0024","XXL","2900000020256","1790"
"__ITEMID__","5001-01","5.6オンス ハイクオリティー Tシャツ〈アダルト〉","","United Athle 5001-01。5.6オンスの丈夫でしっかりした生地感。豊富なカラーとサイズ展開の定番Tシャツです。","綿100%","S,M,L,XL,XXL,XXXL","3","1","10","（仮）通常配送","1","0","","6093","グリーン","13","6048","","","","1","0","（仮）","5001-01","グリーン","0029","XXL","2900000020257","1790"
"__ITEMID__","5001-01","5.6オンス ハイクオリティー Tシャツ〈アダルト〉","","United Athle 5001-01。5.6オンスの丈夫でしっかりした生地感。豊富なカラーとサイズ展開の定番Tシャツです。","綿100%","S,M,L,XL,XXL,XXXL","3","1","10","（仮）通常配送","1","0","","6119","シティグリーン","14","6048","","","","1","0","（仮）","5001-01","シティグリーン","0035","XXL","2900000020258","1790"
"__ITEMID__","5001-01","5.6オンス ハイクオリティー Tシャツ〈アダルト〉","","United Athle 5001-01。5.6オンスの丈夫でしっかりした生地感。豊富なカラーとサイズ展開の定番Tシャツです。","綿100%","S,M,L,XL,XXL,XXXL","3","1","10","（仮）通常配送","1","0","","6120","メロン","15","6048","","","","1","0","（仮）","5001-01","メロン","0037","XXL","2900000020259","1790"
"__ITEMID__","5001-01","5.6オンス ハイクオリティー Tシャツ〈アダルト〉","","United Athle 5001-01。5.6オンスの丈夫でしっかりした生地感。豊富なカラーとサイズ展開の定番Tシャツです。","綿100%","S,M,L,XL,XXL,XXXL","3","1","10","（仮）通常配送","1","0","","6078","ダークブラウン","16","6048","","","","1","0","（仮）","5001-01","ダークブラウン","0052","XXL","2900000020260","1790"
"__ITEMID__","5001-01","5.6オンス ハイクオリティー Tシャツ〈アダルト〉","","United Athle 5001-01。5.6オンスの丈夫でしっかりした生地感。豊富なカラーとサイズ展開の定番Tシャツです。","綿100%","S,M,L,XL,XXL,XXXL","3","1","10","（仮）通常配送","1","0","","6062","ライトベージュ","17","6048","","","","1","0","（仮）","5001-01","ライトベージュ","0053","XXL","2900000020261","1790"
"__ITEMID__","5001-01","5.6オンス ハイクオリティー Tシャツ〈アダルト〉","","United Athle 5001-01。5.6オンスの丈夫でしっかりした生地感。豊富なカラーとサイズ展開の定番Tシャツです。","綿100%","S,M,L,XL,XXL,XXXL","3","1","10","（仮）通常配送","1","0","","6099","パープル","18","6048","","","","1","0","（仮）","5001-01","パープル","0062","XXL","2900000020262","1790"
"__ITEMID__","5001-01","5.6オンス ハイクオリティー Tシャツ〈アダルト〉","","United Athle 5001-01。5.6オンスの丈夫でしっかりした生地感。豊富なカラーとサイズ展開の定番Tシャツです。","綿100%","S,M,L,XL,XXL,XXXL","3","1","10","（仮）通常配送","1","0","","6067","オレンジ","19","6048","","","","1","0","（仮）","5001-01","オレンジ","0064","XXL","2900000020263","1790"
"__ITEMID__","5001-01","5.6オンス ハイクオリティー Tシャツ〈アダルト〉","","United Athle 5001-01。5.6オンスの丈夫でしっかりした生地感。豊富なカラーとサイズ展開の定番Tシャツです。","綿100%","S,M,L,XL,XXL,XXXL","3","1","10","（仮）通常配送","1","0","","6073","ピンク","20","6048","","","","1","0","（仮）","5001-01","ピンク","0066","XXL","2900000020264","1790"
"__ITEMID__","5001-01","5.6オンス ハイクオリティー Tシャツ〈アダルト〉","","United Athle 5001-01。5.6オンスの丈夫でしっかりした生地感。豊富なカラーとサイズ展開の定番Tシャツです。","綿100%","S,M,L,XL,XXL,XXXL","3","1","10","（仮）通常配送","1","0","","6068","レッド","21","6048","","","","1","0","（仮）","5001-01","レッド","0069","XXL","2900000020265","1790"
"__ITEMID__","5001-01","5.6オンス ハイクオリティー Tシャツ〈アダルト〉","","United Athle 5001-01。5.6オンスの丈夫でしっかりした生地感。豊富なカラーとサイズ展開の定番Tシャツです。","綿100%","S,M,L,XL,XXL,XXXL","3","1","10","（仮）通常配送","1","0","","6075","バーガンディ","22","6048","","","","1","0","（仮）","5001-01","バーガンディ","0072","XXL","2900000020266","1790"
"__ITEMID__","5001-01","5.6オンス ハイクオリティー Tシャツ〈アダルト〉","","United Athle 5001-01。5.6オンスの丈夫でしっかりした生地感。豊富なカラーとサイズ展開の定番Tシャツです。","綿100%","S,M,L,XL,XXL,XXXL","3","1","10","（仮）通常配送","1","0","","6121","ラベンダー","23","6048","","","","1","0","（仮）","5001-01","ラベンダー","0076","XXL","2900000020267","1790"
"__ITEMID__","5001-01","5.6オンス ハイクオリティー Tシャツ〈アダルト〉","","United Athle 5001-01。5.6オンスの丈夫でしっかりした生地感。豊富なカラーとサイズ展開の定番Tシャツです。","綿100%","S,M,L,XL,XXL,XXXL","3","1","10","（仮）通常配送","1","0","","6122","サックス","24","6048","","","","1","0","（仮）","5001-01","サックス","0082","XXL","2900000020268","1790"
"__ITEMID__","5001-01","5.6オンス ハイクオリティー Tシャツ〈アダルト〉","","United Athle 5001-01。5.6オンスの丈夫でしっかりした生地感。豊富なカラーとサイズ展開の定番Tシャツです。","綿100%","S,M,L,XL,XXL,XXXL","3","1","10","（仮）通常配送","1","0","","6123","アクアブルー","25","6048","","","","1","0","（仮）","5001-01","アクアブルー","0083","XXL","2900000020269","1790"
"__ITEMID__","5001-01","5.6オンス ハイクオリティー Tシャツ〈アダルト〉","","United Athle 5001-01。5.6オンスの丈夫でしっかりした生地感。豊富なカラーとサイズ展開の定番Tシャツです。","綿100%","S,M,L,XL,XXL,XXXL","3","1","10","（仮）通常配送","1","0","","6083","ロイヤルブルー","26","6048","","","","1","0","（仮）","5001-01","ロイヤルブルー","0085","XXL","2900000020270","1790"
"__ITEMID__","5001-01","5.6オンス ハイクオリティー Tシャツ〈アダルト〉","","United Athle 5001-01。5.6オンスの丈夫でしっかりした生地感。豊富なカラーとサイズ展開の定番Tシャツです。","綿100%","S,M,L,XL,XXL,XXXL","3","1","10","（仮）通常配送","1","0","","6087","ネイビー","27","6048","","","","1","0","（仮）","5001-01","ネイビー","0086","XXL","2900000020271","1790"
"__ITEMID__","5001-01","5.6オンス ハイクオリティー Tシャツ〈アダルト〉","","United Athle 5001-01。5.6オンスの丈夫でしっかりした生地感。豊富なカラーとサイズ展開の定番Tシャツです。","綿100%","S,M,L,XL,XXL,XXXL","3","1","10","（仮）通常配送","1","0","","6085","インディゴ","28","6048","","","","1","0","（仮）","5001-01","インディゴ","0087","XXL","2900000020272","1790"
"__ITEMID__","5001-01","5.6オンス ハイクオリティー Tシャツ〈アダルト〉","","United Athle 5001-01。5.6オンスの丈夫でしっかりした生地感。豊富なカラーとサイズ展開の定番Tシャツです。","綿100%","S,M,L,XL,XXL,XXXL","3","1","10","（仮）通常配送","1","0","","6124","スレート","29","6048","","","","1","0","（仮）","5001-01","スレート","0088","XXL","2900000020273","1790"
"__ITEMID__","5001-01","5.6オンス ハイクオリティー Tシャツ〈アダルト〉","","United Athle 5001-01。5.6オンスの丈夫でしっかりした生地感。豊富なカラーとサイズ展開の定番Tシャツです。","綿100%","S,M,L,XL,XXL,XXXL","3","1","10","（仮）通常配送","1","0","","6125","スミ","30","6048","","","","1","0","（仮）","5001-01","スミ","0165","XXL","2900000020274","1790"
"__ITEMID__","5001-01","5.6オンス ハイクオリティー Tシャツ〈アダルト〉","","United Athle 5001-01。5.6オンスの丈夫でしっかりした生地感。豊富なカラーとサイズ展開の定番Tシャツです。","綿100%","S,M,L,XL,XXL,XXXL","3","1","10","（仮）通常配送","1","0","","6126","カナリアイエロー","31","6048","","","","1","0","（仮）","5001-01","カナリアイエロー","0190","XXL","2900000020275","1790"
"__ITEMID__","5001-01","5.6オンス ハイクオリティー Tシャツ〈アダルト〉","","United Athle 5001-01。5.6オンスの丈夫でしっかりした生地感。豊富なカラーとサイズ展開の定番Tシャツです。","綿100%","S,M,L,XL,XXL,XXXL","3","1","10","（仮）通常配送","1","0","","6127","バニラホワイト","32","6048","","","","1","0","（仮）","5001-01","バニラホワイト","0191","XXL","2900000020276","1790"
"__ITEMID__","5001-01","5.6オンス ハイクオリティー Tシャツ〈アダルト〉","","United Athle 5001-01。5.6オンスの丈夫でしっかりした生地感。豊富なカラーとサイズ展開の定番Tシャツです。","綿100%","S,M,L,XL,XXL,XXXL","3","1","10","（仮）通常配送","1","0","","6128","ハイレッド","33","6048","","","","1","0","（仮）","5001-01","ハイレッド","0232","XXL","2900000020277","1790"
"__ITEMID__","5001-01","5.6オンス ハイクオリティー Tシャツ〈アダルト〉","","United Athle 5001-01。5.6オンスの丈夫でしっかりした生地感。豊富なカラーとサイズ展開の定番Tシャツです。","綿100%","S,M,L,XL,XXL,XXXL","3","1","10","（仮）通常配送","1","0","","6080","アシッドブルー","34","6048","","","","1","0","（仮）","5001-01","アシッドブルー","0247","XXL","2900000020278","1790"
"__ITEMID__","5001-01","5.6オンス ハイクオリティー Tシャツ〈アダルト〉","","United Athle 5001-01。5.6オンスの丈夫でしっかりした生地感。豊富なカラーとサイズ展開の定番Tシャツです。","綿100%","S,M,L,XL,XXL,XXXL","3","1","10","（仮）通常配送","1","0","","6129","バナナ","35","6048","","","","1","0","（仮）","5001-01","バナナ","0369","XXL","2900000020279","1790"
"__ITEMID__","5001-01","5.6オンス ハイクオリティー Tシャツ〈アダルト〉","","United Athle 5001-01。5.6オンスの丈夫でしっかりした生地感。豊富なカラーとサイズ展開の定番Tシャツです。","綿100%","S,M,L,XL,XXL,XXXL","3","1","10","（仮）通常配送","1","0","","6130","ライトイエロー","36","6048","","","","1","0","（仮）","5001-01","ライトイエロー","0487","XXL","2900000020280","1790"
"__ITEMID__","5001-01","5.6オンス ハイクオリティー Tシャツ〈アダルト〉","","United Athle 5001-01。5.6オンスの丈夫でしっかりした生地感。豊富なカラーとサイズ展開の定番Tシャツです。","綿100%","S,M,L,XL,XXL,XXXL","3","1","10","（仮）通常配送","1","0","","6079","ライトブルー","37","6048","","","","1","0","（仮）","5001-01","ライトブルー","0488","XXL","2900000020281","1790"
"__ITEMID__","5001-01","5.6オンス ハイクオリティー Tシャツ〈アダルト〉","","United Athle 5001-01。5.6オンスの丈夫でしっかりした生地感。豊富なカラーとサイズ展開の定番Tシャツです。","綿100%","S,M,L,XL,XXL,XXXL","3","1","10","（仮）通常配送","1","0","","6098","ライトパープル","38","6048","","","","1","0","（仮）","5001-01","ライトパープル","0494","XXL","2900000020282","1790"
"__ITEMID__","5001-01","5.6オンス ハイクオリティー Tシャツ〈アダルト〉","","United Athle 5001-01。5.6オンスの丈夫でしっかりした生地感。豊富なカラーとサイズ展開の定番Tシャツです。","綿100%","S,M,L,XL,XXL,XXXL","3","1","10","（仮）通常配送","1","0","","6071","ライトピンク","39","6048","","","","1","0","（仮）","5001-01","ライトピンク","0495","XXL","2900000020283","1790"
"__ITEMID__","5001-01","5.6オンス ハイクオリティー Tシャツ〈アダルト〉","","United Athle 5001-01。5.6オンスの丈夫でしっかりした生地感。豊富なカラーとサイズ展開の定番Tシャツです。","綿100%","S,M,L,XL,XXL,XXXL","3","1","10","（仮）通常配送","1","0","","6094","アイビーグリーン","40","6048","","","","1","0","（仮）","5001-01","アイビーグリーン","0497","XXL","2900000020284","1790"
"__ITEMID__","5001-01","5.6オンス ハイクオリティー Tシャツ〈アダルト〉","","United Athle 5001-01。5.6オンスの丈夫でしっかりした生地感。豊富なカラーとサイズ展開の定番Tシャツです。","綿100%","S,M,L,XL,XXL,XXXL","3","1","10","（仮）通常配送","1","0","","6131","トロピカルピンク","41","6048","","","","1","0","（仮）","5001-01","トロピカルピンク","0511","XXL","2900000020285","1790"
"__ITEMID__","5001-01","5.6オンス ハイクオリティー Tシャツ〈アダルト〉","","United Athle 5001-01。5.6オンスの丈夫でしっかりした生地感。豊富なカラーとサイズ展開の定番Tシャツです。","綿100%","S,M,L,XL,XXL,XXXL","3","1","10","（仮）通常配送","1","0","","6132","サンドカーキ","42","6048","","","","1","0","（仮）","5001-01","サンドカーキ","0537","XXL","2900000020286","1790"
"__ITEMID__","5001-01","5.6オンス ハイクオリティー Tシャツ〈アダルト〉","","United Athle 5001-01。5.6オンスの丈夫でしっかりした生地感。豊富なカラーとサイズ展開の定番Tシャツです。","綿100%","S,M,L,XL,XXL,XXXL","3","1","10","（仮）通常配送","1","0","","6133","ターコイズブルー","43","6048","","","","1","0","（仮）","5001-01","ターコイズブルー","0538","XXL","2900000020287","1790"
"__ITEMID__","5001-01","5.6オンス ハイクオリティー Tシャツ〈アダルト〉","","United Athle 5001-01。5.6オンスの丈夫でしっかりした生地感。豊富なカラーとサイズ展開の定番Tシャツです。","綿100%","S,M,L,XL,XXL,XXXL","3","1","10","（仮）通常配送","1","0","","6134","バイオレットパープル","44","6048","","","","1","0","（仮）","5001-01","バイオレットパープル","0539","XXL","2900000020288","1790"
"__ITEMID__","5001-01","5.6オンス ハイクオリティー Tシャツ〈アダルト〉","","United Athle 5001-01。5.6オンスの丈夫でしっかりした生地感。豊富なカラーとサイズ展開の定番Tシャツです。","綿100%","S,M,L,XL,XXL,XXXL","3","1","10","（仮）通常配送","1","0","","6135","サンドベージュ","45","6048","","","","1","0","（仮）","5001-01","サンドベージュ","0545","XXL","2900000020289","1790"
"__ITEMID__","5001-01","5.6オンス ハイクオリティー Tシャツ〈アダルト〉","","United Athle 5001-01。5.6オンスの丈夫でしっかりした生地感。豊富なカラーとサイズ展開の定番Tシャツです。","綿100%","S,M,L,XL,XXL,XXXL","3","1","10","（仮）通常配送","1","0","","6136","アプリコット","46","6048","","","","1","0","（仮）","5001-01","アプリコット","0574","XXL","2900000020290","1790"
"__ITEMID__","5001-01","5.6オンス ハイクオリティー Tシャツ〈アダルト〉","","United Athle 5001-01。5.6オンスの丈夫でしっかりした生地感。豊富なカラーとサイズ展開の定番Tシャツです。","綿100%","S,M,L,XL,XXL,XXXL","3","1","10","（仮）通常配送","1","0","","6137","アップルグリーン","47","6048","","","","1","0","（仮）","5001-01","アップルグリーン","0575","XXL","2900000020291","1790"
"__ITEMID__","5001-01","5.6オンス ハイクオリティー Tシャツ〈アダルト〉","","United Athle 5001-01。5.6オンスの丈夫でしっかりした生地感。豊富なカラーとサイズ展開の定番Tシャツです。","綿100%","S,M,L,XL,XXL,XXXL","3","1","10","（仮）通常配送","1","0","","6138","ベビーピンク","48","6048","","","","1","0","（仮）","5001-01","ベビーピンク","0576","XXL","2900000020292","1790"
"__ITEMID__","5001-01","5.6オンス ハイクオリティー Tシャツ〈アダルト〉","","United Athle 5001-01。5.6オンスの丈夫でしっかりした生地感。豊富なカラーとサイズ展開の定番Tシャツです。","綿100%","S,M,L,XL,XXL,XXXL","3","1","10","（仮）通常配送","1","0","","6139","ダークヘザーネイビー","49","6048","","","","1","0","（仮）","5001-01","ダークヘザーネイビー","0584","XXL","2900000020293","1790"
"__ITEMID__","5001-01","5.6オンス ハイクオリティー Tシャツ〈アダルト〉","","United Athle 5001-01。5.6オンスの丈夫でしっかりした生地感。豊富なカラーとサイズ展開の定番Tシャツです。","綿100%","S,M,L,XL,XXL,XXXL","3","1","10","（仮）通常配送","1","0","","6140","ダークネイビー","50","6048","","","","1","0","（仮）","5001-01","ダークネイビー","0717","XXL","2900000020294","1790"
"__ITEMID__","5001-01","5.6オンス ハイクオリティー Tシャツ〈アダルト〉","","United Athle 5001-01。5.6オンスの丈夫でしっかりした生地感。豊富なカラーとサイズ展開の定番Tシャツです。","綿100%","S,M,L,XL,XXL,XXXL","3","1","10","（仮）通常配送","1","0","","6141","ヘザーブラック","51","6048","","","","1","0","（仮）","5001-01","ヘザーブラック","0725","XXL","2900000020295","1790"
"__ITEMID__","5001-01","5.6オンス ハイクオリティー Tシャツ〈アダルト〉","","United Athle 5001-01。5.6オンスの丈夫でしっかりした生地感。豊富なカラーとサイズ展開の定番Tシャツです。","綿100%","S,M,L,XL,XXL,XXXL","3","1","10","（仮）通常配送","1","0","","6142","ライトオリーブ","52","6048","","","","1","0","（仮）","5001-01","ライトオリーブ","0739","XXL","2900000020296","1790"
"__ITEMID__","5001-01","5.6オンス ハイクオリティー Tシャツ〈アダルト〉","","United Athle 5001-01。5.6オンスの丈夫でしっかりした生地感。豊富なカラーとサイズ展開の定番Tシャツです。","綿100%","S,M,L,XL,XXL,XXXL","3","1","10","（仮）通常配送","1","0","","6143","ヘイジーブラック","53","6048","","","","1","0","（仮）","5001-01","ヘイジーブラック","0933","XXL","2900000020297","1790"
"__ITEMID__","5001-01","5.6オンス ハイクオリティー Tシャツ〈アダルト〉","","United Athle 5001-01。5.6オンスの丈夫でしっかりした生地感。豊富なカラーとサイズ展開の定番Tシャツです。","綿100%","S,M,L,XL,XXL,XXXL","3","1","10","（仮）通常配送","1","0","","6144","ヘイジーネイビー","54","6048","","","","1","0","（仮）","5001-01","ヘイジーネイビー","0934","XXL","2900000020298","1790"
"__ITEMID__","5001-01","5.6オンス ハイクオリティー Tシャツ〈アダルト〉","","United Athle 5001-01。5.6オンスの丈夫でしっかりした生地感。豊富なカラーとサイズ展開の定番Tシャツです。","綿100%","S,M,L,XL,XXL,XXXL","3","1","10","（仮）通常配送","1","0","","6145","ヘイジーグリーン","55","6048","","","","1","0","（仮）","5001-01","ヘイジーグリーン","0935","XXL","2900000020299","1790"
"__ITEMID__","5001-01","5.6オンス ハイクオリティー Tシャツ〈アダルト〉","","United Athle 5001-01。5.6オンスの丈夫でしっかりした生地感。豊富なカラーとサイズ展開の定番Tシャツです。","綿100%","S,M,L,XL,XXL,XXXL","3","1","10","（仮）通常配送","1","0","","6146","グレイッシュパープル","56","6048","","","","1","0","（仮）","5001-01","グレイッシュパープル","0943","XXL","2900000020300","1790"
"__ITEMID__","5001-01","5.6オンス ハイクオリティー Tシャツ〈アダルト〉","","United Athle 5001-01。5.6オンスの丈夫でしっかりした生地感。豊富なカラーとサイズ展開の定番Tシャツです。","綿100%","S,M,L,XL,XXL,XXXL","3","1","10","（仮）通常配送","1","0","","6147","グレイッシュグリーン","57","6048","","","","1","0","（仮）","5001-01","グレイッシュグリーン","0944","XXL","2900000020301","1790"
"__ITEMID__","5001-01","5.6オンス ハイクオリティー Tシャツ〈アダルト〉","","United Athle 5001-01。5.6オンスの丈夫でしっかりした生地感。豊富なカラーとサイズ展開の定番Tシャツです。","綿100%","S,M,L,XL,XXL,XXXL","3","1","10","（仮）通常配送","1","0","","6148","グレージュ","58","6048","","","","1","0","（仮）","5001-01","グレージュ","0183","XXL","2900000020302","1790"
"__ITEMID__","5001-01","5.6オンス ハイクオリティー Tシャツ〈アダルト〉","","United Athle 5001-01。5.6オンスの丈夫でしっかりした生地感。豊富なカラーとサイズ展開の定番Tシャツです。","綿100%","S,M,L,XL,XXL,XXXL","3","1","10","（仮）通常配送","1","0","","6149","ヘイジーパープル","59","6048","","","","1","0","（仮）","5001-01","ヘイジーパープル","0954","XXL","2900000020303","1790"
"__ITEMID__","5001-01","5.6オンス ハイクオリティー Tシャツ〈アダルト〉","","United Athle 5001-01。5.6オンスの丈夫でしっかりした生地感。豊富なカラーとサイズ展開の定番Tシャツです。","綿100%","S,M,L,XL,XXL,XXXL","3","1","10","（仮）通常配送","1","0","","6150","ヘイジーオレンジ","60","6048","","","","1","0","（仮）","5001-01","ヘイジーオレンジ","0955","XXL","2900000020304","1790"
"__ITEMID__","5001-01","5.6オンス ハイクオリティー Tシャツ〈アダルト〉","","United Athle 5001-01。5.6オンスの丈夫でしっかりした生地感。豊富なカラーとサイズ展開の定番Tシャツです。","綿100%","S,M,L,XL,XXL,XXXL","3","1","10","（仮）通常配送","1","0","","6151","ヘイジーブルー","61","6048","","","","1","0","（仮）","5001-01","ヘイジーブルー","0956","XXL","2900000020305","1790"
"__ITEMID__","5001-01","5.6オンス ハイクオリティー Tシャツ〈アダルト〉","","United Athle 5001-01。5.6オンスの丈夫でしっかりした生地感。豊富なカラーとサイズ展開の定番Tシャツです。","綿100%","S,M,L,XL,XXL,XXXL","3","1","10","（仮）通常配送","1","0","","6052","ホワイト","1","6049","","","","1","0","（仮）","5001-01","ホワイト","0001","XXXL","2900000020306","1820"
"__ITEMID__","5001-01","5.6オンス ハイクオリティー Tシャツ〈アダルト〉","","United Athle 5001-01。5.6オンスの丈夫でしっかりした生地感。豊富なカラーとサイズ展開の定番Tシャツです。","綿100%","S,M,L,XL,XXL,XXXL","3","1","10","（仮）通常配送","1","0","","6060","ブラック","2","6049","","","","1","0","（仮）","5001-01","ブラック","0002","XXXL","2900000020307","2020"
"__ITEMID__","5001-01","5.6オンス ハイクオリティー Tシャツ〈アダルト〉","","United Athle 5001-01。5.6オンスの丈夫でしっかりした生地感。豊富なカラーとサイズ展開の定番Tシャツです。","綿100%","S,M,L,XL,XXL,XXXL","3","1","10","（仮）通常配送","1","0","","6054","アッシュ","3","6049","","","","1","0","（仮）","5001-01","アッシュ","0005","XXXL","2900000020308","2020"
"__ITEMID__","5001-01","5.6オンス ハイクオリティー Tシャツ〈アダルト〉","","United Athle 5001-01。5.6オンスの丈夫でしっかりした生地感。豊富なカラーとサイズ展開の定番Tシャツです。","綿100%","S,M,L,XL,XXL,XXXL","3","1","10","（仮）通常配送","1","0","","6115","ミックスグレー","4","6049","","","","1","0","（仮）","5001-01","ミックスグレー","0006","XXXL","2900000020309","2020"
"__ITEMID__","5001-01","5.6オンス ハイクオリティー Tシャツ〈アダルト〉","","United Athle 5001-01。5.6オンスの丈夫でしっかりした生地感。豊富なカラーとサイズ展開の定番Tシャツです。","綿100%","S,M,L,XL,XXL,XXXL","3","1","10","（仮）通常配送","1","0","","6058","チャコール","5","6049","","","","1","0","（仮）","5001-01","チャコール","0007","XXXL","2900000020310","2020"
"__ITEMID__","5001-01","5.6オンス ハイクオリティー Tシャツ〈アダルト〉","","United Athle 5001-01。5.6オンスの丈夫でしっかりした生地感。豊富なカラーとサイズ展開の定番Tシャツです。","綿100%","S,M,L,XL,XXL,XXXL","3","1","10","（仮）通常配送","1","0","","6055","オートミール","6","6049","","","","1","0","（仮）","5001-01","オートミール","0009","XXXL","2900000020311","2020"
"__ITEMID__","5001-01","5.6オンス ハイクオリティー Tシャツ〈アダルト〉","","United Athle 5001-01。5.6オンスの丈夫でしっかりした生地感。豊富なカラーとサイズ展開の定番Tシャツです。","綿100%","S,M,L,XL,XXL,XXXL","3","1","10","（仮）通常配送","1","0","","6116","ライトグレー","7","6049","","","","1","0","（仮）","5001-01","ライトグレー","0010","XXXL","2900000020312","2020"
"__ITEMID__","5001-01","5.6オンス ハイクオリティー Tシャツ〈アダルト〉","","United Athle 5001-01。5.6オンスの丈夫でしっかりした生地感。豊富なカラーとサイズ展開の定番Tシャツです。","綿100%","S,M,L,XL,XXL,XXXL","3","1","10","（仮）通常配送","1","0","","6053","アイボリー","8","6049","","","","1","0","（仮）","5001-01","アイボリー","0016","XXXL","2900000020313","2020"
"__ITEMID__","5001-01","5.6オンス ハイクオリティー Tシャツ〈アダルト〉","","United Athle 5001-01。5.6オンスの丈夫でしっかりした生地感。豊富なカラーとサイズ展開の定番Tシャツです。","綿100%","S,M,L,XL,XXL,XXXL","3","1","10","（仮）通常配送","1","0","","6063","ナチュラル","9","6049","","","","1","0","（仮）","5001-01","ナチュラル","0019","XXXL","2900000020314","2020"
"__ITEMID__","5001-01","5.6オンス ハイクオリティー Tシャツ〈アダルト〉","","United Athle 5001-01。5.6オンスの丈夫でしっかりした生地感。豊富なカラーとサイズ展開の定番Tシャツです。","綿100%","S,M,L,XL,XXL,XXXL","3","1","10","（仮）通常配送","1","0","","6065","イエロー","10","6049","","","","1","0","（仮）","5001-01","イエロー","0021","XXXL","2900000020315","2020"
"__ITEMID__","5001-01","5.6オンス ハイクオリティー Tシャツ〈アダルト〉","","United Athle 5001-01。5.6オンスの丈夫でしっかりした生地感。豊富なカラーとサイズ展開の定番Tシャツです。","綿100%","S,M,L,XL,XXL,XXXL","3","1","10","（仮）通常配送","1","0","","6117","ゴールド","11","6049","","","","1","0","（仮）","5001-01","ゴールド","0022","XXXL","2900000020316","2020"
"__ITEMID__","5001-01","5.6オンス ハイクオリティー Tシャツ〈アダルト〉","","United Athle 5001-01。5.6オンスの丈夫でしっかりした生地感。豊富なカラーとサイズ展開の定番Tシャツです。","綿100%","S,M,L,XL,XXL,XXXL","3","1","10","（仮）通常配送","1","0","","6118","ミントグリーン","12","6049","","","","1","0","（仮）","5001-01","ミントグリーン","0024","XXXL","2900000020317","2020"
"__ITEMID__","5001-01","5.6オンス ハイクオリティー Tシャツ〈アダルト〉","","United Athle 5001-01。5.6オンスの丈夫でしっかりした生地感。豊富なカラーとサイズ展開の定番Tシャツです。","綿100%","S,M,L,XL,XXL,XXXL","3","1","10","（仮）通常配送","1","0","","6093","グリーン","13","6049","","","","1","0","（仮）","5001-01","グリーン","0029","XXXL","2900000020318","2020"
"__ITEMID__","5001-01","5.6オンス ハイクオリティー Tシャツ〈アダルト〉","","United Athle 5001-01。5.6オンスの丈夫でしっかりした生地感。豊富なカラーとサイズ展開の定番Tシャツです。","綿100%","S,M,L,XL,XXL,XXXL","3","1","10","（仮）通常配送","1","0","","6119","シティグリーン","14","6049","","","","1","0","（仮）","5001-01","シティグリーン","0035","XXXL","2900000020319","2020"
"__ITEMID__","5001-01","5.6オンス ハイクオリティー Tシャツ〈アダルト〉","","United Athle 5001-01。5.6オンスの丈夫でしっかりした生地感。豊富なカラーとサイズ展開の定番Tシャツです。","綿100%","S,M,L,XL,XXL,XXXL","3","1","10","（仮）通常配送","1","0","","6120","メロン","15","6049","","","","1","0","（仮）","5001-01","メロン","0037","XXXL","2900000020320","2020"
"__ITEMID__","5001-01","5.6オンス ハイクオリティー Tシャツ〈アダルト〉","","United Athle 5001-01。5.6オンスの丈夫でしっかりした生地感。豊富なカラーとサイズ展開の定番Tシャツです。","綿100%","S,M,L,XL,XXL,XXXL","3","1","10","（仮）通常配送","1","0","","6078","ダークブラウン","16","6049","","","","1","0","（仮）","5001-01","ダークブラウン","0052","XXXL","2900000020321","2020"
"__ITEMID__","5001-01","5.6オンス ハイクオリティー Tシャツ〈アダルト〉","","United Athle 5001-01。5.6オンスの丈夫でしっかりした生地感。豊富なカラーとサイズ展開の定番Tシャツです。","綿100%","S,M,L,XL,XXL,XXXL","3","1","10","（仮）通常配送","1","0","","6062","ライトベージュ","17","6049","","","","1","0","（仮）","5001-01","ライトベージュ","0053","XXXL","2900000020322","2020"
"__ITEMID__","5001-01","5.6オンス ハイクオリティー Tシャツ〈アダルト〉","","United Athle 5001-01。5.6オンスの丈夫でしっかりした生地感。豊富なカラーとサイズ展開の定番Tシャツです。","綿100%","S,M,L,XL,XXL,XXXL","3","1","10","（仮）通常配送","1","0","","6099","パープル","18","6049","","","","1","0","（仮）","5001-01","パープル","0062","XXXL","2900000020323","2020"
"__ITEMID__","5001-01","5.6オンス ハイクオリティー Tシャツ〈アダルト〉","","United Athle 5001-01。5.6オンスの丈夫でしっかりした生地感。豊富なカラーとサイズ展開の定番Tシャツです。","綿100%","S,M,L,XL,XXL,XXXL","3","1","10","（仮）通常配送","1","0","","6067","オレンジ","19","6049","","","","1","0","（仮）","5001-01","オレンジ","0064","XXXL","2900000020324","2020"
"__ITEMID__","5001-01","5.6オンス ハイクオリティー Tシャツ〈アダルト〉","","United Athle 5001-01。5.6オンスの丈夫でしっかりした生地感。豊富なカラーとサイズ展開の定番Tシャツです。","綿100%","S,M,L,XL,XXL,XXXL","3","1","10","（仮）通常配送","1","0","","6073","ピンク","20","6049","","","","1","0","（仮）","5001-01","ピンク","0066","XXXL","2900000020325","2020"
"__ITEMID__","5001-01","5.6オンス ハイクオリティー Tシャツ〈アダルト〉","","United Athle 5001-01。5.6オンスの丈夫でしっかりした生地感。豊富なカラーとサイズ展開の定番Tシャツです。","綿100%","S,M,L,XL,XXL,XXXL","3","1","10","（仮）通常配送","1","0","","6068","レッド","21","6049","","","","1","0","（仮）","5001-01","レッド","0069","XXXL","2900000020326","2020"
"__ITEMID__","5001-01","5.6オンス ハイクオリティー Tシャツ〈アダルト〉","","United Athle 5001-01。5.6オンスの丈夫でしっかりした生地感。豊富なカラーとサイズ展開の定番Tシャツです。","綿100%","S,M,L,XL,XXL,XXXL","3","1","10","（仮）通常配送","1","0","","6075","バーガンディ","22","6049","","","","1","0","（仮）","5001-01","バーガンディ","0072","XXXL","2900000020327","2020"
"__ITEMID__","5001-01","5.6オンス ハイクオリティー Tシャツ〈アダルト〉","","United Athle 5001-01。5.6オンスの丈夫でしっかりした生地感。豊富なカラーとサイズ展開の定番Tシャツです。","綿100%","S,M,L,XL,XXL,XXXL","3","1","10","（仮）通常配送","1","0","","6121","ラベンダー","23","6049","","","","1","0","（仮）","5001-01","ラベンダー","0076","XXXL","2900000020328","2020"
"__ITEMID__","5001-01","5.6オンス ハイクオリティー Tシャツ〈アダルト〉","","United Athle 5001-01。5.6オンスの丈夫でしっかりした生地感。豊富なカラーとサイズ展開の定番Tシャツです。","綿100%","S,M,L,XL,XXL,XXXL","3","1","10","（仮）通常配送","1","0","","6122","サックス","24","6049","","","","1","0","（仮）","5001-01","サックス","0082","XXXL","2900000020329","2020"
"__ITEMID__","5001-01","5.6オンス ハイクオリティー Tシャツ〈アダルト〉","","United Athle 5001-01。5.6オンスの丈夫でしっかりした生地感。豊富なカラーとサイズ展開の定番Tシャツです。","綿100%","S,M,L,XL,XXL,XXXL","3","1","10","（仮）通常配送","1","0","","6123","アクアブルー","25","6049","","","","1","0","（仮）","5001-01","アクアブルー","0083","XXXL","2900000020330","2020"
"__ITEMID__","5001-01","5.6オンス ハイクオリティー Tシャツ〈アダルト〉","","United Athle 5001-01。5.6オンスの丈夫でしっかりした生地感。豊富なカラーとサイズ展開の定番Tシャツです。","綿100%","S,M,L,XL,XXL,XXXL","3","1","10","（仮）通常配送","1","0","","6083","ロイヤルブルー","26","6049","","","","1","0","（仮）","5001-01","ロイヤルブルー","0085","XXXL","2900000020331","2020"
"__ITEMID__","5001-01","5.6オンス ハイクオリティー Tシャツ〈アダルト〉","","United Athle 5001-01。5.6オンスの丈夫でしっかりした生地感。豊富なカラーとサイズ展開の定番Tシャツです。","綿100%","S,M,L,XL,XXL,XXXL","3","1","10","（仮）通常配送","1","0","","6087","ネイビー","27","6049","","","","1","0","（仮）","5001-01","ネイビー","0086","XXXL","2900000020332","2020"
"__ITEMID__","5001-01","5.6オンス ハイクオリティー Tシャツ〈アダルト〉","","United Athle 5001-01。5.6オンスの丈夫でしっかりした生地感。豊富なカラーとサイズ展開の定番Tシャツです。","綿100%","S,M,L,XL,XXL,XXXL","3","1","10","（仮）通常配送","1","0","","6085","インディゴ","28","6049","","","","1","0","（仮）","5001-01","インディゴ","0087","XXXL","2900000020333","2020"
"__ITEMID__","5001-01","5.6オンス ハイクオリティー Tシャツ〈アダルト〉","","United Athle 5001-01。5.6オンスの丈夫でしっかりした生地感。豊富なカラーとサイズ展開の定番Tシャツです。","綿100%","S,M,L,XL,XXL,XXXL","3","1","10","（仮）通常配送","1","0","","6124","スレート","29","6049","","","","1","0","（仮）","5001-01","スレート","0088","XXXL","2900000020334","2020"
"__ITEMID__","5001-01","5.6オンス ハイクオリティー Tシャツ〈アダルト〉","","United Athle 5001-01。5.6オンスの丈夫でしっかりした生地感。豊富なカラーとサイズ展開の定番Tシャツです。","綿100%","S,M,L,XL,XXL,XXXL","3","1","10","（仮）通常配送","1","0","","6125","スミ","30","6049","","","","1","0","（仮）","5001-01","スミ","0165","XXXL","2900000020335","2020"
"__ITEMID__","5001-01","5.6オンス ハイクオリティー Tシャツ〈アダルト〉","","United Athle 5001-01。5.6オンスの丈夫でしっかりした生地感。豊富なカラーとサイズ展開の定番Tシャツです。","綿100%","S,M,L,XL,XXL,XXXL","3","1","10","（仮）通常配送","1","0","","6126","カナリアイエロー","31","6049","","","","1","0","（仮）","5001-01","カナリアイエロー","0190","XXXL","2900000020336","2020"
"__ITEMID__","5001-01","5.6オンス ハイクオリティー Tシャツ〈アダルト〉","","United Athle 5001-01。5.6オンスの丈夫でしっかりした生地感。豊富なカラーとサイズ展開の定番Tシャツです。","綿100%","S,M,L,XL,XXL,XXXL","3","1","10","（仮）通常配送","1","0","","6127","バニラホワイト","32","6049","","","","1","0","（仮）","5001-01","バニラホワイト","0191","XXXL","2900000020337","2020"
"__ITEMID__","5001-01","5.6オンス ハイクオリティー Tシャツ〈アダルト〉","","United Athle 5001-01。5.6オンスの丈夫でしっかりした生地感。豊富なカラーとサイズ展開の定番Tシャツです。","綿100%","S,M,L,XL,XXL,XXXL","3","1","10","（仮）通常配送","1","0","","6128","ハイレッド","33","6049","","","","1","0","（仮）","5001-01","ハイレッド","0232","XXXL","2900000020338","2020"
"__ITEMID__","5001-01","5.6オンス ハイクオリティー Tシャツ〈アダルト〉","","United Athle 5001-01。5.6オンスの丈夫でしっかりした生地感。豊富なカラーとサイズ展開の定番Tシャツです。","綿100%","S,M,L,XL,XXL,XXXL","3","1","10","（仮）通常配送","1","0","","6080","アシッドブルー","34","6049","","","","1","0","（仮）","5001-01","アシッドブルー","0247","XXXL","2900000020339","2020"
"__ITEMID__","5001-01","5.6オンス ハイクオリティー Tシャツ〈アダルト〉","","United Athle 5001-01。5.6オンスの丈夫でしっかりした生地感。豊富なカラーとサイズ展開の定番Tシャツです。","綿100%","S,M,L,XL,XXL,XXXL","3","1","10","（仮）通常配送","1","0","","6129","バナナ","35","6049","","","","1","0","（仮）","5001-01","バナナ","0369","XXXL","2900000020340","2020"
"__ITEMID__","5001-01","5.6オンス ハイクオリティー Tシャツ〈アダルト〉","","United Athle 5001-01。5.6オンスの丈夫でしっかりした生地感。豊富なカラーとサイズ展開の定番Tシャツです。","綿100%","S,M,L,XL,XXL,XXXL","3","1","10","（仮）通常配送","1","0","","6130","ライトイエロー","36","6049","","","","1","0","（仮）","5001-01","ライトイエロー","0487","XXXL","2900000020341","2020"
"__ITEMID__","5001-01","5.6オンス ハイクオリティー Tシャツ〈アダルト〉","","United Athle 5001-01。5.6オンスの丈夫でしっかりした生地感。豊富なカラーとサイズ展開の定番Tシャツです。","綿100%","S,M,L,XL,XXL,XXXL","3","1","10","（仮）通常配送","1","0","","6079","ライトブルー","37","6049","","","","1","0","（仮）","5001-01","ライトブルー","0488","XXXL","2900000020342","2020"
"__ITEMID__","5001-01","5.6オンス ハイクオリティー Tシャツ〈アダルト〉","","United Athle 5001-01。5.6オンスの丈夫でしっかりした生地感。豊富なカラーとサイズ展開の定番Tシャツです。","綿100%","S,M,L,XL,XXL,XXXL","3","1","10","（仮）通常配送","1","0","","6098","ライトパープル","38","6049","","","","1","0","（仮）","5001-01","ライトパープル","0494","XXXL","2900000020343","2020"
"__ITEMID__","5001-01","5.6オンス ハイクオリティー Tシャツ〈アダルト〉","","United Athle 5001-01。5.6オンスの丈夫でしっかりした生地感。豊富なカラーとサイズ展開の定番Tシャツです。","綿100%","S,M,L,XL,XXL,XXXL","3","1","10","（仮）通常配送","1","0","","6071","ライトピンク","39","6049","","","","1","0","（仮）","5001-01","ライトピンク","0495","XXXL","2900000020344","2020"
"__ITEMID__","5001-01","5.6オンス ハイクオリティー Tシャツ〈アダルト〉","","United Athle 5001-01。5.6オンスの丈夫でしっかりした生地感。豊富なカラーとサイズ展開の定番Tシャツです。","綿100%","S,M,L,XL,XXL,XXXL","3","1","10","（仮）通常配送","1","0","","6094","アイビーグリーン","40","6049","","","","1","0","（仮）","5001-01","アイビーグリーン","0497","XXXL","2900000020345","2020"
"__ITEMID__","5001-01","5.6オンス ハイクオリティー Tシャツ〈アダルト〉","","United Athle 5001-01。5.6オンスの丈夫でしっかりした生地感。豊富なカラーとサイズ展開の定番Tシャツです。","綿100%","S,M,L,XL,XXL,XXXL","3","1","10","（仮）通常配送","1","0","","6131","トロピカルピンク","41","6049","","","","1","0","（仮）","5001-01","トロピカルピンク","0511","XXXL","2900000020346","2020"
"__ITEMID__","5001-01","5.6オンス ハイクオリティー Tシャツ〈アダルト〉","","United Athle 5001-01。5.6オンスの丈夫でしっかりした生地感。豊富なカラーとサイズ展開の定番Tシャツです。","綿100%","S,M,L,XL,XXL,XXXL","3","1","10","（仮）通常配送","1","0","","6132","サンドカーキ","42","6049","","","","1","0","（仮）","5001-01","サンドカーキ","0537","XXXL","2900000020347","2020"
"__ITEMID__","5001-01","5.6オンス ハイクオリティー Tシャツ〈アダルト〉","","United Athle 5001-01。5.6オンスの丈夫でしっかりした生地感。豊富なカラーとサイズ展開の定番Tシャツです。","綿100%","S,M,L,XL,XXL,XXXL","3","1","10","（仮）通常配送","1","0","","6133","ターコイズブルー","43","6049","","","","1","0","（仮）","5001-01","ターコイズブルー","0538","XXXL","2900000020348","2020"
"__ITEMID__","5001-01","5.6オンス ハイクオリティー Tシャツ〈アダルト〉","","United Athle 5001-01。5.6オンスの丈夫でしっかりした生地感。豊富なカラーとサイズ展開の定番Tシャツです。","綿100%","S,M,L,XL,XXL,XXXL","3","1","10","（仮）通常配送","1","0","","6134","バイオレットパープル","44","6049","","","","1","0","（仮）","5001-01","バイオレットパープル","0539","XXXL","2900000020349","2020"
"__ITEMID__","5001-01","5.6オンス ハイクオリティー Tシャツ〈アダルト〉","","United Athle 5001-01。5.6オンスの丈夫でしっかりした生地感。豊富なカラーとサイズ展開の定番Tシャツです。","綿100%","S,M,L,XL,XXL,XXXL","3","1","10","（仮）通常配送","1","0","","6135","サンドベージュ","45","6049","","","","1","0","（仮）","5001-01","サンドベージュ","0545","XXXL","2900000020350","2020"
"__ITEMID__","5001-01","5.6オンス ハイクオリティー Tシャツ〈アダルト〉","","United Athle 5001-01。5.6オンスの丈夫でしっかりした生地感。豊富なカラーとサイズ展開の定番Tシャツです。","綿100%","S,M,L,XL,XXL,XXXL","3","1","10","（仮）通常配送","1","0","","6136","アプリコット","46","6049","","","","1","0","（仮）","5001-01","アプリコット","0574","XXXL","2900000020351","2020"
"__ITEMID__","5001-01","5.6オンス ハイクオリティー Tシャツ〈アダルト〉","","United Athle 5001-01。5.6オンスの丈夫でしっかりした生地感。豊富なカラーとサイズ展開の定番Tシャツです。","綿100%","S,M,L,XL,XXL,XXXL","3","1","10","（仮）通常配送","1","0","","6137","アップルグリーン","47","6049","","","","1","0","（仮）","5001-01","アップルグリーン","0575","XXXL","2900000020352","2020"
"__ITEMID__","5001-01","5.6オンス ハイクオリティー Tシャツ〈アダルト〉","","United Athle 5001-01。5.6オンスの丈夫でしっかりした生地感。豊富なカラーとサイズ展開の定番Tシャツです。","綿100%","S,M,L,XL,XXL,XXXL","3","1","10","（仮）通常配送","1","0","","6138","ベビーピンク","48","6049","","","","1","0","（仮）","5001-01","ベビーピンク","0576","XXXL","2900000020353","2020"
"__ITEMID__","5001-01","5.6オンス ハイクオリティー Tシャツ〈アダルト〉","","United Athle 5001-01。5.6オンスの丈夫でしっかりした生地感。豊富なカラーとサイズ展開の定番Tシャツです。","綿100%","S,M,L,XL,XXL,XXXL","3","1","10","（仮）通常配送","1","0","","6139","ダークヘザーネイビー","49","6049","","","","1","0","（仮）","5001-01","ダークヘザーネイビー","0584","XXXL","2900000020354","2020"
"__ITEMID__","5001-01","5.6オンス ハイクオリティー Tシャツ〈アダルト〉","","United Athle 5001-01。5.6オンスの丈夫でしっかりした生地感。豊富なカラーとサイズ展開の定番Tシャツです。","綿100%","S,M,L,XL,XXL,XXXL","3","1","10","（仮）通常配送","1","0","","6140","ダークネイビー","50","6049","","","","1","0","（仮）","5001-01","ダークネイビー","0717","XXXL","2900000020355","2020"
"__ITEMID__","5001-01","5.6オンス ハイクオリティー Tシャツ〈アダルト〉","","United Athle 5001-01。5.6オンスの丈夫でしっかりした生地感。豊富なカラーとサイズ展開の定番Tシャツです。","綿100%","S,M,L,XL,XXL,XXXL","3","1","10","（仮）通常配送","1","0","","6141","ヘザーブラック","51","6049","","","","1","0","（仮）","5001-01","ヘザーブラック","0725","XXXL","2900000020356","2020"
"__ITEMID__","5001-01","5.6オンス ハイクオリティー Tシャツ〈アダルト〉","","United Athle 5001-01。5.6オンスの丈夫でしっかりした生地感。豊富なカラーとサイズ展開の定番Tシャツです。","綿100%","S,M,L,XL,XXL,XXXL","3","1","10","（仮）通常配送","1","0","","6142","ライトオリーブ","52","6049","","","","1","0","（仮）","5001-01","ライトオリーブ","0739","XXXL","2900000020357","2020"
"__ITEMID__","5001-01","5.6オンス ハイクオリティー Tシャツ〈アダルト〉","","United Athle 5001-01。5.6オンスの丈夫でしっかりした生地感。豊富なカラーとサイズ展開の定番Tシャツです。","綿100%","S,M,L,XL,XXL,XXXL","3","1","10","（仮）通常配送","1","0","","6143","ヘイジーブラック","53","6049","","","","1","0","（仮）","5001-01","ヘイジーブラック","0933","XXXL","2900000020358","2020"
"__ITEMID__","5001-01","5.6オンス ハイクオリティー Tシャツ〈アダルト〉","","United Athle 5001-01。5.6オンスの丈夫でしっかりした生地感。豊富なカラーとサイズ展開の定番Tシャツです。","綿100%","S,M,L,XL,XXL,XXXL","3","1","10","（仮）通常配送","1","0","","6144","ヘイジーネイビー","54","6049","","","","1","0","（仮）","5001-01","ヘイジーネイビー","0934","XXXL","2900000020359","2020"
"__ITEMID__","5001-01","5.6オンス ハイクオリティー Tシャツ〈アダルト〉","","United Athle 5001-01。5.6オンスの丈夫でしっかりした生地感。豊富なカラーとサイズ展開の定番Tシャツです。","綿100%","S,M,L,XL,XXL,XXXL","3","1","10","（仮）通常配送","1","0","","6145","ヘイジーグリーン","55","6049","","","","1","0","（仮）","5001-01","ヘイジーグリーン","0935","XXXL","2900000020360","2020"
"__ITEMID__","5001-01","5.6オンス ハイクオリティー Tシャツ〈アダルト〉","","United Athle 5001-01。5.6オンスの丈夫でしっかりした生地感。豊富なカラーとサイズ展開の定番Tシャツです。","綿100%","S,M,L,XL,XXL,XXXL","3","1","10","（仮）通常配送","1","0","","6146","グレイッシュパープル","56","6049","","","","1","0","（仮）","5001-01","グレイッシュパープル","0943","XXXL","2900000020361","2020"
"__ITEMID__","5001-01","5.6オンス ハイクオリティー Tシャツ〈アダルト〉","","United Athle 5001-01。5.6オンスの丈夫でしっかりした生地感。豊富なカラーとサイズ展開の定番Tシャツです。","綿100%","S,M,L,XL,XXL,XXXL","3","1","10","（仮）通常配送","1","0","","6147","グレイッシュグリーン","57","6049","","","","1","0","（仮）","5001-01","グレイッシュグリーン","0944","XXXL","2900000020362","2020"
"__ITEMID__","5001-01","5.6オンス ハイクオリティー Tシャツ〈アダルト〉","","United Athle 5001-01。5.6オンスの丈夫でしっかりした生地感。豊富なカラーとサイズ展開の定番Tシャツです。","綿100%","S,M,L,XL,XXL,XXXL","3","1","10","（仮）通常配送","1","0","","6148","グレージュ","58","6049","","","","1","0","（仮）","5001-01","グレージュ","0183","XXXL","2900000020363","2020"
"__ITEMID__","5001-01","5.6オンス ハイクオリティー Tシャツ〈アダルト〉","","United Athle 5001-01。5.6オンスの丈夫でしっかりした生地感。豊富なカラーとサイズ展開の定番Tシャツです。","綿100%","S,M,L,XL,XXL,XXXL","3","1","10","（仮）通常配送","1","0","","6149","ヘイジーパープル","59","6049","","","","1","0","（仮）","5001-01","ヘイジーパープル","0954","XXXL","2900000020364","2020"
"__ITEMID__","5001-01","5.6オンス ハイクオリティー Tシャツ〈アダルト〉","","United Athle 5001-01。5.6オンスの丈夫でしっかりした生地感。豊富なカラーとサイズ展開の定番Tシャツです。","綿100%","S,M,L,XL,XXL,XXXL","3","1","10","（仮）通常配送","1","0","","6150","ヘイジーオレンジ","60","6049","","","","1","0","（仮）","5001-01","ヘイジーオレンジ","0955","XXXL","2900000020365","2020"
"__ITEMID__","5001-01","5.6オンス ハイクオリティー Tシャツ〈アダルト〉","","United Athle 5001-01。5.6オンスの丈夫でしっかりした生地感。豊富なカラーとサイズ展開の定番Tシャツです。","綿100%","S,M,L,XL,XXL,XXXL","3","1","10","（仮）通常配送","1","0","","6151","ヘイジーブルー","61","6049","","","","1","0","（仮）","5001-01","ヘイジーブルー","0956","XXXL","2900000020366","2020"
