"アイテムID(NC)","アイテムコード","名称","代表画像ファイル名(NC)","説明","素材","サイズHTML","表示順","アイテム表示可否","納期(日)","配送コメント","最低数量","アイテムプラットフォームプリセット","アイテム個体ID","カラーID","カラー名称(NC)","カラー表示順","サイズID","サイズ名称(NC)","3DモデルID","3Dモデル名称(NC)","アイテム個体表示可否","アイテム個体プラットフォームプリセット","ベンダー名(ベンダー情報)","アイテム型番(ベンダー情報)","カラー名(ベンダー情報)","カラーコード(ベンダー情報)","サイズ名(ベンダー情報)","JAN(ベンダー情報)","価格(ベンダー情報)"
"13567","2020-01","2020-01 4.7オンス スペシャルドライカノコ ポロシャツ（ローブリード）","","United Athle 2020-01。4.7オンス スペシャルドライカノコ ポロシャツ（ローブリード）。","ポリエステル100%","XS,S,M,L,XL,XXL,XXXL,XXXXL,5XL","3","1","10","（仮）通常配送","1","0","","6052","ホワイト","1","6046","","","","1","0","（仮）","2020-01","ホワイト","0001","XS","2900000030001","1790"
"13567","2020-01","2020-01 4.7オンス スペシャルドライカノコ ポロシャツ（ローブリード）","","United Athle 2020-01。4.7オンス スペシャルドライカノコ ポロシャツ（ローブリード）。","ポリエステル100%","XS,S,M,L,XL,XXL,XXXL,XXXXL,5XL","3","1","10","（仮）通常配送","1","0","","6060","ブラック","2","6046","","","","1","0","（仮）","2020-01","ブラック","0002","XS","2900000030002","1790"
"13567","2020-01","2020-01 4.7オンス スペシャルドライカノコ ポロシャツ（ローブリード）","","United Athle 2020-01。4.7オンス スペシャルドライカノコ ポロシャツ（ローブリード）。","ポリエステル100%","XS,S,M,L,XL,XXL,XXXL,XXXXL,5XL","3","1","10","（仮）通常配送","1","0","","6241","ミックスグレー","3","6046","","","","1","0","（仮）","2020-01","ミックスグレー","0006","XS","2900000030003","1790"
"13567","2020-01","2020-01 4.7オンス スペシャルドライカノコ ポロシャツ（ローブリード）","","United Athle 2020-01。4.7オンス スペシャルドライカノコ ポロシャツ（ローブリード）。","ポリエステル100%","XS,S,M,L,XL,XXL,XXXL,XXXXL,5XL","3","1","10","（仮）通常配送","1","0","","6093","グリーン","4","6046","","","","1","0","（仮）","2020-01","グリーン","0029","XS","2900000030004","1790"
"13567","2020-01","2020-01 4.7オンス スペシャルドライカノコ ポロシャツ（ローブリード）","","United Athle 2020-01。4.7オンス スペシャルドライカノコ ポロシャツ（ローブリード）。","ポリエステル100%","XS,S,M,L,XL,XXL,XXXL,XXXXL,5XL","3","1","10","（仮）通常配送","1","0","","6245","シティグリーン","5","6046","","","","1","0","（仮）","2020-01","シティグリーン","0035","XS","2900000030005","1790"
"13567","2020-01","2020-01 4.7オンス スペシャルドライカノコ ポロシャツ（ローブリード）","","United Athle 2020-01。4.7オンス スペシャルドライカノコ ポロシャツ（ローブリード）。","ポリエステル100%","XS,S,M,L,XL,XXL,XXXL,XXXXL,5XL","3","1","10","（仮）通常配送","1","0","","6068","レッド","6","6046","","","","1","0","（仮）","2020-01","レッド","0069","XS","2900000030006","1790"
"13567","2020-01","2020-01 4.7オンス スペシャルドライカノコ ポロシャツ（ローブリード）","","United Athle 2020-01。4.7オンス スペシャルドライカノコ ポロシャツ（ローブリード）。","ポリエステル100%","XS,S,M,L,XL,XXL,XXXL,XXXXL,5XL","3","1","10","（仮）通常配送","1","0","","6075","バーガンディ","7","6046","","","","1","0","（仮）","2020-01","バーガンディ","0072","XS","2900000030007","1790"
"13567","2020-01","2020-01 4.7オンス スペシャルドライカノコ ポロシャツ（ローブリード）","","United Athle 2020-01。4.7オンス スペシャルドライカノコ ポロシャツ（ローブリード）。","ポリエステル100%","XS,S,M,L,XL,XXL,XXXL,XXXXL,5XL","3","1","10","（仮）通常配送","1","0","","6278","コバルトブルー","8","6046","","","","1","0","（仮）","2020-01","コバルトブルー","0084","XS","2900000030008","1790"
"13567","2020-01","2020-01 4.7オンス スペシャルドライカノコ ポロシャツ（ローブリード）","","United Athle 2020-01。4.7オンス スペシャルドライカノコ ポロシャツ（ローブリード）。","ポリエステル100%","XS,S,M,L,XL,XXL,XXXL,XXXXL,5XL","3","1","10","（仮）通常配送","1","0","","6087","ネイビー","9","6046","","","","1","0","（仮）","2020-01","ネイビー","0086","XS","2900000030009","1790"
"13567","2020-01","2020-01 4.7オンス スペシャルドライカノコ ポロシャツ（ローブリード）","","United Athle 2020-01。4.7オンス スペシャルドライカノコ ポロシャツ（ローブリード）。","ポリエステル100%","XS,S,M,L,XL,XXL,XXXL,XXXXL,5XL","3","1","10","（仮）通常配送","1","0","","6085","インディゴ","10","6046","","","","1","0","（仮）","2020-01","インディゴ","0087","XS","2900000030010","1790"
"13567","2020-01","2020-01 4.7オンス スペシャルドライカノコ ポロシャツ（ローブリード）","","United Athle 2020-01。4.7オンス スペシャルドライカノコ ポロシャツ（ローブリード）。","ポリエステル100%","XS,S,M,L,XL,XXL,XXXL,XXXXL,5XL","3","1","10","（仮）通常配送","1","0","","6252","カナリアイエロー","11","6046","","","","1","0","（仮）","2020-01","カナリアイエロー","0190","XS","2900000030011","1790"
"13567","2020-01","2020-01 4.7オンス スペシャルドライカノコ ポロシャツ（ローブリード）","","United Athle 2020-01。4.7オンス スペシャルドライカノコ ポロシャツ（ローブリード）。","ポリエステル100%","XS,S,M,L,XL,XXL,XXXL,XXXXL,5XL","3","1","10","（仮）通常配送","1","0","","6279","カーボン","12","6046","","","","1","0","（仮）","2020-01","カーボン","0198","XS","2900000030012","1790"
"13567","2020-01","2020-01 4.7オンス スペシャルドライカノコ ポロシャツ（ローブリード）","","United Athle 2020-01。4.7オンス スペシャルドライカノコ ポロシャツ（ローブリード）。","ポリエステル100%","XS,S,M,L,XL,XXL,XXXL,XXXXL,5XL","3","1","10","（仮）通常配送","1","0","","6079","ライトブルー","13","6046","","","","1","0","（仮）","2020-01","ライトブルー","0488","XS","2900000030013","1790"
"13567","2020-01","2020-01 4.7オンス スペシャルドライカノコ ポロシャツ（ローブリード）","","United Athle 2020-01。4.7オンス スペシャルドライカノコ ポロシャツ（ローブリード）。","ポリエステル100%","XS,S,M,L,XL,XXL,XXXL,XXXXL,5XL","3","1","10","（仮）通常配送","1","0","","6258","サンドカーキ","14","6046","","","","1","0","（仮）","2020-01","サンドカーキ","0537","XS","2900000030014","1790"
"13567","2020-01","2020-01 4.7オンス スペシャルドライカノコ ポロシャツ（ローブリード）","","United Athle 2020-01。4.7オンス スペシャルドライカノコ ポロシャツ（ローブリード）。","ポリエステル100%","XS,S,M,L,XL,XXL,XXXL,XXXXL,5XL","3","1","10","（仮）通常配送","1","0","","6259","ターコイズブルー","15","6046","","","","1","0","（仮）","2020-01","ターコイズブルー","0538","XS","2900000030015","1790"
"13567","2020-01","2020-01 4.7オンス スペシャルドライカノコ ポロシャツ（ローブリード）","","United Athle 2020-01。4.7オンス スペシャルドライカノコ ポロシャツ（ローブリード）。","ポリエステル100%","XS,S,M,L,XL,XXL,XXXL,XXXXL,5XL","3","1","10","（仮）通常配送","1","0","","6280","ヘザーチャコール","16","6046","","","","1","0","（仮）","2020-01","ヘザーチャコール","0598","XS","2900000030016","1790"
"13567","2020-01","2020-01 4.7オンス スペシャルドライカノコ ポロシャツ（ローブリード）","","United Athle 2020-01。4.7オンス スペシャルドライカノコ ポロシャツ（ローブリード）。","ポリエステル100%","XS,S,M,L,XL,XXL,XXXL,XXXXL,5XL","3","1","10","（仮）通常配送","1","0","","6052","ホワイト","1","5018","","","","1","0","（仮）","2020-01","ホワイト","0001","S","2900000030017","1790"
"13567","2020-01","2020-01 4.7オンス スペシャルドライカノコ ポロシャツ（ローブリード）","","United Athle 2020-01。4.7オンス スペシャルドライカノコ ポロシャツ（ローブリード）。","ポリエステル100%","XS,S,M,L,XL,XXL,XXXL,XXXXL,5XL","3","1","10","（仮）通常配送","1","0","","6060","ブラック","2","5018","","","","1","0","（仮）","2020-01","ブラック","0002","S","2900000030018","1790"
"13567","2020-01","2020-01 4.7オンス スペシャルドライカノコ ポロシャツ（ローブリード）","","United Athle 2020-01。4.7オンス スペシャルドライカノコ ポロシャツ（ローブリード）。","ポリエステル100%","XS,S,M,L,XL,XXL,XXXL,XXXXL,5XL","3","1","10","（仮）通常配送","1","0","","6241","ミックスグレー","3","5018","","","","1","0","（仮）","2020-01","ミックスグレー","0006","S","2900000030019","1790"
"13567","2020-01","2020-01 4.7オンス スペシャルドライカノコ ポロシャツ（ローブリード）","","United Athle 2020-01。4.7オンス スペシャルドライカノコ ポロシャツ（ローブリード）。","ポリエステル100%","XS,S,M,L,XL,XXL,XXXL,XXXXL,5XL","3","1","10","（仮）通常配送","1","0","","6093","グリーン","4","5018","","","","1","0","（仮）","2020-01","グリーン","0029","S","2900000030020","1790"
"13567","2020-01","2020-01 4.7オンス スペシャルドライカノコ ポロシャツ（ローブリード）","","United Athle 2020-01。4.7オンス スペシャルドライカノコ ポロシャツ（ローブリード）。","ポリエステル100%","XS,S,M,L,XL,XXL,XXXL,XXXXL,5XL","3","1","10","（仮）通常配送","1","0","","6245","シティグリーン","5","5018","","","","1","0","（仮）","2020-01","シティグリーン","0035","S","2900000030021","1790"
"13567","2020-01","2020-01 4.7オンス スペシャルドライカノコ ポロシャツ（ローブリード）","","United Athle 2020-01。4.7オンス スペシャルドライカノコ ポロシャツ（ローブリード）。","ポリエステル100%","XS,S,M,L,XL,XXL,XXXL,XXXXL,5XL","3","1","10","（仮）通常配送","1","0","","6068","レッド","6","5018","","","","1","0","（仮）","2020-01","レッド","0069","S","2900000030022","1790"
"13567","2020-01","2020-01 4.7オンス スペシャルドライカノコ ポロシャツ（ローブリード）","","United Athle 2020-01。4.7オンス スペシャルドライカノコ ポロシャツ（ローブリード）。","ポリエステル100%","XS,S,M,L,XL,XXL,XXXL,XXXXL,5XL","3","1","10","（仮）通常配送","1","0","","6075","バーガンディ","7","5018","","","","1","0","（仮）","2020-01","バーガンディ","0072","S","2900000030023","1790"
"13567","2020-01","2020-01 4.7オンス スペシャルドライカノコ ポロシャツ（ローブリード）","","United Athle 2020-01。4.7オンス スペシャルドライカノコ ポロシャツ（ローブリード）。","ポリエステル100%","XS,S,M,L,XL,XXL,XXXL,XXXXL,5XL","3","1","10","（仮）通常配送","1","0","","6278","コバルトブルー","8","5018","","","","1","0","（仮）","2020-01","コバルトブルー","0084","S","2900000030024","1790"
"13567","2020-01","2020-01 4.7オンス スペシャルドライカノコ ポロシャツ（ローブリード）","","United Athle 2020-01。4.7オンス スペシャルドライカノコ ポロシャツ（ローブリード）。","ポリエステル100%","XS,S,M,L,XL,XXL,XXXL,XXXXL,5XL","3","1","10","（仮）通常配送","1","0","","6087","ネイビー","9","5018","","","","1","0","（仮）","2020-01","ネイビー","0086","S","2900000030025","1790"
"13567","2020-01","2020-01 4.7オンス スペシャルドライカノコ ポロシャツ（ローブリード）","","United Athle 2020-01。4.7オンス スペシャルドライカノコ ポロシャツ（ローブリード）。","ポリエステル100%","XS,S,M,L,XL,XXL,XXXL,XXXXL,5XL","3","1","10","（仮）通常配送","1","0","","6085","インディゴ","10","5018","","","","1","0","（仮）","2020-01","インディゴ","0087","S","2900000030026","1790"
"13567","2020-01","2020-01 4.7オンス スペシャルドライカノコ ポロシャツ（ローブリード）","","United Athle 2020-01。4.7オンス スペシャルドライカノコ ポロシャツ（ローブリード）。","ポリエステル100%","XS,S,M,L,XL,XXL,XXXL,XXXXL,5XL","3","1","10","（仮）通常配送","1","0","","6252","カナリアイエロー","11","5018","","","","1","0","（仮）","2020-01","カナリアイエロー","0190","S","2900000030027","1790"
"13567","2020-01","2020-01 4.7オンス スペシャルドライカノコ ポロシャツ（ローブリード）","","United Athle 2020-01。4.7オンス スペシャルドライカノコ ポロシャツ（ローブリード）。","ポリエステル100%","XS,S,M,L,XL,XXL,XXXL,XXXXL,5XL","3","1","10","（仮）通常配送","1","0","","6279","カーボン","12","5018","","","","1","0","（仮）","2020-01","カーボン","0198","S","2900000030028","1790"
"13567","2020-01","2020-01 4.7オンス スペシャルドライカノコ ポロシャツ（ローブリード）","","United Athle 2020-01。4.7オンス スペシャルドライカノコ ポロシャツ（ローブリード）。","ポリエステル100%","XS,S,M,L,XL,XXL,XXXL,XXXXL,5XL","3","1","10","（仮）通常配送","1","0","","6079","ライトブルー","13","5018","","","","1","0","（仮）","2020-01","ライトブルー","0488","S","2900000030029","1790"
"13567","2020-01","2020-01 4.7オンス スペシャルドライカノコ ポロシャツ（ローブリード）","","United Athle 2020-01。4.7オンス スペシャルドライカノコ ポロシャツ（ローブリード）。","ポリエステル100%","XS,S,M,L,XL,XXL,XXXL,XXXXL,5XL","3","1","10","（仮）通常配送","1","0","","6258","サンドカーキ","14","5018","","","","1","0","（仮）","2020-01","サンドカーキ","0537","S","2900000030030","1790"
"13567","2020-01","2020-01 4.7オンス スペシャルドライカノコ ポロシャツ（ローブリード）","","United Athle 2020-01。4.7オンス スペシャルドライカノコ ポロシャツ（ローブリード）。","ポリエステル100%","XS,S,M,L,XL,XXL,XXXL,XXXXL,5XL","3","1","10","（仮）通常配送","1","0","","6259","ターコイズブルー","15","5018","","","","1","0","（仮）","2020-01","ターコイズブルー","0538","S","2900000030031","1790"
"13567","2020-01","2020-01 4.7オンス スペシャルドライカノコ ポロシャツ（ローブリード）","","United Athle 2020-01。4.7オンス スペシャルドライカノコ ポロシャツ（ローブリード）。","ポリエステル100%","XS,S,M,L,XL,XXL,XXXL,XXXXL,5XL","3","1","10","（仮）通常配送","1","0","","6280","ヘザーチャコール","16","5018","","","","1","0","（仮）","2020-01","ヘザーチャコール","0598","S","2900000030032","1790"
"13567","2020-01","2020-01 4.7オンス スペシャルドライカノコ ポロシャツ（ローブリード）","","United Athle 2020-01。4.7オンス スペシャルドライカノコ ポロシャツ（ローブリード）。","ポリエステル100%","XS,S,M,L,XL,XXL,XXXL,XXXXL,5XL","3","1","10","（仮）通常配送","1","0","","6052","ホワイト","1","5019","","","","1","0","（仮）","2020-01","ホワイト","0001","M","2900000030033","1790"
"13567","2020-01","2020-01 4.7オンス スペシャルドライカノコ ポロシャツ（ローブリード）","","United Athle 2020-01。4.7オンス スペシャルドライカノコ ポロシャツ（ローブリード）。","ポリエステル100%","XS,S,M,L,XL,XXL,XXXL,XXXXL,5XL","3","1","10","（仮）通常配送","1","0","","6060","ブラック","2","5019","","","","1","0","（仮）","2020-01","ブラック","0002","M","2900000030034","1790"
"13567","2020-01","2020-01 4.7オンス スペシャルドライカノコ ポロシャツ（ローブリード）","","United Athle 2020-01。4.7オンス スペシャルドライカノコ ポロシャツ（ローブリード）。","ポリエステル100%","XS,S,M,L,XL,XXL,XXXL,XXXXL,5XL","3","1","10","（仮）通常配送","1","0","","6241","ミックスグレー","3","5019","","","","1","0","（仮）","2020-01","ミックスグレー","0006","M","2900000030035","1790"
"13567","2020-01","2020-01 4.7オンス スペシャルドライカノコ ポロシャツ（ローブリード）","","United Athle 2020-01。4.7オンス スペシャルドライカノコ ポロシャツ（ローブリード）。","ポリエステル100%","XS,S,M,L,XL,XXL,XXXL,XXXXL,5XL","3","1","10","（仮）通常配送","1","0","","6093","グリーン","4","5019","","","","1","0","（仮）","2020-01","グリーン","0029","M","2900000030036","1790"
"13567","2020-01","2020-01 4.7オンス スペシャルドライカノコ ポロシャツ（ローブリード）","","United Athle 2020-01。4.7オンス スペシャルドライカノコ ポロシャツ（ローブリード）。","ポリエステル100%","XS,S,M,L,XL,XXL,XXXL,XXXXL,5XL","3","1","10","（仮）通常配送","1","0","","6245","シティグリーン","5","5019","","","","1","0","（仮）","2020-01","シティグリーン","0035","M","2900000030037","1790"
"13567","2020-01","2020-01 4.7オンス スペシャルドライカノコ ポロシャツ（ローブリード）","","United Athle 2020-01。4.7オンス スペシャルドライカノコ ポロシャツ（ローブリード）。","ポリエステル100%","XS,S,M,L,XL,XXL,XXXL,XXXXL,5XL","3","1","10","（仮）通常配送","1","0","","6068","レッド","6","5019","","","","1","0","（仮）","2020-01","レッド","0069","M","2900000030038","1790"
"13567","2020-01","2020-01 4.7オンス スペシャルドライカノコ ポロシャツ（ローブリード）","","United Athle 2020-01。4.7オンス スペシャルドライカノコ ポロシャツ（ローブリード）。","ポリエステル100%","XS,S,M,L,XL,XXL,XXXL,XXXXL,5XL","3","1","10","（仮）通常配送","1","0","","6075","バーガンディ","7","5019","","","","1","0","（仮）","2020-01","バーガンディ","0072","M","2900000030039","1790"
"13567","2020-01","2020-01 4.7オンス スペシャルドライカノコ ポロシャツ（ローブリード）","","United Athle 2020-01。4.7オンス スペシャルドライカノコ ポロシャツ（ローブリード）。","ポリエステル100%","XS,S,M,L,XL,XXL,XXXL,XXXXL,5XL","3","1","10","（仮）通常配送","1","0","","6278","コバルトブルー","8","5019","","","","1","0","（仮）","2020-01","コバルトブルー","0084","M","2900000030040","1790"
"13567","2020-01","2020-01 4.7オンス スペシャルドライカノコ ポロシャツ（ローブリード）","","United Athle 2020-01。4.7オンス スペシャルドライカノコ ポロシャツ（ローブリード）。","ポリエステル100%","XS,S,M,L,XL,XXL,XXXL,XXXXL,5XL","3","1","10","（仮）通常配送","1","0","","6087","ネイビー","9","5019","","","","1","0","（仮）","2020-01","ネイビー","0086","M","2900000030041","1790"
"13567","2020-01","2020-01 4.7オンス スペシャルドライカノコ ポロシャツ（ローブリード）","","United Athle 2020-01。4.7オンス スペシャルドライカノコ ポロシャツ（ローブリード）。","ポリエステル100%","XS,S,M,L,XL,XXL,XXXL,XXXXL,5XL","3","1","10","（仮）通常配送","1","0","","6085","インディゴ","10","5019","","","","1","0","（仮）","2020-01","インディゴ","0087","M","2900000030042","1790"
"13567","2020-01","2020-01 4.7オンス スペシャルドライカノコ ポロシャツ（ローブリード）","","United Athle 2020-01。4.7オンス スペシャルドライカノコ ポロシャツ（ローブリード）。","ポリエステル100%","XS,S,M,L,XL,XXL,XXXL,XXXXL,5XL","3","1","10","（仮）通常配送","1","0","","6252","カナリアイエロー","11","5019","","","","1","0","（仮）","2020-01","カナリアイエロー","0190","M","2900000030043","1790"
"13567","2020-01","2020-01 4.7オンス スペシャルドライカノコ ポロシャツ（ローブリード）","","United Athle 2020-01。4.7オンス スペシャルドライカノコ ポロシャツ（ローブリード）。","ポリエステル100%","XS,S,M,L,XL,XXL,XXXL,XXXXL,5XL","3","1","10","（仮）通常配送","1","0","","6279","カーボン","12","5019","","","","1","0","（仮）","2020-01","カーボン","0198","M","2900000030044","1790"
"13567","2020-01","2020-01 4.7オンス スペシャルドライカノコ ポロシャツ（ローブリード）","","United Athle 2020-01。4.7オンス スペシャルドライカノコ ポロシャツ（ローブリード）。","ポリエステル100%","XS,S,M,L,XL,XXL,XXXL,XXXXL,5XL","3","1","10","（仮）通常配送","1","0","","6079","ライトブルー","13","5019","","","","1","0","（仮）","2020-01","ライトブルー","0488","M","2900000030045","1790"
"13567","2020-01","2020-01 4.7オンス スペシャルドライカノコ ポロシャツ（ローブリード）","","United Athle 2020-01。4.7オンス スペシャルドライカノコ ポロシャツ（ローブリード）。","ポリエステル100%","XS,S,M,L,XL,XXL,XXXL,XXXXL,5XL","3","1","10","（仮）通常配送","1","0","","6258","サンドカーキ","14","5019","","","","1","0","（仮）","2020-01","サンドカーキ","0537","M","2900000030046","1790"
"13567","2020-01","2020-01 4.7オンス スペシャルドライカノコ ポロシャツ（ローブリード）","","United Athle 2020-01。4.7オンス スペシャルドライカノコ ポロシャツ（ローブリード）。","ポリエステル100%","XS,S,M,L,XL,XXL,XXXL,XXXXL,5XL","3","1","10","（仮）通常配送","1","0","","6259","ターコイズブルー","15","5019","","","","1","0","（仮）","2020-01","ターコイズブルー","0538","M","2900000030047","1790"
"13567","2020-01","2020-01 4.7オンス スペシャルドライカノコ ポロシャツ（ローブリード）","","United Athle 2020-01。4.7オンス スペシャルドライカノコ ポロシャツ（ローブリード）。","ポリエステル100%","XS,S,M,L,XL,XXL,XXXL,XXXXL,5XL","3","1","10","（仮）通常配送","1","0","","6280","ヘザーチャコール","16","5019","","","","1","0","（仮）","2020-01","ヘザーチャコール","0598","M","2900000030048","1790"
"13567","2020-01","2020-01 4.7オンス スペシャルドライカノコ ポロシャツ（ローブリード）","","United Athle 2020-01。4.7オンス スペシャルドライカノコ ポロシャツ（ローブリード）。","ポリエステル100%","XS,S,M,L,XL,XXL,XXXL,XXXXL,5XL","3","1","10","（仮）通常配送","1","0","","6052","ホワイト","1","5020","","","","1","0","（仮）","2020-01","ホワイト","0001","L","2900000030049","1790"
"13567","2020-01","2020-01 4.7オンス スペシャルドライカノコ ポロシャツ（ローブリード）","","United Athle 2020-01。4.7オンス スペシャルドライカノコ ポロシャツ（ローブリード）。","ポリエステル100%","XS,S,M,L,XL,XXL,XXXL,XXXXL,5XL","3","1","10","（仮）通常配送","1","0","","6060","ブラック","2","5020","","","","1","0","（仮）","2020-01","ブラック","0002","L","2900000030050","1790"
"13567","2020-01","2020-01 4.7オンス スペシャルドライカノコ ポロシャツ（ローブリード）","","United Athle 2020-01。4.7オンス スペシャルドライカノコ ポロシャツ（ローブリード）。","ポリエステル100%","XS,S,M,L,XL,XXL,XXXL,XXXXL,5XL","3","1","10","（仮）通常配送","1","0","","6241","ミックスグレー","3","5020","","","","1","0","（仮）","2020-01","ミックスグレー","0006","L","2900000030051","1790"
"13567","2020-01","2020-01 4.7オンス スペシャルドライカノコ ポロシャツ（ローブリード）","","United Athle 2020-01。4.7オンス スペシャルドライカノコ ポロシャツ（ローブリード）。","ポリエステル100%","XS,S,M,L,XL,XXL,XXXL,XXXXL,5XL","3","1","10","（仮）通常配送","1","0","","6093","グリーン","4","5020","","","","1","0","（仮）","2020-01","グリーン","0029","L","2900000030052","1790"
"13567","2020-01","2020-01 4.7オンス スペシャルドライカノコ ポロシャツ（ローブリード）","","United Athle 2020-01。4.7オンス スペシャルドライカノコ ポロシャツ（ローブリード）。","ポリエステル100%","XS,S,M,L,XL,XXL,XXXL,XXXXL,5XL","3","1","10","（仮）通常配送","1","0","","6245","シティグリーン","5","5020","","","","1","0","（仮）","2020-01","シティグリーン","0035","L","2900000030053","1790"
"13567","2020-01","2020-01 4.7オンス スペシャルドライカノコ ポロシャツ（ローブリード）","","United Athle 2020-01。4.7オンス スペシャルドライカノコ ポロシャツ（ローブリード）。","ポリエステル100%","XS,S,M,L,XL,XXL,XXXL,XXXXL,5XL","3","1","10","（仮）通常配送","1","0","","6068","レッド","6","5020","","","","1","0","（仮）","2020-01","レッド","0069","L","2900000030054","1790"
"13567","2020-01","2020-01 4.7オンス スペシャルドライカノコ ポロシャツ（ローブリード）","","United Athle 2020-01。4.7オンス スペシャルドライカノコ ポロシャツ（ローブリード）。","ポリエステル100%","XS,S,M,L,XL,XXL,XXXL,XXXXL,5XL","3","1","10","（仮）通常配送","1","0","","6075","バーガンディ","7","5020","","","","1","0","（仮）","2020-01","バーガンディ","0072","L","2900000030055","1790"
"13567","2020-01","2020-01 4.7オンス スペシャルドライカノコ ポロシャツ（ローブリード）","","United Athle 2020-01。4.7オンス スペシャルドライカノコ ポロシャツ（ローブリード）。","ポリエステル100%","XS,S,M,L,XL,XXL,XXXL,XXXXL,5XL","3","1","10","（仮）通常配送","1","0","","6278","コバルトブルー","8","5020","","","","1","0","（仮）","2020-01","コバルトブルー","0084","L","2900000030056","1790"
"13567","2020-01","2020-01 4.7オンス スペシャルドライカノコ ポロシャツ（ローブリード）","","United Athle 2020-01。4.7オンス スペシャルドライカノコ ポロシャツ（ローブリード）。","ポリエステル100%","XS,S,M,L,XL,XXL,XXXL,XXXXL,5XL","3","1","10","（仮）通常配送","1","0","","6087","ネイビー","9","5020","","","","1","0","（仮）","2020-01","ネイビー","0086","L","2900000030057","1790"
"13567","2020-01","2020-01 4.7オンス スペシャルドライカノコ ポロシャツ（ローブリード）","","United Athle 2020-01。4.7オンス スペシャルドライカノコ ポロシャツ（ローブリード）。","ポリエステル100%","XS,S,M,L,XL,XXL,XXXL,XXXXL,5XL","3","1","10","（仮）通常配送","1","0","","6085","インディゴ","10","5020","","","","1","0","（仮）","2020-01","インディゴ","0087","L","2900000030058","1790"
"13567","2020-01","2020-01 4.7オンス スペシャルドライカノコ ポロシャツ（ローブリード）","","United Athle 2020-01。4.7オンス スペシャルドライカノコ ポロシャツ（ローブリード）。","ポリエステル100%","XS,S,M,L,XL,XXL,XXXL,XXXXL,5XL","3","1","10","（仮）通常配送","1","0","","6252","カナリアイエロー","11","5020","","","","1","0","（仮）","2020-01","カナリアイエロー","0190","L","2900000030059","1790"
"13567","2020-01","2020-01 4.7オンス スペシャルドライカノコ ポロシャツ（ローブリード）","","United Athle 2020-01。4.7オンス スペシャルドライカノコ ポロシャツ（ローブリード）。","ポリエステル100%","XS,S,M,L,XL,XXL,XXXL,XXXXL,5XL","3","1","10","（仮）通常配送","1","0","","6279","カーボン","12","5020","","","","1","0","（仮）","2020-01","カーボン","0198","L","2900000030060","1790"
"13567","2020-01","2020-01 4.7オンス スペシャルドライカノコ ポロシャツ（ローブリード）","","United Athle 2020-01。4.7オンス スペシャルドライカノコ ポロシャツ（ローブリード）。","ポリエステル100%","XS,S,M,L,XL,XXL,XXXL,XXXXL,5XL","3","1","10","（仮）通常配送","1","0","","6079","ライトブルー","13","5020","","","","1","0","（仮）","2020-01","ライトブルー","0488","L","2900000030061","1790"
"13567","2020-01","2020-01 4.7オンス スペシャルドライカノコ ポロシャツ（ローブリード）","","United Athle 2020-01。4.7オンス スペシャルドライカノコ ポロシャツ（ローブリード）。","ポリエステル100%","XS,S,M,L,XL,XXL,XXXL,XXXXL,5XL","3","1","10","（仮）通常配送","1","0","","6258","サンドカーキ","14","5020","","","","1","0","（仮）","2020-01","サンドカーキ","0537","L","2900000030062","1790"
"13567","2020-01","2020-01 4.7オンス スペシャルドライカノコ ポロシャツ（ローブリード）","","United Athle 2020-01。4.7オンス スペシャルドライカノコ ポロシャツ（ローブリード）。","ポリエステル100%","XS,S,M,L,XL,XXL,XXXL,XXXXL,5XL","3","1","10","（仮）通常配送","1","0","","6259","ターコイズブルー","15","5020","","","","1","0","（仮）","2020-01","ターコイズブルー","0538","L","2900000030063","1790"
"13567","2020-01","2020-01 4.7オンス スペシャルドライカノコ ポロシャツ（ローブリード）","","United Athle 2020-01。4.7オンス スペシャルドライカノコ ポロシャツ（ローブリード）。","ポリエステル100%","XS,S,M,L,XL,XXL,XXXL,XXXXL,5XL","3","1","10","（仮）通常配送","1","0","","6280","ヘザーチャコール","16","5020","","","","1","0","（仮）","2020-01","ヘザーチャコール","0598","L","2900000030064","1790"
"13567","2020-01","2020-01 4.7オンス スペシャルドライカノコ ポロシャツ（ローブリード）","","United Athle 2020-01。4.7オンス スペシャルドライカノコ ポロシャツ（ローブリード）。","ポリエステル100%","XS,S,M,L,XL,XXL,XXXL,XXXXL,5XL","3","1","10","（仮）通常配送","1","0","","6052","ホワイト","1","6047","","","","1","0","（仮）","2020-01","ホワイト","0001","XL","2900000030065","1790"
"13567","2020-01","2020-01 4.7オンス スペシャルドライカノコ ポロシャツ（ローブリード）","","United Athle 2020-01。4.7オンス スペシャルドライカノコ ポロシャツ（ローブリード）。","ポリエステル100%","XS,S,M,L,XL,XXL,XXXL,XXXXL,5XL","3","1","10","（仮）通常配送","1","0","","6060","ブラック","2","6047","","","","1","0","（仮）","2020-01","ブラック","0002","XL","2900000030066","1790"
"13567","2020-01","2020-01 4.7オンス スペシャルドライカノコ ポロシャツ（ローブリード）","","United Athle 2020-01。4.7オンス スペシャルドライカノコ ポロシャツ（ローブリード）。","ポリエステル100%","XS,S,M,L,XL,XXL,XXXL,XXXXL,5XL","3","1","10","（仮）通常配送","1","0","","6241","ミックスグレー","3","6047","","","","1","0","（仮）","2020-01","ミックスグレー","0006","XL","2900000030067","1790"
"13567","2020-01","2020-01 4.7オンス スペシャルドライカノコ ポロシャツ（ローブリード）","","United Athle 2020-01。4.7オンス スペシャルドライカノコ ポロシャツ（ローブリード）。","ポリエステル100%","XS,S,M,L,XL,XXL,XXXL,XXXXL,5XL","3","1","10","（仮）通常配送","1","0","","6093","グリーン","4","6047","","","","1","0","（仮）","2020-01","グリーン","0029","XL","2900000030068","1790"
"13567","2020-01","2020-01 4.7オンス スペシャルドライカノコ ポロシャツ（ローブリード）","","United Athle 2020-01。4.7オンス スペシャルドライカノコ ポロシャツ（ローブリード）。","ポリエステル100%","XS,S,M,L,XL,XXL,XXXL,XXXXL,5XL","3","1","10","（仮）通常配送","1","0","","6245","シティグリーン","5","6047","","","","1","0","（仮）","2020-01","シティグリーン","0035","XL","2900000030069","1790"
"13567","2020-01","2020-01 4.7オンス スペシャルドライカノコ ポロシャツ（ローブリード）","","United Athle 2020-01。4.7オンス スペシャルドライカノコ ポロシャツ（ローブリード）。","ポリエステル100%","XS,S,M,L,XL,XXL,XXXL,XXXXL,5XL","3","1","10","（仮）通常配送","1","0","","6068","レッド","6","6047","","","","1","0","（仮）","2020-01","レッド","0069","XL","2900000030070","1790"
"13567","2020-01","2020-01 4.7オンス スペシャルドライカノコ ポロシャツ（ローブリード）","","United Athle 2020-01。4.7オンス スペシャルドライカノコ ポロシャツ（ローブリード）。","ポリエステル100%","XS,S,M,L,XL,XXL,XXXL,XXXXL,5XL","3","1","10","（仮）通常配送","1","0","","6075","バーガンディ","7","6047","","","","1","0","（仮）","2020-01","バーガンディ","0072","XL","2900000030071","1790"
"13567","2020-01","2020-01 4.7オンス スペシャルドライカノコ ポロシャツ（ローブリード）","","United Athle 2020-01。4.7オンス スペシャルドライカノコ ポロシャツ（ローブリード）。","ポリエステル100%","XS,S,M,L,XL,XXL,XXXL,XXXXL,5XL","3","1","10","（仮）通常配送","1","0","","6278","コバルトブルー","8","6047","","","","1","0","（仮）","2020-01","コバルトブルー","0084","XL","2900000030072","1790"
"13567","2020-01","2020-01 4.7オンス スペシャルドライカノコ ポロシャツ（ローブリード）","","United Athle 2020-01。4.7オンス スペシャルドライカノコ ポロシャツ（ローブリード）。","ポリエステル100%","XS,S,M,L,XL,XXL,XXXL,XXXXL,5XL","3","1","10","（仮）通常配送","1","0","","6087","ネイビー","9","6047","","","","1","0","（仮）","2020-01","ネイビー","0086","XL","2900000030073","1790"
"13567","2020-01","2020-01 4.7オンス スペシャルドライカノコ ポロシャツ（ローブリード）","","United Athle 2020-01。4.7オンス スペシャルドライカノコ ポロシャツ（ローブリード）。","ポリエステル100%","XS,S,M,L,XL,XXL,XXXL,XXXXL,5XL","3","1","10","（仮）通常配送","1","0","","6085","インディゴ","10","6047","","","","1","0","（仮）","2020-01","インディゴ","0087","XL","2900000030074","1790"
"13567","2020-01","2020-01 4.7オンス スペシャルドライカノコ ポロシャツ（ローブリード）","","United Athle 2020-01。4.7オンス スペシャルドライカノコ ポロシャツ（ローブリード）。","ポリエステル100%","XS,S,M,L,XL,XXL,XXXL,XXXXL,5XL","3","1","10","（仮）通常配送","1","0","","6252","カナリアイエロー","11","6047","","","","1","0","（仮）","2020-01","カナリアイエロー","0190","XL","2900000030075","1790"
"13567","2020-01","2020-01 4.7オンス スペシャルドライカノコ ポロシャツ（ローブリード）","","United Athle 2020-01。4.7オンス スペシャルドライカノコ ポロシャツ（ローブリード）。","ポリエステル100%","XS,S,M,L,XL,XXL,XXXL,XXXXL,5XL","3","1","10","（仮）通常配送","1","0","","6279","カーボン","12","6047","","","","1","0","（仮）","2020-01","カーボン","0198","XL","2900000030076","1790"
"13567","2020-01","2020-01 4.7オンス スペシャルドライカノコ ポロシャツ（ローブリード）","","United Athle 2020-01。4.7オンス スペシャルドライカノコ ポロシャツ（ローブリード）。","ポリエステル100%","XS,S,M,L,XL,XXL,XXXL,XXXXL,5XL","3","1","10","（仮）通常配送","1","0","","6079","ライトブルー","13","6047","","","","1","0","（仮）","2020-01","ライトブルー","0488","XL","2900000030077","1790"
"13567","2020-01","2020-01 4.7オンス スペシャルドライカノコ ポロシャツ（ローブリード）","","United Athle 2020-01。4.7オンス スペシャルドライカノコ ポロシャツ（ローブリード）。","ポリエステル100%","XS,S,M,L,XL,XXL,XXXL,XXXXL,5XL","3","1","10","（仮）通常配送","1","0","","6258","サンドカーキ","14","6047","","","","1","0","（仮）","2020-01","サンドカーキ","0537","XL","2900000030078","1790"
"13567","2020-01","2020-01 4.7オンス スペシャルドライカノコ ポロシャツ（ローブリード）","","United Athle 2020-01。4.7オンス スペシャルドライカノコ ポロシャツ（ローブリード）。","ポリエステル100%","XS,S,M,L,XL,XXL,XXXL,XXXXL,5XL","3","1","10","（仮）通常配送","1","0","","6259","ターコイズブルー","15","6047","","","","1","0","（仮）","2020-01","ターコイズブルー","0538","XL","2900000030079","1790"
"13567","2020-01","2020-01 4.7オンス スペシャルドライカノコ ポロシャツ（ローブリード）","","United Athle 2020-01。4.7オンス スペシャルドライカノコ ポロシャツ（ローブリード）。","ポリエステル100%","XS,S,M,L,XL,XXL,XXXL,XXXXL,5XL","3","1","10","（仮）通常配送","1","0","","6280","ヘザーチャコール","16","6047","","","","1","0","（仮）","2020-01","ヘザーチャコール","0598","XL","2900000030080","1790"
"13567","2020-01","2020-01 4.7オンス スペシャルドライカノコ ポロシャツ（ローブリード）","","United Athle 2020-01。4.7オンス スペシャルドライカノコ ポロシャツ（ローブリード）。","ポリエステル100%","XS,S,M,L,XL,XXL,XXXL,XXXXL,5XL","3","1","10","（仮）通常配送","1","0","","6052","ホワイト","1","6048","","","","1","0","（仮）","2020-01","ホワイト","0001","XXL","2900000030081","2260"
"13567","2020-01","2020-01 4.7オンス スペシャルドライカノコ ポロシャツ（ローブリード）","","United Athle 2020-01。4.7オンス スペシャルドライカノコ ポロシャツ（ローブリード）。","ポリエステル100%","XS,S,M,L,XL,XXL,XXXL,XXXXL,5XL","3","1","10","（仮）通常配送","1","0","","6060","ブラック","2","6048","","","","1","0","（仮）","2020-01","ブラック","0002","XXL","2900000030082","2260"
"13567","2020-01","2020-01 4.7オンス スペシャルドライカノコ ポロシャツ（ローブリード）","","United Athle 2020-01。4.7オンス スペシャルドライカノコ ポロシャツ（ローブリード）。","ポリエステル100%","XS,S,M,L,XL,XXL,XXXL,XXXXL,5XL","3","1","10","（仮）通常配送","1","0","","6241","ミックスグレー","3","6048","","","","1","0","（仮）","2020-01","ミックスグレー","0006","XXL","2900000030083","2260"
"13567","2020-01","2020-01 4.7オンス スペシャルドライカノコ ポロシャツ（ローブリード）","","United Athle 2020-01。4.7オンス スペシャルドライカノコ ポロシャツ（ローブリード）。","ポリエステル100%","XS,S,M,L,XL,XXL,XXXL,XXXXL,5XL","3","1","10","（仮）通常配送","1","0","","6093","グリーン","4","6048","","","","1","0","（仮）","2020-01","グリーン","0029","XXL","2900000030084","2260"
"13567","2020-01","2020-01 4.7オンス スペシャルドライカノコ ポロシャツ（ローブリード）","","United Athle 2020-01。4.7オンス スペシャルドライカノコ ポロシャツ（ローブリード）。","ポリエステル100%","XS,S,M,L,XL,XXL,XXXL,XXXXL,5XL","3","1","10","（仮）通常配送","1","0","","6245","シティグリーン","5","6048","","","","1","0","（仮）","2020-01","シティグリーン","0035","XXL","2900000030085","2260"
"13567","2020-01","2020-01 4.7オンス スペシャルドライカノコ ポロシャツ（ローブリード）","","United Athle 2020-01。4.7オンス スペシャルドライカノコ ポロシャツ（ローブリード）。","ポリエステル100%","XS,S,M,L,XL,XXL,XXXL,XXXXL,5XL","3","1","10","（仮）通常配送","1","0","","6068","レッド","6","6048","","","","1","0","（仮）","2020-01","レッド","0069","XXL","2900000030086","2260"
"13567","2020-01","2020-01 4.7オンス スペシャルドライカノコ ポロシャツ（ローブリード）","","United Athle 2020-01。4.7オンス スペシャルドライカノコ ポロシャツ（ローブリード）。","ポリエステル100%","XS,S,M,L,XL,XXL,XXXL,XXXXL,5XL","3","1","10","（仮）通常配送","1","0","","6075","バーガンディ","7","6048","","","","1","0","（仮）","2020-01","バーガンディ","0072","XXL","2900000030087","2260"
"13567","2020-01","2020-01 4.7オンス スペシャルドライカノコ ポロシャツ（ローブリード）","","United Athle 2020-01。4.7オンス スペシャルドライカノコ ポロシャツ（ローブリード）。","ポリエステル100%","XS,S,M,L,XL,XXL,XXXL,XXXXL,5XL","3","1","10","（仮）通常配送","1","0","","6278","コバルトブルー","8","6048","","","","1","0","（仮）","2020-01","コバルトブルー","0084","XXL","2900000030088","2260"
"13567","2020-01","2020-01 4.7オンス スペシャルドライカノコ ポロシャツ（ローブリード）","","United Athle 2020-01。4.7オンス スペシャルドライカノコ ポロシャツ（ローブリード）。","ポリエステル100%","XS,S,M,L,XL,XXL,XXXL,XXXXL,5XL","3","1","10","（仮）通常配送","1","0","","6087","ネイビー","9","6048","","","","1","0","（仮）","2020-01","ネイビー","0086","XXL","2900000030089","2260"
"13567","2020-01","2020-01 4.7オンス スペシャルドライカノコ ポロシャツ（ローブリード）","","United Athle 2020-01。4.7オンス スペシャルドライカノコ ポロシャツ（ローブリード）。","ポリエステル100%","XS,S,M,L,XL,XXL,XXXL,XXXXL,5XL","3","1","10","（仮）通常配送","1","0","","6085","インディゴ","10","6048","","","","1","0","（仮）","2020-01","インディゴ","0087","XXL","2900000030090","2260"
"13567","2020-01","2020-01 4.7オンス スペシャルドライカノコ ポロシャツ（ローブリード）","","United Athle 2020-01。4.7オンス スペシャルドライカノコ ポロシャツ（ローブリード）。","ポリエステル100%","XS,S,M,L,XL,XXL,XXXL,XXXXL,5XL","3","1","10","（仮）通常配送","1","0","","6252","カナリアイエロー","11","6048","","","","1","0","（仮）","2020-01","カナリアイエロー","0190","XXL","2900000030091","2260"
"13567","2020-01","2020-01 4.7オンス スペシャルドライカノコ ポロシャツ（ローブリード）","","United Athle 2020-01。4.7オンス スペシャルドライカノコ ポロシャツ（ローブリード）。","ポリエステル100%","XS,S,M,L,XL,XXL,XXXL,XXXXL,5XL","3","1","10","（仮）通常配送","1","0","","6279","カーボン","12","6048","","","","1","0","（仮）","2020-01","カーボン","0198","XXL","2900000030092","2260"
"13567","2020-01","2020-01 4.7オンス スペシャルドライカノコ ポロシャツ（ローブリード）","","United Athle 2020-01。4.7オンス スペシャルドライカノコ ポロシャツ（ローブリード）。","ポリエステル100%","XS,S,M,L,XL,XXL,XXXL,XXXXL,5XL","3","1","10","（仮）通常配送","1","0","","6079","ライトブルー","13","6048","","","","1","0","（仮）","2020-01","ライトブルー","0488","XXL","2900000030093","2260"
"13567","2020-01","2020-01 4.7オンス スペシャルドライカノコ ポロシャツ（ローブリード）","","United Athle 2020-01。4.7オンス スペシャルドライカノコ ポロシャツ（ローブリード）。","ポリエステル100%","XS,S,M,L,XL,XXL,XXXL,XXXXL,5XL","3","1","10","（仮）通常配送","1","0","","6258","サンドカーキ","14","6048","","","","1","0","（仮）","2020-01","サンドカーキ","0537","XXL","2900000030094","2260"
"13567","2020-01","2020-01 4.7オンス スペシャルドライカノコ ポロシャツ（ローブリード）","","United Athle 2020-01。4.7オンス スペシャルドライカノコ ポロシャツ（ローブリード）。","ポリエステル100%","XS,S,M,L,XL,XXL,XXXL,XXXXL,5XL","3","1","10","（仮）通常配送","1","0","","6259","ターコイズブルー","15","6048","","","","1","0","（仮）","2020-01","ターコイズブルー","0538","XXL","2900000030095","2260"
"13567","2020-01","2020-01 4.7オンス スペシャルドライカノコ ポロシャツ（ローブリード）","","United Athle 2020-01。4.7オンス スペシャルドライカノコ ポロシャツ（ローブリード）。","ポリエステル100%","XS,S,M,L,XL,XXL,XXXL,XXXXL,5XL","3","1","10","（仮）通常配送","1","0","","6280","ヘザーチャコール","16","6048","","","","1","0","（仮）","2020-01","ヘザーチャコール","0598","XXL","2900000030096","2260"
"13567","2020-01","2020-01 4.7オンス スペシャルドライカノコ ポロシャツ（ローブリード）","","United Athle 2020-01。4.7オンス スペシャルドライカノコ ポロシャツ（ローブリード）。","ポリエステル100%","XS,S,M,L,XL,XXL,XXXL,XXXXL,5XL","3","1","10","（仮）通常配送","1","0","","6052","ホワイト","1","6049","","","","1","0","（仮）","2020-01","ホワイト","0001","XXXL","2900000030097","2260"
"13567","2020-01","2020-01 4.7オンス スペシャルドライカノコ ポロシャツ（ローブリード）","","United Athle 2020-01。4.7オンス スペシャルドライカノコ ポロシャツ（ローブリード）。","ポリエステル100%","XS,S,M,L,XL,XXL,XXXL,XXXXL,5XL","3","1","10","（仮）通常配送","1","0","","6060","ブラック","2","6049","","","","1","0","（仮）","2020-01","ブラック","0002","XXXL","2900000030098","2260"
"13567","2020-01","2020-01 4.7オンス スペシャルドライカノコ ポロシャツ（ローブリード）","","United Athle 2020-01。4.7オンス スペシャルドライカノコ ポロシャツ（ローブリード）。","ポリエステル100%","XS,S,M,L,XL,XXL,XXXL,XXXXL,5XL","3","1","10","（仮）通常配送","1","0","","6241","ミックスグレー","3","6049","","","","1","0","（仮）","2020-01","ミックスグレー","0006","XXXL","2900000030099","2260"
"13567","2020-01","2020-01 4.7オンス スペシャルドライカノコ ポロシャツ（ローブリード）","","United Athle 2020-01。4.7オンス スペシャルドライカノコ ポロシャツ（ローブリード）。","ポリエステル100%","XS,S,M,L,XL,XXL,XXXL,XXXXL,5XL","3","1","10","（仮）通常配送","1","0","","6093","グリーン","4","6049","","","","1","0","（仮）","2020-01","グリーン","0029","XXXL","2900000030100","2260"
"13567","2020-01","2020-01 4.7オンス スペシャルドライカノコ ポロシャツ（ローブリード）","","United Athle 2020-01。4.7オンス スペシャルドライカノコ ポロシャツ（ローブリード）。","ポリエステル100%","XS,S,M,L,XL,XXL,XXXL,XXXXL,5XL","3","1","10","（仮）通常配送","1","0","","6245","シティグリーン","5","6049","","","","1","0","（仮）","2020-01","シティグリーン","0035","XXXL","2900000030101","2260"
"13567","2020-01","2020-01 4.7オンス スペシャルドライカノコ ポロシャツ（ローブリード）","","United Athle 2020-01。4.7オンス スペシャルドライカノコ ポロシャツ（ローブリード）。","ポリエステル100%","XS,S,M,L,XL,XXL,XXXL,XXXXL,5XL","3","1","10","（仮）通常配送","1","0","","6068","レッド","6","6049","","","","1","0","（仮）","2020-01","レッド","0069","XXXL","2900000030102","2260"
"13567","2020-01","2020-01 4.7オンス スペシャルドライカノコ ポロシャツ（ローブリード）","","United Athle 2020-01。4.7オンス スペシャルドライカノコ ポロシャツ（ローブリード）。","ポリエステル100%","XS,S,M,L,XL,XXL,XXXL,XXXXL,5XL","3","1","10","（仮）通常配送","1","0","","6075","バーガンディ","7","6049","","","","1","0","（仮）","2020-01","バーガンディ","0072","XXXL","2900000030103","2260"
"13567","2020-01","2020-01 4.7オンス スペシャルドライカノコ ポロシャツ（ローブリード）","","United Athle 2020-01。4.7オンス スペシャルドライカノコ ポロシャツ（ローブリード）。","ポリエステル100%","XS,S,M,L,XL,XXL,XXXL,XXXXL,5XL","3","1","10","（仮）通常配送","1","0","","6278","コバルトブルー","8","6049","","","","1","0","（仮）","2020-01","コバルトブルー","0084","XXXL","2900000030104","2260"
"13567","2020-01","2020-01 4.7オンス スペシャルドライカノコ ポロシャツ（ローブリード）","","United Athle 2020-01。4.7オンス スペシャルドライカノコ ポロシャツ（ローブリード）。","ポリエステル100%","XS,S,M,L,XL,XXL,XXXL,XXXXL,5XL","3","1","10","（仮）通常配送","1","0","","6087","ネイビー","9","6049","","","","1","0","（仮）","2020-01","ネイビー","0086","XXXL","2900000030105","2260"
"13567","2020-01","2020-01 4.7オンス スペシャルドライカノコ ポロシャツ（ローブリード）","","United Athle 2020-01。4.7オンス スペシャルドライカノコ ポロシャツ（ローブリード）。","ポリエステル100%","XS,S,M,L,XL,XXL,XXXL,XXXXL,5XL","3","1","10","（仮）通常配送","1","0","","6085","インディゴ","10","6049","","","","1","0","（仮）","2020-01","インディゴ","0087","XXXL","2900000030106","2260"
"13567","2020-01","2020-01 4.7オンス スペシャルドライカノコ ポロシャツ（ローブリード）","","United Athle 2020-01。4.7オンス スペシャルドライカノコ ポロシャツ（ローブリード）。","ポリエステル100%","XS,S,M,L,XL,XXL,XXXL,XXXXL,5XL","3","1","10","（仮）通常配送","1","0","","6252","カナリアイエロー","11","6049","","","","1","0","（仮）","2020-01","カナリアイエロー","0190","XXXL","2900000030107","2260"
"13567","2020-01","2020-01 4.7オンス スペシャルドライカノコ ポロシャツ（ローブリード）","","United Athle 2020-01。4.7オンス スペシャルドライカノコ ポロシャツ（ローブリード）。","ポリエステル100%","XS,S,M,L,XL,XXL,XXXL,XXXXL,5XL","3","1","10","（仮）通常配送","1","0","","6279","カーボン","12","6049","","","","1","0","（仮）","2020-01","カーボン","0198","XXXL","2900000030108","2260"
"13567","2020-01","2020-01 4.7オンス スペシャルドライカノコ ポロシャツ（ローブリード）","","United Athle 2020-01。4.7オンス スペシャルドライカノコ ポロシャツ（ローブリード）。","ポリエステル100%","XS,S,M,L,XL,XXL,XXXL,XXXXL,5XL","3","1","10","（仮）通常配送","1","0","","6079","ライトブルー","13","6049","","","","1","0","（仮）","2020-01","ライトブルー","0488","XXXL","2900000030109","2260"
"13567","2020-01","2020-01 4.7オンス スペシャルドライカノコ ポロシャツ（ローブリード）","","United Athle 2020-01。4.7オンス スペシャルドライカノコ ポロシャツ（ローブリード）。","ポリエステル100%","XS,S,M,L,XL,XXL,XXXL,XXXXL,5XL","3","1","10","（仮）通常配送","1","0","","6258","サンドカーキ","14","6049","","","","1","0","（仮）","2020-01","サンドカーキ","0537","XXXL","2900000030110","2260"
"13567","2020-01","2020-01 4.7オンス スペシャルドライカノコ ポロシャツ（ローブリード）","","United Athle 2020-01。4.7オンス スペシャルドライカノコ ポロシャツ（ローブリード）。","ポリエステル100%","XS,S,M,L,XL,XXL,XXXL,XXXXL,5XL","3","1","10","（仮）通常配送","1","0","","6259","ターコイズブルー","15","6049","","","","1","0","（仮）","2020-01","ターコイズブルー","0538","XXXL","2900000030111","2260"
"13567","2020-01","2020-01 4.7オンス スペシャルドライカノコ ポロシャツ（ローブリード）","","United Athle 2020-01。4.7オンス スペシャルドライカノコ ポロシャツ（ローブリード）。","ポリエステル100%","XS,S,M,L,XL,XXL,XXXL,XXXXL,5XL","3","1","10","（仮）通常配送","1","0","","6280","ヘザーチャコール","16","6049","","","","1","0","（仮）","2020-01","ヘザーチャコール","0598","XXXL","2900000030112","2260"
"13567","2020-01","2020-01 4.7オンス スペシャルドライカノコ ポロシャツ（ローブリード）","","United Athle 2020-01。4.7オンス スペシャルドライカノコ ポロシャツ（ローブリード）。","ポリエステル100%","XS,S,M,L,XL,XXL,XXXL,XXXXL,5XL","3","1","10","（仮）通常配送","1","0","","6052","ホワイト","1","6302","","","","1","0","（仮）","2020-01","ホワイト","0001","XXXXL","2900000030113","2260"
"13567","2020-01","2020-01 4.7オンス スペシャルドライカノコ ポロシャツ（ローブリード）","","United Athle 2020-01。4.7オンス スペシャルドライカノコ ポロシャツ（ローブリード）。","ポリエステル100%","XS,S,M,L,XL,XXL,XXXL,XXXXL,5XL","3","1","10","（仮）通常配送","1","0","","6060","ブラック","2","6302","","","","1","0","（仮）","2020-01","ブラック","0002","XXXXL","2900000030114","2260"
"13567","2020-01","2020-01 4.7オンス スペシャルドライカノコ ポロシャツ（ローブリード）","","United Athle 2020-01。4.7オンス スペシャルドライカノコ ポロシャツ（ローブリード）。","ポリエステル100%","XS,S,M,L,XL,XXL,XXXL,XXXXL,5XL","3","1","10","（仮）通常配送","1","0","","6241","ミックスグレー","3","6302","","","","1","0","（仮）","2020-01","ミックスグレー","0006","XXXXL","2900000030115","2260"
"13567","2020-01","2020-01 4.7オンス スペシャルドライカノコ ポロシャツ（ローブリード）","","United Athle 2020-01。4.7オンス スペシャルドライカノコ ポロシャツ（ローブリード）。","ポリエステル100%","XS,S,M,L,XL,XXL,XXXL,XXXXL,5XL","3","1","10","（仮）通常配送","1","0","","6093","グリーン","4","6302","","","","1","0","（仮）","2020-01","グリーン","0029","XXXXL","2900000030116","2260"
"13567","2020-01","2020-01 4.7オンス スペシャルドライカノコ ポロシャツ（ローブリード）","","United Athle 2020-01。4.7オンス スペシャルドライカノコ ポロシャツ（ローブリード）。","ポリエステル100%","XS,S,M,L,XL,XXL,XXXL,XXXXL,5XL","3","1","10","（仮）通常配送","1","0","","6245","シティグリーン","5","6302","","","","1","0","（仮）","2020-01","シティグリーン","0035","XXXXL","2900000030117","2260"
"13567","2020-01","2020-01 4.7オンス スペシャルドライカノコ ポロシャツ（ローブリード）","","United Athle 2020-01。4.7オンス スペシャルドライカノコ ポロシャツ（ローブリード）。","ポリエステル100%","XS,S,M,L,XL,XXL,XXXL,XXXXL,5XL","3","1","10","（仮）通常配送","1","0","","6068","レッド","6","6302","","","","1","0","（仮）","2020-01","レッド","0069","XXXXL","2900000030118","2260"
"13567","2020-01","2020-01 4.7オンス スペシャルドライカノコ ポロシャツ（ローブリード）","","United Athle 2020-01。4.7オンス スペシャルドライカノコ ポロシャツ（ローブリード）。","ポリエステル100%","XS,S,M,L,XL,XXL,XXXL,XXXXL,5XL","3","1","10","（仮）通常配送","1","0","","6075","バーガンディ","7","6302","","","","1","0","（仮）","2020-01","バーガンディ","0072","XXXXL","2900000030119","2260"
"13567","2020-01","2020-01 4.7オンス スペシャルドライカノコ ポロシャツ（ローブリード）","","United Athle 2020-01。4.7オンス スペシャルドライカノコ ポロシャツ（ローブリード）。","ポリエステル100%","XS,S,M,L,XL,XXL,XXXL,XXXXL,5XL","3","1","10","（仮）通常配送","1","0","","6278","コバルトブルー","8","6302","","","","1","0","（仮）","2020-01","コバルトブルー","0084","XXXXL","2900000030120","2260"
"13567","2020-01","2020-01 4.7オンス スペシャルドライカノコ ポロシャツ（ローブリード）","","United Athle 2020-01。4.7オンス スペシャルドライカノコ ポロシャツ（ローブリード）。","ポリエステル100%","XS,S,M,L,XL,XXL,XXXL,XXXXL,5XL","3","1","10","（仮）通常配送","1","0","","6087","ネイビー","9","6302","","","","1","0","（仮）","2020-01","ネイビー","0086","XXXXL","2900000030121","2260"
"13567","2020-01","2020-01 4.7オンス スペシャルドライカノコ ポロシャツ（ローブリード）","","United Athle 2020-01。4.7オンス スペシャルドライカノコ ポロシャツ（ローブリード）。","ポリエステル100%","XS,S,M,L,XL,XXL,XXXL,XXXXL,5XL","3","1","10","（仮）通常配送","1","0","","6085","インディゴ","10","6302","","","","1","0","（仮）","2020-01","インディゴ","0087","XXXXL","2900000030122","2260"
"13567","2020-01","2020-01 4.7オンス スペシャルドライカノコ ポロシャツ（ローブリード）","","United Athle 2020-01。4.7オンス スペシャルドライカノコ ポロシャツ（ローブリード）。","ポリエステル100%","XS,S,M,L,XL,XXL,XXXL,XXXXL,5XL","3","1","10","（仮）通常配送","1","0","","6252","カナリアイエロー","11","6302","","","","1","0","（仮）","2020-01","カナリアイエロー","0190","XXXXL","2900000030123","2260"
"13567","2020-01","2020-01 4.7オンス スペシャルドライカノコ ポロシャツ（ローブリード）","","United Athle 2020-01。4.7オンス スペシャルドライカノコ ポロシャツ（ローブリード）。","ポリエステル100%","XS,S,M,L,XL,XXL,XXXL,XXXXL,5XL","3","1","10","（仮）通常配送","1","0","","6279","カーボン","12","6302","","","","1","0","（仮）","2020-01","カーボン","0198","XXXXL","2900000030124","2260"
"13567","2020-01","2020-01 4.7オンス スペシャルドライカノコ ポロシャツ（ローブリード）","","United Athle 2020-01。4.7オンス スペシャルドライカノコ ポロシャツ（ローブリード）。","ポリエステル100%","XS,S,M,L,XL,XXL,XXXL,XXXXL,5XL","3","1","10","（仮）通常配送","1","0","","6079","ライトブルー","13","6302","","","","1","0","（仮）","2020-01","ライトブルー","0488","XXXXL","2900000030125","2260"
"13567","2020-01","2020-01 4.7オンス スペシャルドライカノコ ポロシャツ（ローブリード）","","United Athle 2020-01。4.7オンス スペシャルドライカノコ ポロシャツ（ローブリード）。","ポリエステル100%","XS,S,M,L,XL,XXL,XXXL,XXXXL,5XL","3","1","10","（仮）通常配送","1","0","","6258","サンドカーキ","14","6302","","","","1","0","（仮）","2020-01","サンドカーキ","0537","XXXXL","2900000030126","2260"
"13567","2020-01","2020-01 4.7オンス スペシャルドライカノコ ポロシャツ（ローブリード）","","United Athle 2020-01。4.7オンス スペシャルドライカノコ ポロシャツ（ローブリード）。","ポリエステル100%","XS,S,M,L,XL,XXL,XXXL,XXXXL,5XL","3","1","10","（仮）通常配送","1","0","","6259","ターコイズブルー","15","6302","","","","1","0","（仮）","2020-01","ターコイズブルー","0538","XXXXL","2900000030127","2260"
"13567","2020-01","2020-01 4.7オンス スペシャルドライカノコ ポロシャツ（ローブリード）","","United Athle 2020-01。4.7オンス スペシャルドライカノコ ポロシャツ（ローブリード）。","ポリエステル100%","XS,S,M,L,XL,XXL,XXXL,XXXXL,5XL","3","1","10","（仮）通常配送","1","0","","6280","ヘザーチャコール","16","6302","","","","1","0","（仮）","2020-01","ヘザーチャコール","0598","XXXXL","2900000030128","2260"
"13567","2020-01","2020-01 4.7オンス スペシャルドライカノコ ポロシャツ（ローブリード）","","United Athle 2020-01。4.7オンス スペシャルドライカノコ ポロシャツ（ローブリード）。","ポリエステル100%","XS,S,M,L,XL,XXL,XXXL,XXXXL,5XL","3","1","10","（仮）通常配送","1","0","","6052","ホワイト","1","6303","","","","1","0","（仮）","2020-01","ホワイト","0001","5XL","2900000030129","2490"
"13567","2020-01","2020-01 4.7オンス スペシャルドライカノコ ポロシャツ（ローブリード）","","United Athle 2020-01。4.7オンス スペシャルドライカノコ ポロシャツ（ローブリード）。","ポリエステル100%","XS,S,M,L,XL,XXL,XXXL,XXXXL,5XL","3","1","10","（仮）通常配送","1","0","","6060","ブラック","2","6303","","","","1","0","（仮）","2020-01","ブラック","0002","5XL","2900000030130","2490"
"13567","2020-01","2020-01 4.7オンス スペシャルドライカノコ ポロシャツ（ローブリード）","","United Athle 2020-01。4.7オンス スペシャルドライカノコ ポロシャツ（ローブリード）。","ポリエステル100%","XS,S,M,L,XL,XXL,XXXL,XXXXL,5XL","3","1","10","（仮）通常配送","1","0","","6241","ミックスグレー","3","6303","","","","1","0","（仮）","2020-01","ミックスグレー","0006","5XL","2900000030131","2490"
"13567","2020-01","2020-01 4.7オンス スペシャルドライカノコ ポロシャツ（ローブリード）","","United Athle 2020-01。4.7オンス スペシャルドライカノコ ポロシャツ（ローブリード）。","ポリエステル100%","XS,S,M,L,XL,XXL,XXXL,XXXXL,5XL","3","1","10","（仮）通常配送","1","0","","6093","グリーン","4","6303","","","","1","0","（仮）","2020-01","グリーン","0029","5XL","2900000030132","2490"
"13567","2020-01","2020-01 4.7オンス スペシャルドライカノコ ポロシャツ（ローブリード）","","United Athle 2020-01。4.7オンス スペシャルドライカノコ ポロシャツ（ローブリード）。","ポリエステル100%","XS,S,M,L,XL,XXL,XXXL,XXXXL,5XL","3","1","10","（仮）通常配送","1","0","","6245","シティグリーン","5","6303","","","","1","0","（仮）","2020-01","シティグリーン","0035","5XL","2900000030133","2490"
"13567","2020-01","2020-01 4.7オンス スペシャルドライカノコ ポロシャツ（ローブリード）","","United Athle 2020-01。4.7オンス スペシャルドライカノコ ポロシャツ（ローブリード）。","ポリエステル100%","XS,S,M,L,XL,XXL,XXXL,XXXXL,5XL","3","1","10","（仮）通常配送","1","0","","6068","レッド","6","6303","","","","1","0","（仮）","2020-01","レッド","0069","5XL","2900000030134","2490"
"13567","2020-01","2020-01 4.7オンス スペシャルドライカノコ ポロシャツ（ローブリード）","","United Athle 2020-01。4.7オンス スペシャルドライカノコ ポロシャツ（ローブリード）。","ポリエステル100%","XS,S,M,L,XL,XXL,XXXL,XXXXL,5XL","3","1","10","（仮）通常配送","1","0","","6075","バーガンディ","7","6303","","","","1","0","（仮）","2020-01","バーガンディ","0072","5XL","2900000030135","2490"
"13567","2020-01","2020-01 4.7オンス スペシャルドライカノコ ポロシャツ（ローブリード）","","United Athle 2020-01。4.7オンス スペシャルドライカノコ ポロシャツ（ローブリード）。","ポリエステル100%","XS,S,M,L,XL,XXL,XXXL,XXXXL,5XL","3","1","10","（仮）通常配送","1","0","","6278","コバルトブルー","8","6303","","","","1","0","（仮）","2020-01","コバルトブルー","0084","5XL","2900000030136","2490"
"13567","2020-01","2020-01 4.7オンス スペシャルドライカノコ ポロシャツ（ローブリード）","","United Athle 2020-01。4.7オンス スペシャルドライカノコ ポロシャツ（ローブリード）。","ポリエステル100%","XS,S,M,L,XL,XXL,XXXL,XXXXL,5XL","3","1","10","（仮）通常配送","1","0","","6087","ネイビー","9","6303","","","","1","0","（仮）","2020-01","ネイビー","0086","5XL","2900000030137","2490"
"13567","2020-01","2020-01 4.7オンス スペシャルドライカノコ ポロシャツ（ローブリード）","","United Athle 2020-01。4.7オンス スペシャルドライカノコ ポロシャツ（ローブリード）。","ポリエステル100%","XS,S,M,L,XL,XXL,XXXL,XXXXL,5XL","3","1","10","（仮）通常配送","1","0","","6085","インディゴ","10","6303","","","","1","0","（仮）","2020-01","インディゴ","0087","5XL","2900000030138","2490"
"13567","2020-01","2020-01 4.7オンス スペシャルドライカノコ ポロシャツ（ローブリード）","","United Athle 2020-01。4.7オンス スペシャルドライカノコ ポロシャツ（ローブリード）。","ポリエステル100%","XS,S,M,L,XL,XXL,XXXL,XXXXL,5XL","3","1","10","（仮）通常配送","1","0","","6252","カナリアイエロー","11","6303","","","","1","0","（仮）","2020-01","カナリアイエロー","0190","5XL","2900000030139","2490"
"13567","2020-01","2020-01 4.7オンス スペシャルドライカノコ ポロシャツ（ローブリード）","","United Athle 2020-01。4.7オンス スペシャルドライカノコ ポロシャツ（ローブリード）。","ポリエステル100%","XS,S,M,L,XL,XXL,XXXL,XXXXL,5XL","3","1","10","（仮）通常配送","1","0","","6279","カーボン","12","6303","","","","1","0","（仮）","2020-01","カーボン","0198","5XL","2900000030140","2490"
"13567","2020-01","2020-01 4.7オンス スペシャルドライカノコ ポロシャツ（ローブリード）","","United Athle 2020-01。4.7オンス スペシャルドライカノコ ポロシャツ（ローブリード）。","ポリエステル100%","XS,S,M,L,XL,XXL,XXXL,XXXXL,5XL","3","1","10","（仮）通常配送","1","0","","6079","ライトブルー","13","6303","","","","1","0","（仮）","2020-01","ライトブルー","0488","5XL","2900000030141","2490"
"13567","2020-01","2020-01 4.7オンス スペシャルドライカノコ ポロシャツ（ローブリード）","","United Athle 2020-01。4.7オンス スペシャルドライカノコ ポロシャツ（ローブリード）。","ポリエステル100%","XS,S,M,L,XL,XXL,XXXL,XXXXL,5XL","3","1","10","（仮）通常配送","1","0","","6258","サンドカーキ","14","6303","","","","1","0","（仮）","2020-01","サンドカーキ","0537","5XL","2900000030142","2490"
"13567","2020-01","2020-01 4.7オンス スペシャルドライカノコ ポロシャツ（ローブリード）","","United Athle 2020-01。4.7オンス スペシャルドライカノコ ポロシャツ（ローブリード）。","ポリエステル100%","XS,S,M,L,XL,XXL,XXXL,XXXXL,5XL","3","1","10","（仮）通常配送","1","0","","6259","ターコイズブルー","15","6303","","","","1","0","（仮）","2020-01","ターコイズブルー","0538","5XL","2900000030143","2490"
"13567","2020-01","2020-01 4.7オンス スペシャルドライカノコ ポロシャツ（ローブリード）","","United Athle 2020-01。4.7オンス スペシャルドライカノコ ポロシャツ（ローブリード）。","ポリエステル100%","XS,S,M,L,XL,XXL,XXXL,XXXXL,5XL","3","1","10","（仮）通常配送","1","0","","6280","ヘザーチャコール","16","6303","","","","1","0","（仮）","2020-01","ヘザーチャコール","0598","5XL","2900000030144","2490"
"13568","2024-01","2024-01 4.7オンス スペシャルドライカノコ ロングスリーブ ポロシャツ（ポケット付）（ローブリード）","","United Athle 2024-01。4.7オンス スペシャルドライカノコ ロングスリーブ ポロシャツ（ポケット付）（ローブリード）。","ポリエステル100%","S,M,L,XL,XXL","3","1","10","（仮）通常配送","1","0","","6052","ホワイト","1","5018","","","","1","0","（仮）","2024-01","ホワイト","0001","S","2900000031001","2420"
"13568","2024-01","2024-01 4.7オンス スペシャルドライカノコ ロングスリーブ ポロシャツ（ポケット付）（ローブリード）","","United Athle 2024-01。4.7オンス スペシャルドライカノコ ロングスリーブ ポロシャツ（ポケット付）（ローブリード）。","ポリエステル100%","S,M,L,XL,XXL","3","1","10","（仮）通常配送","1","0","","6060","ブラック","2","5018","","","","1","0","（仮）","2024-01","ブラック","0002","S","2900000031002","2420"
"13568","2024-01","2024-01 4.7オンス スペシャルドライカノコ ロングスリーブ ポロシャツ（ポケット付）（ローブリード）","","United Athle 2024-01。4.7オンス スペシャルドライカノコ ロングスリーブ ポロシャツ（ポケット付）（ローブリード）。","ポリエステル100%","S,M,L,XL,XXL","3","1","10","（仮）通常配送","1","0","","6087","ネイビー","3","5018","","","","1","0","（仮）","2024-01","ネイビー","0086","S","2900000031003","2420"
"13568","2024-01","2024-01 4.7オンス スペシャルドライカノコ ロングスリーブ ポロシャツ（ポケット付）（ローブリード）","","United Athle 2024-01。4.7オンス スペシャルドライカノコ ロングスリーブ ポロシャツ（ポケット付）（ローブリード）。","ポリエステル100%","S,M,L,XL,XXL","3","1","10","（仮）通常配送","1","0","","6052","ホワイト","1","5019","","","","1","0","（仮）","2024-01","ホワイト","0001","M","2900000031004","2420"
"13568","2024-01","2024-01 4.7オンス スペシャルドライカノコ ロングスリーブ ポロシャツ（ポケット付）（ローブリード）","","United Athle 2024-01。4.7オンス スペシャルドライカノコ ロングスリーブ ポロシャツ（ポケット付）（ローブリード）。","ポリエステル100%","S,M,L,XL,XXL","3","1","10","（仮）通常配送","1","0","","6060","ブラック","2","5019","","","","1","0","（仮）","2024-01","ブラック","0002","M","2900000031005","2420"
"13568","2024-01","2024-01 4.7オンス スペシャルドライカノコ ロングスリーブ ポロシャツ（ポケット付）（ローブリード）","","United Athle 2024-01。4.7オンス スペシャルドライカノコ ロングスリーブ ポロシャツ（ポケット付）（ローブリード）。","ポリエステル100%","S,M,L,XL,XXL","3","1","10","（仮）通常配送","1","0","","6087","ネイビー","3","5019","","","","1","0","（仮）","2024-01","ネイビー","0086","M","2900000031006","2420"
"13568","2024-01","2024-01 4.7オンス スペシャルドライカノコ ロングスリーブ ポロシャツ（ポケット付）（ローブリード）","","United Athle 2024-01。4.7オンス スペシャルドライカノコ ロングスリーブ ポロシャツ（ポケット付）（ローブリード）。","ポリエステル100%","S,M,L,XL,XXL","3","1","10","（仮）通常配送","1","0","","6052","ホワイト","1","5020","","","","1","0","（仮）","2024-01","ホワイト","0001","L","2900000031007","2420"
"13568","2024-01","2024-01 4.7オンス スペシャルドライカノコ ロングスリーブ ポロシャツ（ポケット付）（ローブリード）","","United Athle 2024-01。4.7オンス スペシャルドライカノコ ロングスリーブ ポロシャツ（ポケット付）（ローブリード）。","ポリエステル100%","S,M,L,XL,XXL","3","1","10","（仮）通常配送","1","0","","6060","ブラック","2","5020","","","","1","0","（仮）","2024-01","ブラック","0002","L","2900000031008","2420"
"13568","2024-01","2024-01 4.7オンス スペシャルドライカノコ ロングスリーブ ポロシャツ（ポケット付）（ローブリード）","","United Athle 2024-01。4.7オンス スペシャルドライカノコ ロングスリーブ ポロシャツ（ポケット付）（ローブリード）。","ポリエステル100%","S,M,L,XL,XXL","3","1","10","（仮）通常配送","1","0","","6087","ネイビー","3","5020","","","","1","0","（仮）","2024-01","ネイビー","0086","L","2900000031009","2420"
"13568","2024-01","2024-01 4.7オンス スペシャルドライカノコ ロングスリーブ ポロシャツ（ポケット付）（ローブリード）","","United Athle 2024-01。4.7オンス スペシャルドライカノコ ロングスリーブ ポロシャツ（ポケット付）（ローブリード）。","ポリエステル100%","S,M,L,XL,XXL","3","1","10","（仮）通常配送","1","0","","6052","ホワイト","1","6047","","","","1","0","（仮）","2024-01","ホワイト","0001","XL","2900000031010","2420"
"13568","2024-01","2024-01 4.7オンス スペシャルドライカノコ ロングスリーブ ポロシャツ（ポケット付）（ローブリード）","","United Athle 2024-01。4.7オンス スペシャルドライカノコ ロングスリーブ ポロシャツ（ポケット付）（ローブリード）。","ポリエステル100%","S,M,L,XL,XXL","3","1","10","（仮）通常配送","1","0","","6060","ブラック","2","6047","","","","1","0","（仮）","2024-01","ブラック","0002","XL","2900000031011","2420"
"13568","2024-01","2024-01 4.7オンス スペシャルドライカノコ ロングスリーブ ポロシャツ（ポケット付）（ローブリード）","","United Athle 2024-01。4.7オンス スペシャルドライカノコ ロングスリーブ ポロシャツ（ポケット付）（ローブリード）。","ポリエステル100%","S,M,L,XL,XXL","3","1","10","（仮）通常配送","1","0","","6087","ネイビー","3","6047","","","","1","0","（仮）","2024-01","ネイビー","0086","XL","2900000031012","2420"
"13568","2024-01","2024-01 4.7オンス スペシャルドライカノコ ロングスリーブ ポロシャツ（ポケット付）（ローブリード）","","United Athle 2024-01。4.7オンス スペシャルドライカノコ ロングスリーブ ポロシャツ（ポケット付）（ローブリード）。","ポリエステル100%","S,M,L,XL,XXL","3","1","10","（仮）通常配送","1","0","","6052","ホワイト","1","6048","","","","1","0","（仮）","2024-01","ホワイト","0001","XXL","2900000031013","2900"
"13568","2024-01","2024-01 4.7オンス スペシャルドライカノコ ロングスリーブ ポロシャツ（ポケット付）（ローブリード）","","United Athle 2024-01。4.7オンス スペシャルドライカノコ ロングスリーブ ポロシャツ（ポケット付）（ローブリード）。","ポリエステル100%","S,M,L,XL,XXL","3","1","10","（仮）通常配送","1","0","","6060","ブラック","2","6048","","","","1","0","（仮）","2024-01","ブラック","0002","XXL","2900000031014","2900"
"13568","2024-01","2024-01 4.7オンス スペシャルドライカノコ ロングスリーブ ポロシャツ（ポケット付）（ローブリード）","","United Athle 2024-01。4.7オンス スペシャルドライカノコ ロングスリーブ ポロシャツ（ポケット付）（ローブリード）。","ポリエステル100%","S,M,L,XL,XXL","3","1","10","（仮）通常配送","1","0","","6087","ネイビー","3","6048","","","","1","0","（仮）","2024-01","ネイビー","0086","XXL","2900000031015","2900"
"13569","5010-01","5010-01 5.6オンス ロングスリーブ Tシャツ","","United Athle 5010-01。5.6オンス ロングスリーブ Tシャツ。","綿100%","S,M,L,XL,XXL","3","1","10","（仮）通常配送","1","0","","6052","ホワイト","1","5018","","","","1","0","（仮）","5010-01","ホワイト","0001","S","2900000032001","1750"
"13569","5010-01","5010-01 5.6オンス ロングスリーブ Tシャツ","","United Athle 5010-01。5.6オンス ロングスリーブ Tシャツ。","綿100%","S,M,L,XL,XXL","3","1","10","（仮）通常配送","1","0","","6060","ブラック","2","5018","","","","1","0","（仮）","5010-01","ブラック","0002","S","2900000032002","1980"
"13569","5010-01","5010-01 5.6オンス ロングスリーブ Tシャツ","","United Athle 5010-01。5.6オンス ロングスリーブ Tシャツ。","綿100%","S,M,L,XL,XXL","3","1","10","（仮）通常配送","1","0","","6241","ミックスグレー","3","5018","","","","1","0","（仮）","5010-01","ミックスグレー","0006","S","2900000032003","1980"
"13569","5010-01","5010-01 5.6オンス ロングスリーブ Tシャツ","","United Athle 5010-01。5.6オンス ロングスリーブ Tシャツ。","綿100%","S,M,L,XL,XXL","3","1","10","（仮）通常配送","1","0","","6058","チャコール","4","5018","","","","1","0","（仮）","5010-01","チャコール","0007","S","2900000032004","1980"
"13569","5010-01","5010-01 5.6オンス ロングスリーブ Tシャツ","","United Athle 5010-01。5.6オンス ロングスリーブ Tシャツ。","綿100%","S,M,L,XL,XXL","3","1","10","（仮）通常配送","1","0","","6063","ナチュラル","5","5018","","","","1","0","（仮）","5010-01","ナチュラル","0019","S","2900000032005","1980"
"13569","5010-01","5010-01 5.6オンス ロングスリーブ Tシャツ","","United Athle 5010-01。5.6オンス ロングスリーブ Tシャツ。","綿100%","S,M,L,XL,XXL","3","1","10","（仮）通常配送","1","0","","6087","ネイビー","6","5018","","","","1","0","（仮）","5010-01","ネイビー","0086","S","2900000032006","1980"
"13569","5010-01","5010-01 5.6オンス ロングスリーブ Tシャツ","","United Athle 5010-01。5.6オンス ロングスリーブ Tシャツ。","綿100%","S,M,L,XL,XXL","3","1","10","（仮）通常配送","1","0","","6080","アシッドブルー","7","5018","","","","1","0","（仮）","5010-01","アシッドブルー","0247","S","2900000032007","1980"
"13569","5010-01","5010-01 5.6オンス ロングスリーブ Tシャツ","","United Athle 5010-01。5.6オンス ロングスリーブ Tシャツ。","綿100%","S,M,L,XL,XXL","3","1","10","（仮）通常配送","1","0","","6258","サンドカーキ","8","5018","","","","1","0","（仮）","5010-01","サンドカーキ","0537","S","2900000032008","1980"
"13569","5010-01","5010-01 5.6オンス ロングスリーブ Tシャツ","","United Athle 5010-01。5.6オンス ロングスリーブ Tシャツ。","綿100%","S,M,L,XL,XXL","3","1","10","（仮）通常配送","1","0","","6260","バイオレットパープル","9","5018","","","","1","0","（仮）","5010-01","バイオレットパープル","0539","S","2900000032009","1980"
"13569","5010-01","5010-01 5.6オンス ロングスリーブ Tシャツ","","United Athle 5010-01。5.6オンス ロングスリーブ Tシャツ。","綿100%","S,M,L,XL,XXL","3","1","10","（仮）通常配送","1","0","","6268","ライトオリーブ","10","5018","","","","1","0","（仮）","5010-01","ライトオリーブ","0739","S","2900000032010","1980"
"13569","5010-01","5010-01 5.6オンス ロングスリーブ Tシャツ","","United Athle 5010-01。5.6オンス ロングスリーブ Tシャツ。","綿100%","S,M,L,XL,XXL","3","1","10","（仮）通常配送","1","0","","6052","ホワイト","1","5019","","","","1","0","（仮）","5010-01","ホワイト","0001","M","2900000032011","1750"
"13569","5010-01","5010-01 5.6オンス ロングスリーブ Tシャツ","","United Athle 5010-01。5.6オンス ロングスリーブ Tシャツ。","綿100%","S,M,L,XL,XXL","3","1","10","（仮）通常配送","1","0","","6060","ブラック","2","5019","","","","1","0","（仮）","5010-01","ブラック","0002","M","2900000032012","1980"
"13569","5010-01","5010-01 5.6オンス ロングスリーブ Tシャツ","","United Athle 5010-01。5.6オンス ロングスリーブ Tシャツ。","綿100%","S,M,L,XL,XXL","3","1","10","（仮）通常配送","1","0","","6241","ミックスグレー","3","5019","","","","1","0","（仮）","5010-01","ミックスグレー","0006","M","2900000032013","1980"
"13569","5010-01","5010-01 5.6オンス ロングスリーブ Tシャツ","","United Athle 5010-01。5.6オンス ロングスリーブ Tシャツ。","綿100%","S,M,L,XL,XXL","3","1","10","（仮）通常配送","1","0","","6058","チャコール","4","5019","","","","1","0","（仮）","5010-01","チャコール","0007","M","2900000032014","1980"
"13569","5010-01","5010-01 5.6オンス ロングスリーブ Tシャツ","","United Athle 5010-01。5.6オンス ロングスリーブ Tシャツ。","綿100%","S,M,L,XL,XXL","3","1","10","（仮）通常配送","1","0","","6063","ナチュラル","5","5019","","","","1","0","（仮）","5010-01","ナチュラル","0019","M","2900000032015","1980"
"13569","5010-01","5010-01 5.6オンス ロングスリーブ Tシャツ","","United Athle 5010-01。5.6オンス ロングスリーブ Tシャツ。","綿100%","S,M,L,XL,XXL","3","1","10","（仮）通常配送","1","0","","6087","ネイビー","6","5019","","","","1","0","（仮）","5010-01","ネイビー","0086","M","2900000032016","1980"
"13569","5010-01","5010-01 5.6オンス ロングスリーブ Tシャツ","","United Athle 5010-01。5.6オンス ロングスリーブ Tシャツ。","綿100%","S,M,L,XL,XXL","3","1","10","（仮）通常配送","1","0","","6080","アシッドブルー","7","5019","","","","1","0","（仮）","5010-01","アシッドブルー","0247","M","2900000032017","1980"
"13569","5010-01","5010-01 5.6オンス ロングスリーブ Tシャツ","","United Athle 5010-01。5.6オンス ロングスリーブ Tシャツ。","綿100%","S,M,L,XL,XXL","3","1","10","（仮）通常配送","1","0","","6258","サンドカーキ","8","5019","","","","1","0","（仮）","5010-01","サンドカーキ","0537","M","2900000032018","1980"
"13569","5010-01","5010-01 5.6オンス ロングスリーブ Tシャツ","","United Athle 5010-01。5.6オンス ロングスリーブ Tシャツ。","綿100%","S,M,L,XL,XXL","3","1","10","（仮）通常配送","1","0","","6260","バイオレットパープル","9","5019","","","","1","0","（仮）","5010-01","バイオレットパープル","0539","M","2900000032019","1980"
"13569","5010-01","5010-01 5.6オンス ロングスリーブ Tシャツ","","United Athle 5010-01。5.6オンス ロングスリーブ Tシャツ。","綿100%","S,M,L,XL,XXL","3","1","10","（仮）通常配送","1","0","","6268","ライトオリーブ","10","5019","","","","1","0","（仮）","5010-01","ライトオリーブ","0739","M","2900000032020","1980"
"13569","5010-01","5010-01 5.6オンス ロングスリーブ Tシャツ","","United Athle 5010-01。5.6オンス ロングスリーブ Tシャツ。","綿100%","S,M,L,XL,XXL","3","1","10","（仮）通常配送","1","0","","6052","ホワイト","1","5020","","","","1","0","（仮）","5010-01","ホワイト","0001","L","2900000032021","1750"
"13569","5010-01","5010-01 5.6オンス ロングスリーブ Tシャツ","","United Athle 5010-01。5.6オンス ロングスリーブ Tシャツ。","綿100%","S,M,L,XL,XXL","3","1","10","（仮）通常配送","1","0","","6060","ブラック","2","5020","","","","1","0","（仮）","5010-01","ブラック","0002","L","2900000032022","1980"
"13569","5010-01","5010-01 5.6オンス ロングスリーブ Tシャツ","","United Athle 5010-01。5.6オンス ロングスリーブ Tシャツ。","綿100%","S,M,L,XL,XXL","3","1","10","（仮）通常配送","1","0","","6241","ミックスグレー","3","5020","","","","1","0","（仮）","5010-01","ミックスグレー","0006","L","2900000032023","1980"
"13569","5010-01","5010-01 5.6オンス ロングスリーブ Tシャツ","","United Athle 5010-01。5.6オンス ロングスリーブ Tシャツ。","綿100%","S,M,L,XL,XXL","3","1","10","（仮）通常配送","1","0","","6058","チャコール","4","5020","","","","1","0","（仮）","5010-01","チャコール","0007","L","2900000032024","1980"
"13569","5010-01","5010-01 5.6オンス ロングスリーブ Tシャツ","","United Athle 5010-01。5.6オンス ロングスリーブ Tシャツ。","綿100%","S,M,L,XL,XXL","3","1","10","（仮）通常配送","1","0","","6063","ナチュラル","5","5020","","","","1","0","（仮）","5010-01","ナチュラル","0019","L","2900000032025","1980"
"13569","5010-01","5010-01 5.6オンス ロングスリーブ Tシャツ","","United Athle 5010-01。5.6オンス ロングスリーブ Tシャツ。","綿100%","S,M,L,XL,XXL","3","1","10","（仮）通常配送","1","0","","6087","ネイビー","6","5020","","","","1","0","（仮）","5010-01","ネイビー","0086","L","2900000032026","1980"
"13569","5010-01","5010-01 5.6オンス ロングスリーブ Tシャツ","","United Athle 5010-01。5.6オンス ロングスリーブ Tシャツ。","綿100%","S,M,L,XL,XXL","3","1","10","（仮）通常配送","1","0","","6080","アシッドブルー","7","5020","","","","1","0","（仮）","5010-01","アシッドブルー","0247","L","2900000032027","1980"
"13569","5010-01","5010-01 5.6オンス ロングスリーブ Tシャツ","","United Athle 5010-01。5.6オンス ロングスリーブ Tシャツ。","綿100%","S,M,L,XL,XXL","3","1","10","（仮）通常配送","1","0","","6258","サンドカーキ","8","5020","","","","1","0","（仮）","5010-01","サンドカーキ","0537","L","2900000032028","1980"
"13569","5010-01","5010-01 5.6オンス ロングスリーブ Tシャツ","","United Athle 5010-01。5.6オンス ロングスリーブ Tシャツ。","綿100%","S,M,L,XL,XXL","3","1","10","（仮）通常配送","1","0","","6260","バイオレットパープル","9","5020","","","","1","0","（仮）","5010-01","バイオレットパープル","0539","L","2900000032029","1980"
"13569","5010-01","5010-01 5.6オンス ロングスリーブ Tシャツ","","United Athle 5010-01。5.6オンス ロングスリーブ Tシャツ。","綿100%","S,M,L,XL,XXL","3","1","10","（仮）通常配送","1","0","","6268","ライトオリーブ","10","5020","","","","1","0","（仮）","5010-01","ライトオリーブ","0739","L","2900000032030","1980"
"13569","5010-01","5010-01 5.6オンス ロングスリーブ Tシャツ","","United Athle 5010-01。5.6オンス ロングスリーブ Tシャツ。","綿100%","S,M,L,XL,XXL","3","1","10","（仮）通常配送","1","0","","6052","ホワイト","1","6047","","","","1","0","（仮）","5010-01","ホワイト","0001","XL","2900000032031","1750"
"13569","5010-01","5010-01 5.6オンス ロングスリーブ Tシャツ","","United Athle 5010-01。5.6オンス ロングスリーブ Tシャツ。","綿100%","S,M,L,XL,XXL","3","1","10","（仮）通常配送","1","0","","6060","ブラック","2","6047","","","","1","0","（仮）","5010-01","ブラック","0002","XL","2900000032032","1980"
"13569","5010-01","5010-01 5.6オンス ロングスリーブ Tシャツ","","United Athle 5010-01。5.6オンス ロングスリーブ Tシャツ。","綿100%","S,M,L,XL,XXL","3","1","10","（仮）通常配送","1","0","","6241","ミックスグレー","3","6047","","","","1","0","（仮）","5010-01","ミックスグレー","0006","XL","2900000032033","1980"
"13569","5010-01","5010-01 5.6オンス ロングスリーブ Tシャツ","","United Athle 5010-01。5.6オンス ロングスリーブ Tシャツ。","綿100%","S,M,L,XL,XXL","3","1","10","（仮）通常配送","1","0","","6058","チャコール","4","6047","","","","1","0","（仮）","5010-01","チャコール","0007","XL","2900000032034","1980"
"13569","5010-01","5010-01 5.6オンス ロングスリーブ Tシャツ","","United Athle 5010-01。5.6オンス ロングスリーブ Tシャツ。","綿100%","S,M,L,XL,XXL","3","1","10","（仮）通常配送","1","0","","6063","ナチュラル","5","6047","","","","1","0","（仮）","5010-01","ナチュラル","0019","XL","2900000032035","1980"
"13569","5010-01","5010-01 5.6オンス ロングスリーブ Tシャツ","","United Athle 5010-01。5.6オンス ロングスリーブ Tシャツ。","綿100%","S,M,L,XL,XXL","3","1","10","（仮）通常配送","1","0","","6087","ネイビー","6","6047","","","","1","0","（仮）","5010-01","ネイビー","0086","XL","2900000032036","1980"
"13569","5010-01","5010-01 5.6オンス ロングスリーブ Tシャツ","","United Athle 5010-01。5.6オンス ロングスリーブ Tシャツ。","綿100%","S,M,L,XL,XXL","3","1","10","（仮）通常配送","1","0","","6080","アシッドブルー","7","6047","","","","1","0","（仮）","5010-01","アシッドブルー","0247","XL","2900000032037","1980"
"13569","5010-01","5010-01 5.6オンス ロングスリーブ Tシャツ","","United Athle 5010-01。5.6オンス ロングスリーブ Tシャツ。","綿100%","S,M,L,XL,XXL","3","1","10","（仮）通常配送","1","0","","6258","サンドカーキ","8","6047","","","","1","0","（仮）","5010-01","サンドカーキ","0537","XL","2900000032038","1980"
"13569","5010-01","5010-01 5.6オンス ロングスリーブ Tシャツ","","United Athle 5010-01。5.6オンス ロングスリーブ Tシャツ。","綿100%","S,M,L,XL,XXL","3","1","10","（仮）通常配送","1","0","","6260","バイオレットパープル","9","6047","","","","1","0","（仮）","5010-01","バイオレットパープル","0539","XL","2900000032039","1980"
"13569","5010-01","5010-01 5.6オンス ロングスリーブ Tシャツ","","United Athle 5010-01。5.6オンス ロングスリーブ Tシャツ。","綿100%","S,M,L,XL,XXL","3","1","10","（仮）通常配送","1","0","","6268","ライトオリーブ","10","6047","","","","1","0","（仮）","5010-01","ライトオリーブ","0739","XL","2900000032040","1980"
"13569","5010-01","5010-01 5.6オンス ロングスリーブ Tシャツ","","United Athle 5010-01。5.6オンス ロングスリーブ Tシャツ。","綿100%","S,M,L,XL,XXL","3","1","10","（仮）通常配送","1","0","","6052","ホワイト","1","6048","","","","1","0","（仮）","5010-01","ホワイト","0001","XXL","2900000032041","2080"
"13569","5010-01","5010-01 5.6オンス ロングスリーブ Tシャツ","","United Athle 5010-01。5.6オンス ロングスリーブ Tシャツ。","綿100%","S,M,L,XL,XXL","3","1","10","（仮）通常配送","1","0","","6060","ブラック","2","6048","","","","1","0","（仮）","5010-01","ブラック","0002","XXL","2900000032042","2370"
"13569","5010-01","5010-01 5.6オンス ロングスリーブ Tシャツ","","United Athle 5010-01。5.6オンス ロングスリーブ Tシャツ。","綿100%","S,M,L,XL,XXL","3","1","10","（仮）通常配送","1","0","","6241","ミックスグレー","3","6048","","","","1","0","（仮）","5010-01","ミックスグレー","0006","XXL","2900000032043","2370"
"13569","5010-01","5010-01 5.6オンス ロングスリーブ Tシャツ","","United Athle 5010-01。5.6オンス ロングスリーブ Tシャツ。","綿100%","S,M,L,XL,XXL","3","1","10","（仮）通常配送","1","0","","6058","チャコール","4","6048","","","","1","0","（仮）","5010-01","チャコール","0007","XXL","2900000032044","2370"
"13569","5010-01","5010-01 5.6オンス ロングスリーブ Tシャツ","","United Athle 5010-01。5.6オンス ロングスリーブ Tシャツ。","綿100%","S,M,L,XL,XXL","3","1","10","（仮）通常配送","1","0","","6063","ナチュラル","5","6048","","","","1","0","（仮）","5010-01","ナチュラル","0019","XXL","2900000032045","2370"
"13569","5010-01","5010-01 5.6オンス ロングスリーブ Tシャツ","","United Athle 5010-01。5.6オンス ロングスリーブ Tシャツ。","綿100%","S,M,L,XL,XXL","3","1","10","（仮）通常配送","1","0","","6087","ネイビー","6","6048","","","","1","0","（仮）","5010-01","ネイビー","0086","XXL","2900000032046","2370"
"13569","5010-01","5010-01 5.6オンス ロングスリーブ Tシャツ","","United Athle 5010-01。5.6オンス ロングスリーブ Tシャツ。","綿100%","S,M,L,XL,XXL","3","1","10","（仮）通常配送","1","0","","6080","アシッドブルー","7","6048","","","","1","0","（仮）","5010-01","アシッドブルー","0247","XXL","2900000032047","2370"
"13569","5010-01","5010-01 5.6オンス ロングスリーブ Tシャツ","","United Athle 5010-01。5.6オンス ロングスリーブ Tシャツ。","綿100%","S,M,L,XL,XXL","3","1","10","（仮）通常配送","1","0","","6258","サンドカーキ","8","6048","","","","1","0","（仮）","5010-01","サンドカーキ","0537","XXL","2900000032048","2370"
"13569","5010-01","5010-01 5.6オンス ロングスリーブ Tシャツ","","United Athle 5010-01。5.6オンス ロングスリーブ Tシャツ。","綿100%","S,M,L,XL,XXL","3","1","10","（仮）通常配送","1","0","","6260","バイオレットパープル","9","6048","","","","1","0","（仮）","5010-01","バイオレットパープル","0539","XXL","2900000032049","2370"
"13569","5010-01","5010-01 5.6オンス ロングスリーブ Tシャツ","","United Athle 5010-01。5.6オンス ロングスリーブ Tシャツ。","綿100%","S,M,L,XL,XXL","3","1","10","（仮）通常配送","1","0","","6268","ライトオリーブ","10","6048","","","","1","0","（仮）","5010-01","ライトオリーブ","0739","XXL","2900000032050","2370"
"13570","5041-01","5041-01 5.6オンス ラグランスリーブ Tシャツ","","United Athle 5041-01。5.6オンス ラグランスリーブ Tシャツ。","綿100%","S,M,L,XL","3","1","10","（仮）通常配送","1","0","","6281","ホワイト/ブラック","1","5018","","","","1","0","（仮）","5041-01","ホワイト/ブラック","1002","S","2900000033001","2390"
"13570","5041-01","5041-01 5.6オンス ラグランスリーブ Tシャツ","","United Athle 5041-01。5.6オンス ラグランスリーブ Tシャツ。","綿100%","S,M,L,XL","3","1","10","（仮）通常配送","1","0","","6282","ホワイト/バイオレットパープル","2","5018","","","","1","0","（仮）","5041-01","ホワイト/バイオレットパープル","1063","S","2900000033002","2390"
"13570","5041-01","5041-01 5.6オンス ラグランスリーブ Tシャツ","","United Athle 5041-01。5.6オンス ラグランスリーブ Tシャツ。","綿100%","S,M,L,XL","3","1","10","（仮）通常配送","1","0","","6283","アッシュ/スミ","3","5018","","","","1","0","（仮）","5041-01","アッシュ/スミ","7907","S","2900000033003","2390"
"13570","5041-01","5041-01 5.6オンス ラグランスリーブ Tシャツ","","United Athle 5041-01。5.6オンス ラグランスリーブ Tシャツ。","綿100%","S,M,L,XL","3","1","10","（仮）通常配送","1","0","","6284","アッシュ/ビリヤードグリーン","4","5018","","","","1","0","（仮）","5041-01","アッシュ/ビリヤードグリーン","7939","S","2900000033004","2390"
"13570","5041-01","5041-01 5.6オンス ラグランスリーブ Tシャツ","","United Athle 5041-01。5.6オンス ラグランスリーブ Tシャツ。","綿100%","S,M,L,XL","3","1","10","（仮）通常配送","1","0","","6285","アッシュ/クラシックブルー","5","5018","","","","1","0","（仮）","5041-01","アッシュ/クラシックブルー","7979","S","2900000033005","2390"
"13570","5041-01","5041-01 5.6オンス ラグランスリーブ Tシャツ","","United Athle 5041-01。5.6オンス ラグランスリーブ Tシャツ。","綿100%","S,M,L,XL","3","1","10","（仮）通常配送","1","0","","6286","ヴィンテージ ナチュラル/ライトオリーブ","6","5018","","","","1","0","（仮）","5041-01","ヴィンテージ ナチュラル/ライトオリーブ","8042","S","2900000033006","2390"
"13570","5041-01","5041-01 5.6オンス ラグランスリーブ Tシャツ","","United Athle 5041-01。5.6オンス ラグランスリーブ Tシャツ。","綿100%","S,M,L,XL","3","1","10","（仮）通常配送","1","0","","6287","ヴィンテージ ナチュラル/ダークキャメル","7","5018","","","","1","0","（仮）","5041-01","ヴィンテージ ナチュラル/ダークキャメル","8043","S","2900000033007","2390"
"13570","5041-01","5041-01 5.6オンス ラグランスリーブ Tシャツ","","United Athle 5041-01。5.6オンス ラグランスリーブ Tシャツ。","綿100%","S,M,L,XL","3","1","10","（仮）通常配送","1","0","","6281","ホワイト/ブラック","1","5019","","","","1","0","（仮）","5041-01","ホワイト/ブラック","1002","M","2900000033008","2390"
"13570","5041-01","5041-01 5.6オンス ラグランスリーブ Tシャツ","","United Athle 5041-01。5.6オンス ラグランスリーブ Tシャツ。","綿100%","S,M,L,XL","3","1","10","（仮）通常配送","1","0","","6282","ホワイト/バイオレットパープル","2","5019","","","","1","0","（仮）","5041-01","ホワイト/バイオレットパープル","1063","M","2900000033009","2390"
"13570","5041-01","5041-01 5.6オンス ラグランスリーブ Tシャツ","","United Athle 5041-01。5.6オンス ラグランスリーブ Tシャツ。","綿100%","S,M,L,XL","3","1","10","（仮）通常配送","1","0","","6283","アッシュ/スミ","3","5019","","","","1","0","（仮）","5041-01","アッシュ/スミ","7907","M","2900000033010","2390"
"13570","5041-01","5041-01 5.6オンス ラグランスリーブ Tシャツ","","United Athle 5041-01。5.6オンス ラグランスリーブ Tシャツ。","綿100%","S,M,L,XL","3","1","10","（仮）通常配送","1","0","","6284","アッシュ/ビリヤードグリーン","4","5019","","","","1","0","（仮）","5041-01","アッシュ/ビリヤードグリーン","7939","M","2900000033011","2390"
"13570","5041-01","5041-01 5.6オンス ラグランスリーブ Tシャツ","","United Athle 5041-01。5.6オンス ラグランスリーブ Tシャツ。","綿100%","S,M,L,XL","3","1","10","（仮）通常配送","1","0","","6285","アッシュ/クラシックブルー","5","5019","","","","1","0","（仮）","5041-01","アッシュ/クラシックブルー","7979","M","2900000033012","2390"
"13570","5041-01","5041-01 5.6オンス ラグランスリーブ Tシャツ","","United Athle 5041-01。5.6オンス ラグランスリーブ Tシャツ。","綿100%","S,M,L,XL","3","1","10","（仮）通常配送","1","0","","6286","ヴィンテージ ナチュラル/ライトオリーブ","6","5019","","","","1","0","（仮）","5041-01","ヴィンテージ ナチュラル/ライトオリーブ","8042","M","2900000033013","2390"
"13570","5041-01","5041-01 5.6オンス ラグランスリーブ Tシャツ","","United Athle 5041-01。5.6オンス ラグランスリーブ Tシャツ。","綿100%","S,M,L,XL","3","1","10","（仮）通常配送","1","0","","6287","ヴィンテージ ナチュラル/ダークキャメル","7","5019","","","","1","0","（仮）","5041-01","ヴィンテージ ナチュラル/ダークキャメル","8043","M","2900000033014","2390"
"13570","5041-01","5041-01 5.6オンス ラグランスリーブ Tシャツ","","United Athle 5041-01。5.6オンス ラグランスリーブ Tシャツ。","綿100%","S,M,L,XL","3","1","10","（仮）通常配送","1","0","","6281","ホワイト/ブラック","1","5020","","","","1","0","（仮）","5041-01","ホワイト/ブラック","1002","L","2900000033015","2390"
"13570","5041-01","5041-01 5.6オンス ラグランスリーブ Tシャツ","","United Athle 5041-01。5.6オンス ラグランスリーブ Tシャツ。","綿100%","S,M,L,XL","3","1","10","（仮）通常配送","1","0","","6282","ホワイト/バイオレットパープル","2","5020","","","","1","0","（仮）","5041-01","ホワイト/バイオレットパープル","1063","L","2900000033016","2390"
"13570","5041-01","5041-01 5.6オンス ラグランスリーブ Tシャツ","","United Athle 5041-01。5.6オンス ラグランスリーブ Tシャツ。","綿100%","S,M,L,XL","3","1","10","（仮）通常配送","1","0","","6283","アッシュ/スミ","3","5020","","","","1","0","（仮）","5041-01","アッシュ/スミ","7907","L","2900000033017","2390"
"13570","5041-01","5041-01 5.6オンス ラグランスリーブ Tシャツ","","United Athle 5041-01。5.6オンス ラグランスリーブ Tシャツ。","綿100%","S,M,L,XL","3","1","10","（仮）通常配送","1","0","","6284","アッシュ/ビリヤードグリーン","4","5020","","","","1","0","（仮）","5041-01","アッシュ/ビリヤードグリーン","7939","L","2900000033018","2390"
"13570","5041-01","5041-01 5.6オンス ラグランスリーブ Tシャツ","","United Athle 5041-01。5.6オンス ラグランスリーブ Tシャツ。","綿100%","S,M,L,XL","3","1","10","（仮）通常配送","1","0","","6285","アッシュ/クラシックブルー","5","5020","","","","1","0","（仮）","5041-01","アッシュ/クラシックブルー","7979","L","2900000033019","2390"
"13570","5041-01","5041-01 5.6オンス ラグランスリーブ Tシャツ","","United Athle 5041-01。5.6オンス ラグランスリーブ Tシャツ。","綿100%","S,M,L,XL","3","1","10","（仮）通常配送","1","0","","6286","ヴィンテージ ナチュラル/ライトオリーブ","6","5020","","","","1","0","（仮）","5041-01","ヴィンテージ ナチュラル/ライトオリーブ","8042","L","2900000033020","2390"
"13570","5041-01","5041-01 5.6オンス ラグランスリーブ Tシャツ","","United Athle 5041-01。5.6オンス ラグランスリーブ Tシャツ。","綿100%","S,M,L,XL","3","1","10","（仮）通常配送","1","0","","6287","ヴィンテージ ナチュラル/ダークキャメル","7","5020","","","","1","0","（仮）","5041-01","ヴィンテージ ナチュラル/ダークキャメル","8043","L","2900000033021","2390"
"13570","5041-01","5041-01 5.6オンス ラグランスリーブ Tシャツ","","United Athle 5041-01。5.6オンス ラグランスリーブ Tシャツ。","綿100%","S,M,L,XL","3","1","10","（仮）通常配送","1","0","","6281","ホワイト/ブラック","1","6047","","","","1","0","（仮）","5041-01","ホワイト/ブラック","1002","XL","2900000033022","2390"
"13570","5041-01","5041-01 5.6オンス ラグランスリーブ Tシャツ","","United Athle 5041-01。5.6オンス ラグランスリーブ Tシャツ。","綿100%","S,M,L,XL","3","1","10","（仮）通常配送","1","0","","6282","ホワイト/バイオレットパープル","2","6047","","","","1","0","（仮）","5041-01","ホワイト/バイオレットパープル","1063","XL","2900000033023","2390"
"13570","5041-01","5041-01 5.6オンス ラグランスリーブ Tシャツ","","United Athle 5041-01。5.6オンス ラグランスリーブ Tシャツ。","綿100%","S,M,L,XL","3","1","10","（仮）通常配送","1","0","","6283","アッシュ/スミ","3","6047","","","","1","0","（仮）","5041-01","アッシュ/スミ","7907","XL","2900000033024","2390"
"13570","5041-01","5041-01 5.6オンス ラグランスリーブ Tシャツ","","United Athle 5041-01。5.6オンス ラグランスリーブ Tシャツ。","綿100%","S,M,L,XL","3","1","10","（仮）通常配送","1","0","","6284","アッシュ/ビリヤードグリーン","4","6047","","","","1","0","（仮）","5041-01","アッシュ/ビリヤードグリーン","7939","XL","2900000033025","2390"
"13570","5041-01","5041-01 5.6オンス ラグランスリーブ Tシャツ","","United Athle 5041-01。5.6オンス ラグランスリーブ Tシャツ。","綿100%","S,M,L,XL","3","1","10","（仮）通常配送","1","0","","6285","アッシュ/クラシックブルー","5","6047","","","","1","0","（仮）","5041-01","アッシュ/クラシックブルー","7979","XL","2900000033026","2390"
"13570","5041-01","5041-01 5.6オンス ラグランスリーブ Tシャツ","","United Athle 5041-01。5.6オンス ラグランスリーブ Tシャツ。","綿100%","S,M,L,XL","3","1","10","（仮）通常配送","1","0","","6286","ヴィンテージ ナチュラル/ライトオリーブ","6","6047","","","","1","0","（仮）","5041-01","ヴィンテージ ナチュラル/ライトオリーブ","8042","XL","2900000033027","2390"
"13570","5041-01","5041-01 5.6オンス ラグランスリーブ Tシャツ","","United Athle 5041-01。5.6オンス ラグランスリーブ Tシャツ。","綿100%","S,M,L,XL","3","1","10","（仮）通常配送","1","0","","6287","ヴィンテージ ナチュラル/ダークキャメル","7","6047","","","","1","0","（仮）","5041-01","ヴィンテージ ナチュラル/ダークキャメル","8043","XL","2900000033028","2390"
"13571","5397-01","5397-01 8.8オンス オーセンティックパイル スウェット フルジップパーカ（裏パイル）","","United Athle 5397-01。8.8オンス オーセンティックパイル スウェット フルジップパーカ（裏パイル）。","綿90% ポリエステル10%","S,M,L,XL,XXL","3","1","10","（仮）通常配送","1","0","","6052","ホワイト","1","5018","","","","1","0","（仮）","5397-01","ホワイト","0001","S","2900000034001","4540"
"13571","5397-01","5397-01 8.8オンス オーセンティックパイル スウェット フルジップパーカ（裏パイル）","","United Athle 5397-01。8.8オンス オーセンティックパイル スウェット フルジップパーカ（裏パイル）。","綿90% ポリエステル10%","S,M,L,XL,XXL","3","1","10","（仮）通常配送","1","0","","6060","ブラック","2","5018","","","","1","0","（仮）","5397-01","ブラック","0002","S","2900000034002","4540"
"13571","5397-01","5397-01 8.8オンス オーセンティックパイル スウェット フルジップパーカ（裏パイル）","","United Athle 5397-01。8.8オンス オーセンティックパイル スウェット フルジップパーカ（裏パイル）。","綿90% ポリエステル10%","S,M,L,XL,XXL","3","1","10","（仮）通常配送","1","0","","6054","アッシュ","3","5018","","","","1","0","（仮）","5397-01","アッシュ","0005","S","2900000034003","5220"
"13571","5397-01","5397-01 8.8オンス オーセンティックパイル スウェット フルジップパーカ（裏パイル）","","United Athle 5397-01。8.8オンス オーセンティックパイル スウェット フルジップパーカ（裏パイル）。","綿90% ポリエステル10%","S,M,L,XL,XXL","3","1","10","（仮）通常配送","1","0","","6241","ミックスグレー","4","5018","","","","1","0","（仮）","5397-01","ミックスグレー","0006","S","2900000034004","4540"
"13571","5397-01","5397-01 8.8オンス オーセンティックパイル スウェット フルジップパーカ（裏パイル）","","United Athle 5397-01。8.8オンス オーセンティックパイル スウェット フルジップパーカ（裏パイル）。","綿90% ポリエステル10%","S,M,L,XL,XXL","3","1","10","（仮）通常配送","1","0","","6288","グレー","5","5018","","","","1","0","（仮）","5397-01","グレー","0013","S","2900000034005","4540"
"13571","5397-01","5397-01 8.8オンス オーセンティックパイル スウェット フルジップパーカ（裏パイル）","","United Athle 5397-01。8.8オンス オーセンティックパイル スウェット フルジップパーカ（裏パイル）。","綿90% ポリエステル10%","S,M,L,XL,XXL","3","1","10","（仮）通常配送","1","0","","6243","ゴールド","6","5018","","","","1","0","（仮）","5397-01","ゴールド","0022","S","2900000034006","4540"
"13571","5397-01","5397-01 8.8オンス オーセンティックパイル スウェット フルジップパーカ（裏パイル）","","United Athle 5397-01。8.8オンス オーセンティックパイル スウェット フルジップパーカ（裏パイル）。","綿90% ポリエステル10%","S,M,L,XL,XXL","3","1","10","（仮）通常配送","1","0","","6289","モスグリーン","7","5018","","","","1","0","（仮）","5397-01","モスグリーン","0054","S","2900000034007","4540"
"13571","5397-01","5397-01 8.8オンス オーセンティックパイル スウェット フルジップパーカ（裏パイル）","","United Athle 5397-01。8.8オンス オーセンティックパイル スウェット フルジップパーカ（裏パイル）。","綿90% ポリエステル10%","S,M,L,XL,XXL","3","1","10","（仮）通常配送","1","0","","6075","バーガンディ","8","5018","","","","1","0","（仮）","5397-01","バーガンディ","0072","S","2900000034008","4540"
"13571","5397-01","5397-01 8.8オンス オーセンティックパイル スウェット フルジップパーカ（裏パイル）","","United Athle 5397-01。8.8オンス オーセンティックパイル スウェット フルジップパーカ（裏パイル）。","綿90% ポリエステル10%","S,M,L,XL,XXL","3","1","10","（仮）通常配送","1","0","","6087","ネイビー","9","5018","","","","1","0","（仮）","5397-01","ネイビー","0086","S","2900000034009","4540"
"13571","5397-01","5397-01 8.8オンス オーセンティックパイル スウェット フルジップパーカ（裏パイル）","","United Athle 5397-01。8.8オンス オーセンティックパイル スウェット フルジップパーカ（裏パイル）。","綿90% ポリエステル10%","S,M,L,XL,XXL","3","1","10","（仮）通常配送","1","0","","6085","インディゴ","10","5018","","","","1","0","（仮）","5397-01","インディゴ","0087","S","2900000034010","4540"
"13571","5397-01","5397-01 8.8オンス オーセンティックパイル スウェット フルジップパーカ（裏パイル）","","United Athle 5397-01。8.8オンス オーセンティックパイル スウェット フルジップパーカ（裏パイル）。","綿90% ポリエステル10%","S,M,L,XL,XXL","3","1","10","（仮）通常配送","1","0","","6290","マリンブルー","11","5018","","","","1","0","（仮）","5397-01","マリンブルー","0095","S","2900000034011","4540"
"13571","5397-01","5397-01 8.8オンス オーセンティックパイル スウェット フルジップパーカ（裏パイル）","","United Athle 5397-01。8.8オンス オーセンティックパイル スウェット フルジップパーカ（裏パイル）。","綿90% ポリエステル10%","S,M,L,XL,XXL","3","1","10","（仮）通常配送","1","0","","6251","スミ","12","5018","","","","1","0","（仮）","5397-01","スミ","0165","S","2900000034012","4540"
"13571","5397-01","5397-01 8.8オンス オーセンティックパイル スウェット フルジップパーカ（裏パイル）","","United Athle 5397-01。8.8オンス オーセンティックパイル スウェット フルジップパーカ（裏パイル）。","綿90% ポリエステル10%","S,M,L,XL,XXL","3","1","10","（仮）通常配送","1","0","","6274","グレージュ","13","5018","","","","1","0","（仮）","5397-01","グレージュ","0183","S","2900000034013","4540"
"13571","5397-01","5397-01 8.8オンス オーセンティックパイル スウェット フルジップパーカ（裏パイル）","","United Athle 5397-01。8.8オンス オーセンティックパイル スウェット フルジップパーカ（裏パイル）。","綿90% ポリエステル10%","S,M,L,XL,XXL","3","1","10","（仮）通常配送","1","0","","6254","ハイレッド","14","5018","","","","1","0","（仮）","5397-01","ハイレッド","0232","S","2900000034014","4540"
"13571","5397-01","5397-01 8.8オンス オーセンティックパイル スウェット フルジップパーカ（裏パイル）","","United Athle 5397-01。8.8オンス オーセンティックパイル スウェット フルジップパーカ（裏パイル）。","綿90% ポリエステル10%","S,M,L,XL,XXL","3","1","10","（仮）通常配送","1","0","","6291","ダークチョコレート","15","5018","","","","1","0","（仮）","5397-01","ダークチョコレート","0237","S","2900000034015","4540"
"13571","5397-01","5397-01 8.8オンス オーセンティックパイル スウェット フルジップパーカ（裏パイル）","","United Athle 5397-01。8.8オンス オーセンティックパイル スウェット フルジップパーカ（裏パイル）。","綿90% ポリエステル10%","S,M,L,XL,XXL","3","1","10","（仮）通常配送","1","0","","6292","ヴィンテージナチュラル","16","5018","","","","1","0","（仮）","5397-01","ヴィンテージナチュラル","0600","S","2900000034016","4540"
"13571","5397-01","5397-01 8.8オンス オーセンティックパイル スウェット フルジップパーカ（裏パイル）","","United Athle 5397-01。8.8オンス オーセンティックパイル スウェット フルジップパーカ（裏パイル）。","綿90% ポリエステル10%","S,M,L,XL,XXL","3","1","10","（仮）通常配送","1","0","","6293","ヴィンテージイエロー","17","5018","","","","1","0","（仮）","5397-01","ヴィンテージイエロー","0949","S","2900000034017","4540"
"13571","5397-01","5397-01 8.8オンス オーセンティックパイル スウェット フルジップパーカ（裏パイル）","","United Athle 5397-01。8.8オンス オーセンティックパイル スウェット フルジップパーカ（裏パイル）。","綿90% ポリエステル10%","S,M,L,XL,XXL","3","1","10","（仮）通常配送","1","0","","6294","ヴィンテージサックス","18","5018","","","","1","0","（仮）","5397-01","ヴィンテージサックス","0952","S","2900000034018","4540"
"13571","5397-01","5397-01 8.8オンス オーセンティックパイル スウェット フルジップパーカ（裏パイル）","","United Athle 5397-01。8.8オンス オーセンティックパイル スウェット フルジップパーカ（裏パイル）。","綿90% ポリエステル10%","S,M,L,XL,XXL","3","1","10","（仮）通常配送","1","0","","6052","ホワイト","1","5019","","","","1","0","（仮）","5397-01","ホワイト","0001","M","2900000034019","4540"
"13571","5397-01","5397-01 8.8オンス オーセンティックパイル スウェット フルジップパーカ（裏パイル）","","United Athle 5397-01。8.8オンス オーセンティックパイル スウェット フルジップパーカ（裏パイル）。","綿90% ポリエステル10%","S,M,L,XL,XXL","3","1","10","（仮）通常配送","1","0","","6060","ブラック","2","5019","","","","1","0","（仮）","5397-01","ブラック","0002","M","2900000034020","4540"
"13571","5397-01","5397-01 8.8オンス オーセンティックパイル スウェット フルジップパーカ（裏パイル）","","United Athle 5397-01。8.8オンス オーセンティックパイル スウェット フルジップパーカ（裏パイル）。","綿90% ポリエステル10%","S,M,L,XL,XXL","3","1","10","（仮）通常配送","1","0","","6054","アッシュ","3","5019","","","","1","0","（仮）","5397-01","アッシュ","0005","M","2900000034021","5220"
"13571","5397-01","5397-01 8.8オンス オーセンティックパイル スウェット フルジップパーカ（裏パイル）","","United Athle 5397-01。8.8オンス オーセンティックパイル スウェット フルジップパーカ（裏パイル）。","綿90% ポリエステル10%","S,M,L,XL,XXL","3","1","10","（仮）通常配送","1","0","","6241","ミックスグレー","4","5019","","","","1","0","（仮）","5397-01","ミックスグレー","0006","M","2900000034022","4540"
"13571","5397-01","5397-01 8.8オンス オーセンティックパイル スウェット フルジップパーカ（裏パイル）","","United Athle 5397-01。8.8オンス オーセンティックパイル スウェット フルジップパーカ（裏パイル）。","綿90% ポリエステル10%","S,M,L,XL,XXL","3","1","10","（仮）通常配送","1","0","","6288","グレー","5","5019","","","","1","0","（仮）","5397-01","グレー","0013","M","2900000034023","4540"
"13571","5397-01","5397-01 8.8オンス オーセンティックパイル スウェット フルジップパーカ（裏パイル）","","United Athle 5397-01。8.8オンス オーセンティックパイル スウェット フルジップパーカ（裏パイル）。","綿90% ポリエステル10%","S,M,L,XL,XXL","3","1","10","（仮）通常配送","1","0","","6243","ゴールド","6","5019","","","","1","0","（仮）","5397-01","ゴールド","0022","M","2900000034024","4540"
"13571","5397-01","5397-01 8.8オンス オーセンティックパイル スウェット フルジップパーカ（裏パイル）","","United Athle 5397-01。8.8オンス オーセンティックパイル スウェット フルジップパーカ（裏パイル）。","綿90% ポリエステル10%","S,M,L,XL,XXL","3","1","10","（仮）通常配送","1","0","","6289","モスグリーン","7","5019","","","","1","0","（仮）","5397-01","モスグリーン","0054","M","2900000034025","4540"
"13571","5397-01","5397-01 8.8オンス オーセンティックパイル スウェット フルジップパーカ（裏パイル）","","United Athle 5397-01。8.8オンス オーセンティックパイル スウェット フルジップパーカ（裏パイル）。","綿90% ポリエステル10%","S,M,L,XL,XXL","3","1","10","（仮）通常配送","1","0","","6075","バーガンディ","8","5019","","","","1","0","（仮）","5397-01","バーガンディ","0072","M","2900000034026","4540"
"13571","5397-01","5397-01 8.8オンス オーセンティックパイル スウェット フルジップパーカ（裏パイル）","","United Athle 5397-01。8.8オンス オーセンティックパイル スウェット フルジップパーカ（裏パイル）。","綿90% ポリエステル10%","S,M,L,XL,XXL","3","1","10","（仮）通常配送","1","0","","6087","ネイビー","9","5019","","","","1","0","（仮）","5397-01","ネイビー","0086","M","2900000034027","4540"
"13571","5397-01","5397-01 8.8オンス オーセンティックパイル スウェット フルジップパーカ（裏パイル）","","United Athle 5397-01。8.8オンス オーセンティックパイル スウェット フルジップパーカ（裏パイル）。","綿90% ポリエステル10%","S,M,L,XL,XXL","3","1","10","（仮）通常配送","1","0","","6085","インディゴ","10","5019","","","","1","0","（仮）","5397-01","インディゴ","0087","M","2900000034028","4540"
"13571","5397-01","5397-01 8.8オンス オーセンティックパイル スウェット フルジップパーカ（裏パイル）","","United Athle 5397-01。8.8オンス オーセンティックパイル スウェット フルジップパーカ（裏パイル）。","綿90% ポリエステル10%","S,M,L,XL,XXL","3","1","10","（仮）通常配送","1","0","","6290","マリンブルー","11","5019","","","","1","0","（仮）","5397-01","マリンブルー","0095","M","2900000034029","4540"
"13571","5397-01","5397-01 8.8オンス オーセンティックパイル スウェット フルジップパーカ（裏パイル）","","United Athle 5397-01。8.8オンス オーセンティックパイル スウェット フルジップパーカ（裏パイル）。","綿90% ポリエステル10%","S,M,L,XL,XXL","3","1","10","（仮）通常配送","1","0","","6251","スミ","12","5019","","","","1","0","（仮）","5397-01","スミ","0165","M","2900000034030","4540"
"13571","5397-01","5397-01 8.8オンス オーセンティックパイル スウェット フルジップパーカ（裏パイル）","","United Athle 5397-01。8.8オンス オーセンティックパイル スウェット フルジップパーカ（裏パイル）。","綿90% ポリエステル10%","S,M,L,XL,XXL","3","1","10","（仮）通常配送","1","0","","6274","グレージュ","13","5019","","","","1","0","（仮）","5397-01","グレージュ","0183","M","2900000034031","4540"
"13571","5397-01","5397-01 8.8オンス オーセンティックパイル スウェット フルジップパーカ（裏パイル）","","United Athle 5397-01。8.8オンス オーセンティックパイル スウェット フルジップパーカ（裏パイル）。","綿90% ポリエステル10%","S,M,L,XL,XXL","3","1","10","（仮）通常配送","1","0","","6254","ハイレッド","14","5019","","","","1","0","（仮）","5397-01","ハイレッド","0232","M","2900000034032","4540"
"13571","5397-01","5397-01 8.8オンス オーセンティックパイル スウェット フルジップパーカ（裏パイル）","","United Athle 5397-01。8.8オンス オーセンティックパイル スウェット フルジップパーカ（裏パイル）。","綿90% ポリエステル10%","S,M,L,XL,XXL","3","1","10","（仮）通常配送","1","0","","6291","ダークチョコレート","15","5019","","","","1","0","（仮）","5397-01","ダークチョコレート","0237","M","2900000034033","4540"
"13571","5397-01","5397-01 8.8オンス オーセンティックパイル スウェット フルジップパーカ（裏パイル）","","United Athle 5397-01。8.8オンス オーセンティックパイル スウェット フルジップパーカ（裏パイル）。","綿90% ポリエステル10%","S,M,L,XL,XXL","3","1","10","（仮）通常配送","1","0","","6292","ヴィンテージナチュラル","16","5019","","","","1","0","（仮）","5397-01","ヴィンテージナチュラル","0600","M","2900000034034","4540"
"13571","5397-01","5397-01 8.8オンス オーセンティックパイル スウェット フルジップパーカ（裏パイル）","","United Athle 5397-01。8.8オンス オーセンティックパイル スウェット フルジップパーカ（裏パイル）。","綿90% ポリエステル10%","S,M,L,XL,XXL","3","1","10","（仮）通常配送","1","0","","6293","ヴィンテージイエロー","17","5019","","","","1","0","（仮）","5397-01","ヴィンテージイエロー","0949","M","2900000034035","4540"
"13571","5397-01","5397-01 8.8オンス オーセンティックパイル スウェット フルジップパーカ（裏パイル）","","United Athle 5397-01。8.8オンス オーセンティックパイル スウェット フルジップパーカ（裏パイル）。","綿90% ポリエステル10%","S,M,L,XL,XXL","3","1","10","（仮）通常配送","1","0","","6294","ヴィンテージサックス","18","5019","","","","1","0","（仮）","5397-01","ヴィンテージサックス","0952","M","2900000034036","4540"
"13571","5397-01","5397-01 8.8オンス オーセンティックパイル スウェット フルジップパーカ（裏パイル）","","United Athle 5397-01。8.8オンス オーセンティックパイル スウェット フルジップパーカ（裏パイル）。","綿90% ポリエステル10%","S,M,L,XL,XXL","3","1","10","（仮）通常配送","1","0","","6052","ホワイト","1","5020","","","","1","0","（仮）","5397-01","ホワイト","0001","L","2900000034037","4540"
"13571","5397-01","5397-01 8.8オンス オーセンティックパイル スウェット フルジップパーカ（裏パイル）","","United Athle 5397-01。8.8オンス オーセンティックパイル スウェット フルジップパーカ（裏パイル）。","綿90% ポリエステル10%","S,M,L,XL,XXL","3","1","10","（仮）通常配送","1","0","","6060","ブラック","2","5020","","","","1","0","（仮）","5397-01","ブラック","0002","L","2900000034038","4540"
"13571","5397-01","5397-01 8.8オンス オーセンティックパイル スウェット フルジップパーカ（裏パイル）","","United Athle 5397-01。8.8オンス オーセンティックパイル スウェット フルジップパーカ（裏パイル）。","綿90% ポリエステル10%","S,M,L,XL,XXL","3","1","10","（仮）通常配送","1","0","","6054","アッシュ","3","5020","","","","1","0","（仮）","5397-01","アッシュ","0005","L","2900000034039","5220"
"13571","5397-01","5397-01 8.8オンス オーセンティックパイル スウェット フルジップパーカ（裏パイル）","","United Athle 5397-01。8.8オンス オーセンティックパイル スウェット フルジップパーカ（裏パイル）。","綿90% ポリエステル10%","S,M,L,XL,XXL","3","1","10","（仮）通常配送","1","0","","6241","ミックスグレー","4","5020","","","","1","0","（仮）","5397-01","ミックスグレー","0006","L","2900000034040","4540"
"13571","5397-01","5397-01 8.8オンス オーセンティックパイル スウェット フルジップパーカ（裏パイル）","","United Athle 5397-01。8.8オンス オーセンティックパイル スウェット フルジップパーカ（裏パイル）。","綿90% ポリエステル10%","S,M,L,XL,XXL","3","1","10","（仮）通常配送","1","0","","6288","グレー","5","5020","","","","1","0","（仮）","5397-01","グレー","0013","L","2900000034041","4540"
"13571","5397-01","5397-01 8.8オンス オーセンティックパイル スウェット フルジップパーカ（裏パイル）","","United Athle 5397-01。8.8オンス オーセンティックパイル スウェット フルジップパーカ（裏パイル）。","綿90% ポリエステル10%","S,M,L,XL,XXL","3","1","10","（仮）通常配送","1","0","","6243","ゴールド","6","5020","","","","1","0","（仮）","5397-01","ゴールド","0022","L","2900000034042","4540"
"13571","5397-01","5397-01 8.8オンス オーセンティックパイル スウェット フルジップパーカ（裏パイル）","","United Athle 5397-01。8.8オンス オーセンティックパイル スウェット フルジップパーカ（裏パイル）。","綿90% ポリエステル10%","S,M,L,XL,XXL","3","1","10","（仮）通常配送","1","0","","6289","モスグリーン","7","5020","","","","1","0","（仮）","5397-01","モスグリーン","0054","L","2900000034043","4540"
"13571","5397-01","5397-01 8.8オンス オーセンティックパイル スウェット フルジップパーカ（裏パイル）","","United Athle 5397-01。8.8オンス オーセンティックパイル スウェット フルジップパーカ（裏パイル）。","綿90% ポリエステル10%","S,M,L,XL,XXL","3","1","10","（仮）通常配送","1","0","","6075","バーガンディ","8","5020","","","","1","0","（仮）","5397-01","バーガンディ","0072","L","2900000034044","4540"
"13571","5397-01","5397-01 8.8オンス オーセンティックパイル スウェット フルジップパーカ（裏パイル）","","United Athle 5397-01。8.8オンス オーセンティックパイル スウェット フルジップパーカ（裏パイル）。","綿90% ポリエステル10%","S,M,L,XL,XXL","3","1","10","（仮）通常配送","1","0","","6087","ネイビー","9","5020","","","","1","0","（仮）","5397-01","ネイビー","0086","L","2900000034045","4540"
"13571","5397-01","5397-01 8.8オンス オーセンティックパイル スウェット フルジップパーカ（裏パイル）","","United Athle 5397-01。8.8オンス オーセンティックパイル スウェット フルジップパーカ（裏パイル）。","綿90% ポリエステル10%","S,M,L,XL,XXL","3","1","10","（仮）通常配送","1","0","","6085","インディゴ","10","5020","","","","1","0","（仮）","5397-01","インディゴ","0087","L","2900000034046","4540"
"13571","5397-01","5397-01 8.8オンス オーセンティックパイル スウェット フルジップパーカ（裏パイル）","","United Athle 5397-01。8.8オンス オーセンティックパイル スウェット フルジップパーカ（裏パイル）。","綿90% ポリエステル10%","S,M,L,XL,XXL","3","1","10","（仮）通常配送","1","0","","6290","マリンブルー","11","5020","","","","1","0","（仮）","5397-01","マリンブルー","0095","L","2900000034047","4540"
"13571","5397-01","5397-01 8.8オンス オーセンティックパイル スウェット フルジップパーカ（裏パイル）","","United Athle 5397-01。8.8オンス オーセンティックパイル スウェット フルジップパーカ（裏パイル）。","綿90% ポリエステル10%","S,M,L,XL,XXL","3","1","10","（仮）通常配送","1","0","","6251","スミ","12","5020","","","","1","0","（仮）","5397-01","スミ","0165","L","2900000034048","4540"
"13571","5397-01","5397-01 8.8オンス オーセンティックパイル スウェット フルジップパーカ（裏パイル）","","United Athle 5397-01。8.8オンス オーセンティックパイル スウェット フルジップパーカ（裏パイル）。","綿90% ポリエステル10%","S,M,L,XL,XXL","3","1","10","（仮）通常配送","1","0","","6274","グレージュ","13","5020","","","","1","0","（仮）","5397-01","グレージュ","0183","L","2900000034049","4540"
"13571","5397-01","5397-01 8.8オンス オーセンティックパイル スウェット フルジップパーカ（裏パイル）","","United Athle 5397-01。8.8オンス オーセンティックパイル スウェット フルジップパーカ（裏パイル）。","綿90% ポリエステル10%","S,M,L,XL,XXL","3","1","10","（仮）通常配送","1","0","","6254","ハイレッド","14","5020","","","","1","0","（仮）","5397-01","ハイレッド","0232","L","2900000034050","4540"
"13571","5397-01","5397-01 8.8オンス オーセンティックパイル スウェット フルジップパーカ（裏パイル）","","United Athle 5397-01。8.8オンス オーセンティックパイル スウェット フルジップパーカ（裏パイル）。","綿90% ポリエステル10%","S,M,L,XL,XXL","3","1","10","（仮）通常配送","1","0","","6291","ダークチョコレート","15","5020","","","","1","0","（仮）","5397-01","ダークチョコレート","0237","L","2900000034051","4540"
"13571","5397-01","5397-01 8.8オンス オーセンティックパイル スウェット フルジップパーカ（裏パイル）","","United Athle 5397-01。8.8オンス オーセンティックパイル スウェット フルジップパーカ（裏パイル）。","綿90% ポリエステル10%","S,M,L,XL,XXL","3","1","10","（仮）通常配送","1","0","","6292","ヴィンテージナチュラル","16","5020","","","","1","0","（仮）","5397-01","ヴィンテージナチュラル","0600","L","2900000034052","4540"
"13571","5397-01","5397-01 8.8オンス オーセンティックパイル スウェット フルジップパーカ（裏パイル）","","United Athle 5397-01。8.8オンス オーセンティックパイル スウェット フルジップパーカ（裏パイル）。","綿90% ポリエステル10%","S,M,L,XL,XXL","3","1","10","（仮）通常配送","1","0","","6293","ヴィンテージイエロー","17","5020","","","","1","0","（仮）","5397-01","ヴィンテージイエロー","0949","L","2900000034053","4540"
"13571","5397-01","5397-01 8.8オンス オーセンティックパイル スウェット フルジップパーカ（裏パイル）","","United Athle 5397-01。8.8オンス オーセンティックパイル スウェット フルジップパーカ（裏パイル）。","綿90% ポリエステル10%","S,M,L,XL,XXL","3","1","10","（仮）通常配送","1","0","","6294","ヴィンテージサックス","18","5020","","","","1","0","（仮）","5397-01","ヴィンテージサックス","0952","L","2900000034054","4540"
"13571","5397-01","5397-01 8.8オンス オーセンティックパイル スウェット フルジップパーカ（裏パイル）","","United Athle 5397-01。8.8オンス オーセンティックパイル スウェット フルジップパーカ（裏パイル）。","綿90% ポリエステル10%","S,M,L,XL,XXL","3","1","10","（仮）通常配送","1","0","","6052","ホワイト","1","6047","","","","1","0","（仮）","5397-01","ホワイト","0001","XL","2900000034055","4540"
"13571","5397-01","5397-01 8.8オンス オーセンティックパイル スウェット フルジップパーカ（裏パイル）","","United Athle 5397-01。8.8オンス オーセンティックパイル スウェット フルジップパーカ（裏パイル）。","綿90% ポリエステル10%","S,M,L,XL,XXL","3","1","10","（仮）通常配送","1","0","","6060","ブラック","2","6047","","","","1","0","（仮）","5397-01","ブラック","0002","XL","2900000034056","4540"
"13571","5397-01","5397-01 8.8オンス オーセンティックパイル スウェット フルジップパーカ（裏パイル）","","United Athle 5397-01。8.8オンス オーセンティックパイル スウェット フルジップパーカ（裏パイル）。","綿90% ポリエステル10%","S,M,L,XL,XXL","3","1","10","（仮）通常配送","1","0","","6054","アッシュ","3","6047","","","","1","0","（仮）","5397-01","アッシュ","0005","XL","2900000034057","5220"
"13571","5397-01","5397-01 8.8オンス オーセンティックパイル スウェット フルジップパーカ（裏パイル）","","United Athle 5397-01。8.8オンス オーセンティックパイル スウェット フルジップパーカ（裏パイル）。","綿90% ポリエステル10%","S,M,L,XL,XXL","3","1","10","（仮）通常配送","1","0","","6241","ミックスグレー","4","6047","","","","1","0","（仮）","5397-01","ミックスグレー","0006","XL","2900000034058","4540"
"13571","5397-01","5397-01 8.8オンス オーセンティックパイル スウェット フルジップパーカ（裏パイル）","","United Athle 5397-01。8.8オンス オーセンティックパイル スウェット フルジップパーカ（裏パイル）。","綿90% ポリエステル10%","S,M,L,XL,XXL","3","1","10","（仮）通常配送","1","0","","6288","グレー","5","6047","","","","1","0","（仮）","5397-01","グレー","0013","XL","2900000034059","4540"
"13571","5397-01","5397-01 8.8オンス オーセンティックパイル スウェット フルジップパーカ（裏パイル）","","United Athle 5397-01。8.8オンス オーセンティックパイル スウェット フルジップパーカ（裏パイル）。","綿90% ポリエステル10%","S,M,L,XL,XXL","3","1","10","（仮）通常配送","1","0","","6243","ゴールド","6","6047","","","","1","0","（仮）","5397-01","ゴールド","0022","XL","2900000034060","4540"
"13571","5397-01","5397-01 8.8オンス オーセンティックパイル スウェット フルジップパーカ（裏パイル）","","United Athle 5397-01。8.8オンス オーセンティックパイル スウェット フルジップパーカ（裏パイル）。","綿90% ポリエステル10%","S,M,L,XL,XXL","3","1","10","（仮）通常配送","1","0","","6289","モスグリーン","7","6047","","","","1","0","（仮）","5397-01","モスグリーン","0054","XL","2900000034061","4540"
"13571","5397-01","5397-01 8.8オンス オーセンティックパイル スウェット フルジップパーカ（裏パイル）","","United Athle 5397-01。8.8オンス オーセンティックパイル スウェット フルジップパーカ（裏パイル）。","綿90% ポリエステル10%","S,M,L,XL,XXL","3","1","10","（仮）通常配送","1","0","","6075","バーガンディ","8","6047","","","","1","0","（仮）","5397-01","バーガンディ","0072","XL","2900000034062","4540"
"13571","5397-01","5397-01 8.8オンス オーセンティックパイル スウェット フルジップパーカ（裏パイル）","","United Athle 5397-01。8.8オンス オーセンティックパイル スウェット フルジップパーカ（裏パイル）。","綿90% ポリエステル10%","S,M,L,XL,XXL","3","1","10","（仮）通常配送","1","0","","6087","ネイビー","9","6047","","","","1","0","（仮）","5397-01","ネイビー","0086","XL","2900000034063","4540"
"13571","5397-01","5397-01 8.8オンス オーセンティックパイル スウェット フルジップパーカ（裏パイル）","","United Athle 5397-01。8.8オンス オーセンティックパイル スウェット フルジップパーカ（裏パイル）。","綿90% ポリエステル10%","S,M,L,XL,XXL","3","1","10","（仮）通常配送","1","0","","6085","インディゴ","10","6047","","","","1","0","（仮）","5397-01","インディゴ","0087","XL","2900000034064","4540"
"13571","5397-01","5397-01 8.8オンス オーセンティックパイル スウェット フルジップパーカ（裏パイル）","","United Athle 5397-01。8.8オンス オーセンティックパイル スウェット フルジップパーカ（裏パイル）。","綿90% ポリエステル10%","S,M,L,XL,XXL","3","1","10","（仮）通常配送","1","0","","6290","マリンブルー","11","6047","","","","1","0","（仮）","5397-01","マリンブルー","0095","XL","2900000034065","4540"
"13571","5397-01","5397-01 8.8オンス オーセンティックパイル スウェット フルジップパーカ（裏パイル）","","United Athle 5397-01。8.8オンス オーセンティックパイル スウェット フルジップパーカ（裏パイル）。","綿90% ポリエステル10%","S,M,L,XL,XXL","3","1","10","（仮）通常配送","1","0","","6251","スミ","12","6047","","","","1","0","（仮）","5397-01","スミ","0165","XL","2900000034066","4540"
"13571","5397-01","5397-01 8.8オンス オーセンティックパイル スウェット フルジップパーカ（裏パイル）","","United Athle 5397-01。8.8オンス オーセンティックパイル スウェット フルジップパーカ（裏パイル）。","綿90% ポリエステル10%","S,M,L,XL,XXL","3","1","10","（仮）通常配送","1","0","","6274","グレージュ","13","6047","","","","1","0","（仮）","5397-01","グレージュ","0183","XL","2900000034067","4540"
"13571","5397-01","5397-01 8.8オンス オーセンティックパイル スウェット フルジップパーカ（裏パイル）","","United Athle 5397-01。8.8オンス オーセンティックパイル スウェット フルジップパーカ（裏パイル）。","綿90% ポリエステル10%","S,M,L,XL,XXL","3","1","10","（仮）通常配送","1","0","","6254","ハイレッド","14","6047","","","","1","0","（仮）","5397-01","ハイレッド","0232","XL","2900000034068","4540"
"13571","5397-01","5397-01 8.8オンス オーセンティックパイル スウェット フルジップパーカ（裏パイル）","","United Athle 5397-01。8.8オンス オーセンティックパイル スウェット フルジップパーカ（裏パイル）。","綿90% ポリエステル10%","S,M,L,XL,XXL","3","1","10","（仮）通常配送","1","0","","6291","ダークチョコレート","15","6047","","","","1","0","（仮）","5397-01","ダークチョコレート","0237","XL","2900000034069","4540"
"13571","5397-01","5397-01 8.8オンス オーセンティックパイル スウェット フルジップパーカ（裏パイル）","","United Athle 5397-01。8.8オンス オーセンティックパイル スウェット フルジップパーカ（裏パイル）。","綿90% ポリエステル10%","S,M,L,XL,XXL","3","1","10","（仮）通常配送","1","0","","6292","ヴィンテージナチュラル","16","6047","","","","1","0","（仮）","5397-01","ヴィンテージナチュラル","0600","XL","2900000034070","4540"
"13571","5397-01","5397-01 8.8オンス オーセンティックパイル スウェット フルジップパーカ（裏パイル）","","United Athle 5397-01。8.8オンス オーセンティックパイル スウェット フルジップパーカ（裏パイル）。","綿90% ポリエステル10%","S,M,L,XL,XXL","3","1","10","（仮）通常配送","1","0","","6293","ヴィンテージイエロー","17","6047","","","","1","0","（仮）","5397-01","ヴィンテージイエロー","0949","XL","2900000034071","4540"
"13571","5397-01","5397-01 8.8オンス オーセンティックパイル スウェット フルジップパーカ（裏パイル）","","United Athle 5397-01。8.8オンス オーセンティックパイル スウェット フルジップパーカ（裏パイル）。","綿90% ポリエステル10%","S,M,L,XL,XXL","3","1","10","（仮）通常配送","1","0","","6294","ヴィンテージサックス","18","6047","","","","1","0","（仮）","5397-01","ヴィンテージサックス","0952","XL","2900000034072","4540"
"13571","5397-01","5397-01 8.8オンス オーセンティックパイル スウェット フルジップパーカ（裏パイル）","","United Athle 5397-01。8.8オンス オーセンティックパイル スウェット フルジップパーカ（裏パイル）。","綿90% ポリエステル10%","S,M,L,XL,XXL","3","1","10","（仮）通常配送","1","0","","6052","ホワイト","1","6048","","","","1","0","（仮）","5397-01","ホワイト","0001","XXL","2900000034073","5140"
"13571","5397-01","5397-01 8.8オンス オーセンティックパイル スウェット フルジップパーカ（裏パイル）","","United Athle 5397-01。8.8オンス オーセンティックパイル スウェット フルジップパーカ（裏パイル）。","綿90% ポリエステル10%","S,M,L,XL,XXL","3","1","10","（仮）通常配送","1","0","","6060","ブラック","2","6048","","","","1","0","（仮）","5397-01","ブラック","0002","XXL","2900000034074","5140"
"13571","5397-01","5397-01 8.8オンス オーセンティックパイル スウェット フルジップパーカ（裏パイル）","","United Athle 5397-01。8.8オンス オーセンティックパイル スウェット フルジップパーカ（裏パイル）。","綿90% ポリエステル10%","S,M,L,XL,XXL","3","1","10","（仮）通常配送","1","0","","6054","アッシュ","3","6048","","","","1","0","（仮）","5397-01","アッシュ","0005","XXL","2900000034075","5910"
"13571","5397-01","5397-01 8.8オンス オーセンティックパイル スウェット フルジップパーカ（裏パイル）","","United Athle 5397-01。8.8オンス オーセンティックパイル スウェット フルジップパーカ（裏パイル）。","綿90% ポリエステル10%","S,M,L,XL,XXL","3","1","10","（仮）通常配送","1","0","","6241","ミックスグレー","4","6048","","","","1","0","（仮）","5397-01","ミックスグレー","0006","XXL","2900000034076","5140"
"13571","5397-01","5397-01 8.8オンス オーセンティックパイル スウェット フルジップパーカ（裏パイル）","","United Athle 5397-01。8.8オンス オーセンティックパイル スウェット フルジップパーカ（裏パイル）。","綿90% ポリエステル10%","S,M,L,XL,XXL","3","1","10","（仮）通常配送","1","0","","6288","グレー","5","6048","","","","1","0","（仮）","5397-01","グレー","0013","XXL","2900000034077","5140"
"13571","5397-01","5397-01 8.8オンス オーセンティックパイル スウェット フルジップパーカ（裏パイル）","","United Athle 5397-01。8.8オンス オーセンティックパイル スウェット フルジップパーカ（裏パイル）。","綿90% ポリエステル10%","S,M,L,XL,XXL","3","1","10","（仮）通常配送","1","0","","6243","ゴールド","6","6048","","","","1","0","（仮）","5397-01","ゴールド","0022","XXL","2900000034078","5140"
"13571","5397-01","5397-01 8.8オンス オーセンティックパイル スウェット フルジップパーカ（裏パイル）","","United Athle 5397-01。8.8オンス オーセンティックパイル スウェット フルジップパーカ（裏パイル）。","綿90% ポリエステル10%","S,M,L,XL,XXL","3","1","10","（仮）通常配送","1","0","","6289","モスグリーン","7","6048","","","","1","0","（仮）","5397-01","モスグリーン","0054","XXL","2900000034079","5140"
"13571","5397-01","5397-01 8.8オンス オーセンティックパイル スウェット フルジップパーカ（裏パイル）","","United Athle 5397-01。8.8オンス オーセンティックパイル スウェット フルジップパーカ（裏パイル）。","綿90% ポリエステル10%","S,M,L,XL,XXL","3","1","10","（仮）通常配送","1","0","","6075","バーガンディ","8","6048","","","","1","0","（仮）","5397-01","バーガンディ","0072","XXL","2900000034080","5140"
"13571","5397-01","5397-01 8.8オンス オーセンティックパイル スウェット フルジップパーカ（裏パイル）","","United Athle 5397-01。8.8オンス オーセンティックパイル スウェット フルジップパーカ（裏パイル）。","綿90% ポリエステル10%","S,M,L,XL,XXL","3","1","10","（仮）通常配送","1","0","","6087","ネイビー","9","6048","","","","1","0","（仮）","5397-01","ネイビー","0086","XXL","2900000034081","5140"
"13571","5397-01","5397-01 8.8オンス オーセンティックパイル スウェット フルジップパーカ（裏パイル）","","United Athle 5397-01。8.8オンス オーセンティックパイル スウェット フルジップパーカ（裏パイル）。","綿90% ポリエステル10%","S,M,L,XL,XXL","3","1","10","（仮）通常配送","1","0","","6085","インディゴ","10","6048","","","","1","0","（仮）","5397-01","インディゴ","0087","XXL","2900000034082","5140"
"13571","5397-01","5397-01 8.8オンス オーセンティックパイル スウェット フルジップパーカ（裏パイル）","","United Athle 5397-01。8.8オンス オーセンティックパイル スウェット フルジップパーカ（裏パイル）。","綿90% ポリエステル10%","S,M,L,XL,XXL","3","1","10","（仮）通常配送","1","0","","6290","マリンブルー","11","6048","","","","1","0","（仮）","5397-01","マリンブルー","0095","XXL","2900000034083","5140"
"13571","5397-01","5397-01 8.8オンス オーセンティックパイル スウェット フルジップパーカ（裏パイル）","","United Athle 5397-01。8.8オンス オーセンティックパイル スウェット フルジップパーカ（裏パイル）。","綿90% ポリエステル10%","S,M,L,XL,XXL","3","1","10","（仮）通常配送","1","0","","6251","スミ","12","6048","","","","1","0","（仮）","5397-01","スミ","0165","XXL","2900000034084","5140"
"13571","5397-01","5397-01 8.8オンス オーセンティックパイル スウェット フルジップパーカ（裏パイル）","","United Athle 5397-01。8.8オンス オーセンティックパイル スウェット フルジップパーカ（裏パイル）。","綿90% ポリエステル10%","S,M,L,XL,XXL","3","1","10","（仮）通常配送","1","0","","6274","グレージュ","13","6048","","","","1","0","（仮）","5397-01","グレージュ","0183","XXL","2900000034085","5140"
"13571","5397-01","5397-01 8.8オンス オーセンティックパイル スウェット フルジップパーカ（裏パイル）","","United Athle 5397-01。8.8オンス オーセンティックパイル スウェット フルジップパーカ（裏パイル）。","綿90% ポリエステル10%","S,M,L,XL,XXL","3","1","10","（仮）通常配送","1","0","","6254","ハイレッド","14","6048","","","","1","0","（仮）","5397-01","ハイレッド","0232","XXL","2900000034086","5140"
"13571","5397-01","5397-01 8.8オンス オーセンティックパイル スウェット フルジップパーカ（裏パイル）","","United Athle 5397-01。8.8オンス オーセンティックパイル スウェット フルジップパーカ（裏パイル）。","綿90% ポリエステル10%","S,M,L,XL,XXL","3","1","10","（仮）通常配送","1","0","","6291","ダークチョコレート","15","6048","","","","1","0","（仮）","5397-01","ダークチョコレート","0237","XXL","2900000034087","5140"
"13571","5397-01","5397-01 8.8オンス オーセンティックパイル スウェット フルジップパーカ（裏パイル）","","United Athle 5397-01。8.8オンス オーセンティックパイル スウェット フルジップパーカ（裏パイル）。","綿90% ポリエステル10%","S,M,L,XL,XXL","3","1","10","（仮）通常配送","1","0","","6292","ヴィンテージナチュラル","16","6048","","","","1","0","（仮）","5397-01","ヴィンテージナチュラル","0600","XXL","2900000034088","5140"
"13571","5397-01","5397-01 8.8オンス オーセンティックパイル スウェット フルジップパーカ（裏パイル）","","United Athle 5397-01。8.8オンス オーセンティックパイル スウェット フルジップパーカ（裏パイル）。","綿90% ポリエステル10%","S,M,L,XL,XXL","3","1","10","（仮）通常配送","1","0","","6293","ヴィンテージイエロー","17","6048","","","","1","0","（仮）","5397-01","ヴィンテージイエロー","0949","XXL","2900000034089","5140"
"13571","5397-01","5397-01 8.8オンス オーセンティックパイル スウェット フルジップパーカ（裏パイル）","","United Athle 5397-01。8.8オンス オーセンティックパイル スウェット フルジップパーカ（裏パイル）。","綿90% ポリエステル10%","S,M,L,XL,XXL","3","1","10","（仮）通常配送","1","0","","6294","ヴィンテージサックス","18","6048","","","","1","0","（仮）","5397-01","ヴィンテージサックス","0952","XXL","2900000034090","5140"
"13572","5399-01","5399-01 8.8オンス オーセンティックパイル クルーネックスウェット（裏パイル）","","United Athle 5399-01。8.8オンス オーセンティックパイル クルーネックスウェット（裏パイル）。","綿90% ポリエステル10%","S,M,L,XL,XXL","3","1","10","（仮）通常配送","1","0","","6052","ホワイト","1","5018","","","","1","0","（仮）","5399-01","ホワイト","0001","S","2900000035001","2870"
"13572","5399-01","5399-01 8.8オンス オーセンティックパイル クルーネックスウェット（裏パイル）","","United Athle 5399-01。8.8オンス オーセンティックパイル クルーネックスウェット（裏パイル）。","綿90% ポリエステル10%","S,M,L,XL,XXL","3","1","10","（仮）通常配送","1","0","","6060","ブラック","2","5018","","","","1","0","（仮）","5399-01","ブラック","0002","S","2900000035002","2870"
"13572","5399-01","5399-01 8.8オンス オーセンティックパイル クルーネックスウェット（裏パイル）","","United Athle 5399-01。8.8オンス オーセンティックパイル クルーネックスウェット（裏パイル）。","綿90% ポリエステル10%","S,M,L,XL,XXL","3","1","10","（仮）通常配送","1","0","","6054","アッシュ","3","5018","","","","1","0","（仮）","5399-01","アッシュ","0005","S","2900000035003","3470"
"13572","5399-01","5399-01 8.8オンス オーセンティックパイル クルーネックスウェット（裏パイル）","","United Athle 5399-01。8.8オンス オーセンティックパイル クルーネックスウェット（裏パイル）。","綿90% ポリエステル10%","S,M,L,XL,XXL","3","1","10","（仮）通常配送","1","0","","6241","ミックスグレー","4","5018","","","","1","0","（仮）","5399-01","ミックスグレー","0006","S","2900000035004","2870"
"13572","5399-01","5399-01 8.8オンス オーセンティックパイル クルーネックスウェット（裏パイル）","","United Athle 5399-01。8.8オンス オーセンティックパイル クルーネックスウェット（裏パイル）。","綿90% ポリエステル10%","S,M,L,XL,XXL","3","1","10","（仮）通常配送","1","0","","6288","グレー","5","5018","","","","1","0","（仮）","5399-01","グレー","0013","S","2900000035005","2870"
"13572","5399-01","5399-01 8.8オンス オーセンティックパイル クルーネックスウェット（裏パイル）","","United Athle 5399-01。8.8オンス オーセンティックパイル クルーネックスウェット（裏パイル）。","綿90% ポリエステル10%","S,M,L,XL,XXL","3","1","10","（仮）通常配送","1","0","","6243","ゴールド","6","5018","","","","1","0","（仮）","5399-01","ゴールド","0022","S","2900000035006","2870"
"13572","5399-01","5399-01 8.8オンス オーセンティックパイル クルーネックスウェット（裏パイル）","","United Athle 5399-01。8.8オンス オーセンティックパイル クルーネックスウェット（裏パイル）。","綿90% ポリエステル10%","S,M,L,XL,XXL","3","1","10","（仮）通常配送","1","0","","6289","モスグリーン","7","5018","","","","1","0","（仮）","5399-01","モスグリーン","0054","S","2900000035007","2870"
"13572","5399-01","5399-01 8.8オンス オーセンティックパイル クルーネックスウェット（裏パイル）","","United Athle 5399-01。8.8オンス オーセンティックパイル クルーネックスウェット（裏パイル）。","綿90% ポリエステル10%","S,M,L,XL,XXL","3","1","10","（仮）通常配送","1","0","","6075","バーガンディ","8","5018","","","","1","0","（仮）","5399-01","バーガンディ","0072","S","2900000035008","2870"
"13572","5399-01","5399-01 8.8オンス オーセンティックパイル クルーネックスウェット（裏パイル）","","United Athle 5399-01。8.8オンス オーセンティックパイル クルーネックスウェット（裏パイル）。","綿90% ポリエステル10%","S,M,L,XL,XXL","3","1","10","（仮）通常配送","1","0","","6087","ネイビー","9","5018","","","","1","0","（仮）","5399-01","ネイビー","0086","S","2900000035009","2870"
"13572","5399-01","5399-01 8.8オンス オーセンティックパイル クルーネックスウェット（裏パイル）","","United Athle 5399-01。8.8オンス オーセンティックパイル クルーネックスウェット（裏パイル）。","綿90% ポリエステル10%","S,M,L,XL,XXL","3","1","10","（仮）通常配送","1","0","","6085","インディゴ","10","5018","","","","1","0","（仮）","5399-01","インディゴ","0087","S","2900000035010","2870"
"13572","5399-01","5399-01 8.8オンス オーセンティックパイル クルーネックスウェット（裏パイル）","","United Athle 5399-01。8.8オンス オーセンティックパイル クルーネックスウェット（裏パイル）。","綿90% ポリエステル10%","S,M,L,XL,XXL","3","1","10","（仮）通常配送","1","0","","6290","マリンブルー","11","5018","","","","1","0","（仮）","5399-01","マリンブルー","0095","S","2900000035011","2870"
"13572","5399-01","5399-01 8.8オンス オーセンティックパイル クルーネックスウェット（裏パイル）","","United Athle 5399-01。8.8オンス オーセンティックパイル クルーネックスウェット（裏パイル）。","綿90% ポリエステル10%","S,M,L,XL,XXL","3","1","10","（仮）通常配送","1","0","","6251","スミ","12","5018","","","","1","0","（仮）","5399-01","スミ","0165","S","2900000035012","2870"
"13572","5399-01","5399-01 8.8オンス オーセンティックパイル クルーネックスウェット（裏パイル）","","United Athle 5399-01。8.8オンス オーセンティックパイル クルーネックスウェット（裏パイル）。","綿90% ポリエステル10%","S,M,L,XL,XXL","3","1","10","（仮）通常配送","1","0","","6274","グレージュ","13","5018","","","","1","0","（仮）","5399-01","グレージュ","0183","S","2900000035013","2870"
"13572","5399-01","5399-01 8.8オンス オーセンティックパイル クルーネックスウェット（裏パイル）","","United Athle 5399-01。8.8オンス オーセンティックパイル クルーネックスウェット（裏パイル）。","綿90% ポリエステル10%","S,M,L,XL,XXL","3","1","10","（仮）通常配送","1","0","","6254","ハイレッド","14","5018","","","","1","0","（仮）","5399-01","ハイレッド","0232","S","2900000035014","2870"
"13572","5399-01","5399-01 8.8オンス オーセンティックパイル クルーネックスウェット（裏パイル）","","United Athle 5399-01。8.8オンス オーセンティックパイル クルーネックスウェット（裏パイル）。","綿90% ポリエステル10%","S,M,L,XL,XXL","3","1","10","（仮）通常配送","1","0","","6291","ダークチョコレート","15","5018","","","","1","0","（仮）","5399-01","ダークチョコレート","0237","S","2900000035015","2870"
"13572","5399-01","5399-01 8.8オンス オーセンティックパイル クルーネックスウェット（裏パイル）","","United Athle 5399-01。8.8オンス オーセンティックパイル クルーネックスウェット（裏パイル）。","綿90% ポリエステル10%","S,M,L,XL,XXL","3","1","10","（仮）通常配送","1","0","","6292","ヴィンテージナチュラル","16","5018","","","","1","0","（仮）","5399-01","ヴィンテージナチュラル","0600","S","2900000035016","2870"
"13572","5399-01","5399-01 8.8オンス オーセンティックパイル クルーネックスウェット（裏パイル）","","United Athle 5399-01。8.8オンス オーセンティックパイル クルーネックスウェット（裏パイル）。","綿90% ポリエステル10%","S,M,L,XL,XXL","3","1","10","（仮）通常配送","1","0","","6293","ヴィンテージイエロー","17","5018","","","","1","0","（仮）","5399-01","ヴィンテージイエロー","0949","S","2900000035017","2870"
"13572","5399-01","5399-01 8.8オンス オーセンティックパイル クルーネックスウェット（裏パイル）","","United Athle 5399-01。8.8オンス オーセンティックパイル クルーネックスウェット（裏パイル）。","綿90% ポリエステル10%","S,M,L,XL,XXL","3","1","10","（仮）通常配送","1","0","","6294","ヴィンテージサックス","18","5018","","","","1","0","（仮）","5399-01","ヴィンテージサックス","0952","S","2900000035018","2870"
"13572","5399-01","5399-01 8.8オンス オーセンティックパイル クルーネックスウェット（裏パイル）","","United Athle 5399-01。8.8オンス オーセンティックパイル クルーネックスウェット（裏パイル）。","綿90% ポリエステル10%","S,M,L,XL,XXL","3","1","10","（仮）通常配送","1","0","","6052","ホワイト","1","5019","","","","1","0","（仮）","5399-01","ホワイト","0001","M","2900000035019","2870"
"13572","5399-01","5399-01 8.8オンス オーセンティックパイル クルーネックスウェット（裏パイル）","","United Athle 5399-01。8.8オンス オーセンティックパイル クルーネックスウェット（裏パイル）。","綿90% ポリエステル10%","S,M,L,XL,XXL","3","1","10","（仮）通常配送","1","0","","6060","ブラック","2","5019","","","","1","0","（仮）","5399-01","ブラック","0002","M","2900000035020","2870"
"13572","5399-01","5399-01 8.8オンス オーセンティックパイル クルーネックスウェット（裏パイル）","","United Athle 5399-01。8.8オンス オーセンティックパイル クルーネックスウェット（裏パイル）。","綿90% ポリエステル10%","S,M,L,XL,XXL","3","1","10","（仮）通常配送","1","0","","6054","アッシュ","3","5019","","","","1","0","（仮）","5399-01","アッシュ","0005","M","2900000035021","3470"
"13572","5399-01","5399-01 8.8オンス オーセンティックパイル クルーネックスウェット（裏パイル）","","United Athle 5399-01。8.8オンス オーセンティックパイル クルーネックスウェット（裏パイル）。","綿90% ポリエステル10%","S,M,L,XL,XXL","3","1","10","（仮）通常配送","1","0","","6241","ミックスグレー","4","5019","","","","1","0","（仮）","5399-01","ミックスグレー","0006","M","2900000035022","2870"
"13572","5399-01","5399-01 8.8オンス オーセンティックパイル クルーネックスウェット（裏パイル）","","United Athle 5399-01。8.8オンス オーセンティックパイル クルーネックスウェット（裏パイル）。","綿90% ポリエステル10%","S,M,L,XL,XXL","3","1","10","（仮）通常配送","1","0","","6288","グレー","5","5019","","","","1","0","（仮）","5399-01","グレー","0013","M","2900000035023","2870"
"13572","5399-01","5399-01 8.8オンス オーセンティックパイル クルーネックスウェット（裏パイル）","","United Athle 5399-01。8.8オンス オーセンティックパイル クルーネックスウェット（裏パイル）。","綿90% ポリエステル10%","S,M,L,XL,XXL","3","1","10","（仮）通常配送","1","0","","6243","ゴールド","6","5019","","","","1","0","（仮）","5399-01","ゴールド","0022","M","2900000035024","2870"
"13572","5399-01","5399-01 8.8オンス オーセンティックパイル クルーネックスウェット（裏パイル）","","United Athle 5399-01。8.8オンス オーセンティックパイル クルーネックスウェット（裏パイル）。","綿90% ポリエステル10%","S,M,L,XL,XXL","3","1","10","（仮）通常配送","1","0","","6289","モスグリーン","7","5019","","","","1","0","（仮）","5399-01","モスグリーン","0054","M","2900000035025","2870"
"13572","5399-01","5399-01 8.8オンス オーセンティックパイル クルーネックスウェット（裏パイル）","","United Athle 5399-01。8.8オンス オーセンティックパイル クルーネックスウェット（裏パイル）。","綿90% ポリエステル10%","S,M,L,XL,XXL","3","1","10","（仮）通常配送","1","0","","6075","バーガンディ","8","5019","","","","1","0","（仮）","5399-01","バーガンディ","0072","M","2900000035026","2870"
"13572","5399-01","5399-01 8.8オンス オーセンティックパイル クルーネックスウェット（裏パイル）","","United Athle 5399-01。8.8オンス オーセンティックパイル クルーネックスウェット（裏パイル）。","綿90% ポリエステル10%","S,M,L,XL,XXL","3","1","10","（仮）通常配送","1","0","","6087","ネイビー","9","5019","","","","1","0","（仮）","5399-01","ネイビー","0086","M","2900000035027","2870"
"13572","5399-01","5399-01 8.8オンス オーセンティックパイル クルーネックスウェット（裏パイル）","","United Athle 5399-01。8.8オンス オーセンティックパイル クルーネックスウェット（裏パイル）。","綿90% ポリエステル10%","S,M,L,XL,XXL","3","1","10","（仮）通常配送","1","0","","6085","インディゴ","10","5019","","","","1","0","（仮）","5399-01","インディゴ","0087","M","2900000035028","2870"
"13572","5399-01","5399-01 8.8オンス オーセンティックパイル クルーネックスウェット（裏パイル）","","United Athle 5399-01。8.8オンス オーセンティックパイル クルーネックスウェット（裏パイル）。","綿90% ポリエステル10%","S,M,L,XL,XXL","3","1","10","（仮）通常配送","1","0","","6290","マリンブルー","11","5019","","","","1","0","（仮）","5399-01","マリンブルー","0095","M","2900000035029","2870"
"13572","5399-01","5399-01 8.8オンス オーセンティックパイル クルーネックスウェット（裏パイル）","","United Athle 5399-01。8.8オンス オーセンティックパイル クルーネックスウェット（裏パイル）。","綿90% ポリエステル10%","S,M,L,XL,XXL","3","1","10","（仮）通常配送","1","0","","6251","スミ","12","5019","","","","1","0","（仮）","5399-01","スミ","0165","M","2900000035030","2870"
"13572","5399-01","5399-01 8.8オンス オーセンティックパイル クルーネックスウェット（裏パイル）","","United Athle 5399-01。8.8オンス オーセンティックパイル クルーネックスウェット（裏パイル）。","綿90% ポリエステル10%","S,M,L,XL,XXL","3","1","10","（仮）通常配送","1","0","","6274","グレージュ","13","5019","","","","1","0","（仮）","5399-01","グレージュ","0183","M","2900000035031","2870"
"13572","5399-01","5399-01 8.8オンス オーセンティックパイル クルーネックスウェット（裏パイル）","","United Athle 5399-01。8.8オンス オーセンティックパイル クルーネックスウェット（裏パイル）。","綿90% ポリエステル10%","S,M,L,XL,XXL","3","1","10","（仮）通常配送","1","0","","6254","ハイレッド","14","5019","","","","1","0","（仮）","5399-01","ハイレッド","0232","M","2900000035032","2870"
"13572","5399-01","5399-01 8.8オンス オーセンティックパイル クルーネックスウェット（裏パイル）","","United Athle 5399-01。8.8オンス オーセンティックパイル クルーネックスウェット（裏パイル）。","綿90% ポリエステル10%","S,M,L,XL,XXL","3","1","10","（仮）通常配送","1","0","","6291","ダークチョコレート","15","5019","","","","1","0","（仮）","5399-01","ダークチョコレート","0237","M","2900000035033","2870"
"13572","5399-01","5399-01 8.8オンス オーセンティックパイル クルーネックスウェット（裏パイル）","","United Athle 5399-01。8.8オンス オーセンティックパイル クルーネックスウェット（裏パイル）。","綿90% ポリエステル10%","S,M,L,XL,XXL","3","1","10","（仮）通常配送","1","0","","6292","ヴィンテージナチュラル","16","5019","","","","1","0","（仮）","5399-01","ヴィンテージナチュラル","0600","M","2900000035034","2870"
"13572","5399-01","5399-01 8.8オンス オーセンティックパイル クルーネックスウェット（裏パイル）","","United Athle 5399-01。8.8オンス オーセンティックパイル クルーネックスウェット（裏パイル）。","綿90% ポリエステル10%","S,M,L,XL,XXL","3","1","10","（仮）通常配送","1","0","","6293","ヴィンテージイエロー","17","5019","","","","1","0","（仮）","5399-01","ヴィンテージイエロー","0949","M","2900000035035","2870"
"13572","5399-01","5399-01 8.8オンス オーセンティックパイル クルーネックスウェット（裏パイル）","","United Athle 5399-01。8.8オンス オーセンティックパイル クルーネックスウェット（裏パイル）。","綿90% ポリエステル10%","S,M,L,XL,XXL","3","1","10","（仮）通常配送","1","0","","6294","ヴィンテージサックス","18","5019","","","","1","0","（仮）","5399-01","ヴィンテージサックス","0952","M","2900000035036","2870"
"13572","5399-01","5399-01 8.8オンス オーセンティックパイル クルーネックスウェット（裏パイル）","","United Athle 5399-01。8.8オンス オーセンティックパイル クルーネックスウェット（裏パイル）。","綿90% ポリエステル10%","S,M,L,XL,XXL","3","1","10","（仮）通常配送","1","0","","6052","ホワイト","1","5020","","","","1","0","（仮）","5399-01","ホワイト","0001","L","2900000035037","2870"
"13572","5399-01","5399-01 8.8オンス オーセンティックパイル クルーネックスウェット（裏パイル）","","United Athle 5399-01。8.8オンス オーセンティックパイル クルーネックスウェット（裏パイル）。","綿90% ポリエステル10%","S,M,L,XL,XXL","3","1","10","（仮）通常配送","1","0","","6060","ブラック","2","5020","","","","1","0","（仮）","5399-01","ブラック","0002","L","2900000035038","2870"
"13572","5399-01","5399-01 8.8オンス オーセンティックパイル クルーネックスウェット（裏パイル）","","United Athle 5399-01。8.8オンス オーセンティックパイル クルーネックスウェット（裏パイル）。","綿90% ポリエステル10%","S,M,L,XL,XXL","3","1","10","（仮）通常配送","1","0","","6054","アッシュ","3","5020","","","","1","0","（仮）","5399-01","アッシュ","0005","L","2900000035039","3470"
"13572","5399-01","5399-01 8.8オンス オーセンティックパイル クルーネックスウェット（裏パイル）","","United Athle 5399-01。8.8オンス オーセンティックパイル クルーネックスウェット（裏パイル）。","綿90% ポリエステル10%","S,M,L,XL,XXL","3","1","10","（仮）通常配送","1","0","","6241","ミックスグレー","4","5020","","","","1","0","（仮）","5399-01","ミックスグレー","0006","L","2900000035040","2870"
"13572","5399-01","5399-01 8.8オンス オーセンティックパイル クルーネックスウェット（裏パイル）","","United Athle 5399-01。8.8オンス オーセンティックパイル クルーネックスウェット（裏パイル）。","綿90% ポリエステル10%","S,M,L,XL,XXL","3","1","10","（仮）通常配送","1","0","","6288","グレー","5","5020","","","","1","0","（仮）","5399-01","グレー","0013","L","2900000035041","2870"
"13572","5399-01","5399-01 8.8オンス オーセンティックパイル クルーネックスウェット（裏パイル）","","United Athle 5399-01。8.8オンス オーセンティックパイル クルーネックスウェット（裏パイル）。","綿90% ポリエステル10%","S,M,L,XL,XXL","3","1","10","（仮）通常配送","1","0","","6243","ゴールド","6","5020","","","","1","0","（仮）","5399-01","ゴールド","0022","L","2900000035042","2870"
"13572","5399-01","5399-01 8.8オンス オーセンティックパイル クルーネックスウェット（裏パイル）","","United Athle 5399-01。8.8オンス オーセンティックパイル クルーネックスウェット（裏パイル）。","綿90% ポリエステル10%","S,M,L,XL,XXL","3","1","10","（仮）通常配送","1","0","","6289","モスグリーン","7","5020","","","","1","0","（仮）","5399-01","モスグリーン","0054","L","2900000035043","2870"
"13572","5399-01","5399-01 8.8オンス オーセンティックパイル クルーネックスウェット（裏パイル）","","United Athle 5399-01。8.8オンス オーセンティックパイル クルーネックスウェット（裏パイル）。","綿90% ポリエステル10%","S,M,L,XL,XXL","3","1","10","（仮）通常配送","1","0","","6075","バーガンディ","8","5020","","","","1","0","（仮）","5399-01","バーガンディ","0072","L","2900000035044","2870"
"13572","5399-01","5399-01 8.8オンス オーセンティックパイル クルーネックスウェット（裏パイル）","","United Athle 5399-01。8.8オンス オーセンティックパイル クルーネックスウェット（裏パイル）。","綿90% ポリエステル10%","S,M,L,XL,XXL","3","1","10","（仮）通常配送","1","0","","6087","ネイビー","9","5020","","","","1","0","（仮）","5399-01","ネイビー","0086","L","2900000035045","2870"
"13572","5399-01","5399-01 8.8オンス オーセンティックパイル クルーネックスウェット（裏パイル）","","United Athle 5399-01。8.8オンス オーセンティックパイル クルーネックスウェット（裏パイル）。","綿90% ポリエステル10%","S,M,L,XL,XXL","3","1","10","（仮）通常配送","1","0","","6085","インディゴ","10","5020","","","","1","0","（仮）","5399-01","インディゴ","0087","L","2900000035046","2870"
"13572","5399-01","5399-01 8.8オンス オーセンティックパイル クルーネックスウェット（裏パイル）","","United Athle 5399-01。8.8オンス オーセンティックパイル クルーネックスウェット（裏パイル）。","綿90% ポリエステル10%","S,M,L,XL,XXL","3","1","10","（仮）通常配送","1","0","","6290","マリンブルー","11","5020","","","","1","0","（仮）","5399-01","マリンブルー","0095","L","2900000035047","2870"
"13572","5399-01","5399-01 8.8オンス オーセンティックパイル クルーネックスウェット（裏パイル）","","United Athle 5399-01。8.8オンス オーセンティックパイル クルーネックスウェット（裏パイル）。","綿90% ポリエステル10%","S,M,L,XL,XXL","3","1","10","（仮）通常配送","1","0","","6251","スミ","12","5020","","","","1","0","（仮）","5399-01","スミ","0165","L","2900000035048","2870"
"13572","5399-01","5399-01 8.8オンス オーセンティックパイル クルーネックスウェット（裏パイル）","","United Athle 5399-01。8.8オンス オーセンティックパイル クルーネックスウェット（裏パイル）。","綿90% ポリエステル10%","S,M,L,XL,XXL","3","1","10","（仮）通常配送","1","0","","6274","グレージュ","13","5020","","","","1","0","（仮）","5399-01","グレージュ","0183","L","2900000035049","2870"
"13572","5399-01","5399-01 8.8オンス オーセンティックパイル クルーネックスウェット（裏パイル）","","United Athle 5399-01。8.8オンス オーセンティックパイル クルーネックスウェット（裏パイル）。","綿90% ポリエステル10%","S,M,L,XL,XXL","3","1","10","（仮）通常配送","1","0","","6254","ハイレッド","14","5020","","","","1","0","（仮）","5399-01","ハイレッド","0232","L","2900000035050","2870"
"13572","5399-01","5399-01 8.8オンス オーセンティックパイル クルーネックスウェット（裏パイル）","","United Athle 5399-01。8.8オンス オーセンティックパイル クルーネックスウェット（裏パイル）。","綿90% ポリエステル10%","S,M,L,XL,XXL","3","1","10","（仮）通常配送","1","0","","6291","ダークチョコレート","15","5020","","","","1","0","（仮）","5399-01","ダークチョコレート","0237","L","2900000035051","2870"
"13572","5399-01","5399-01 8.8オンス オーセンティックパイル クルーネックスウェット（裏パイル）","","United Athle 5399-01。8.8オンス オーセンティックパイル クルーネックスウェット（裏パイル）。","綿90% ポリエステル10%","S,M,L,XL,XXL","3","1","10","（仮）通常配送","1","0","","6292","ヴィンテージナチュラル","16","5020","","","","1","0","（仮）","5399-01","ヴィンテージナチュラル","0600","L","2900000035052","2870"
"13572","5399-01","5399-01 8.8オンス オーセンティックパイル クルーネックスウェット（裏パイル）","","United Athle 5399-01。8.8オンス オーセンティックパイル クルーネックスウェット（裏パイル）。","綿90% ポリエステル10%","S,M,L,XL,XXL","3","1","10","（仮）通常配送","1","0","","6293","ヴィンテージイエロー","17","5020","","","","1","0","（仮）","5399-01","ヴィンテージイエロー","0949","L","2900000035053","2870"
"13572","5399-01","5399-01 8.8オンス オーセンティックパイル クルーネックスウェット（裏パイル）","","United Athle 5399-01。8.8オンス オーセンティックパイル クルーネックスウェット（裏パイル）。","綿90% ポリエステル10%","S,M,L,XL,XXL","3","1","10","（仮）通常配送","1","0","","6294","ヴィンテージサックス","18","5020","","","","1","0","（仮）","5399-01","ヴィンテージサックス","0952","L","2900000035054","2870"
"13572","5399-01","5399-01 8.8オンス オーセンティックパイル クルーネックスウェット（裏パイル）","","United Athle 5399-01。8.8オンス オーセンティックパイル クルーネックスウェット（裏パイル）。","綿90% ポリエステル10%","S,M,L,XL,XXL","3","1","10","（仮）通常配送","1","0","","6052","ホワイト","1","6047","","","","1","0","（仮）","5399-01","ホワイト","0001","XL","2900000035055","2870"
"13572","5399-01","5399-01 8.8オンス オーセンティックパイル クルーネックスウェット（裏パイル）","","United Athle 5399-01。8.8オンス オーセンティックパイル クルーネックスウェット（裏パイル）。","綿90% ポリエステル10%","S,M,L,XL,XXL","3","1","10","（仮）通常配送","1","0","","6060","ブラック","2","6047","","","","1","0","（仮）","5399-01","ブラック","0002","XL","2900000035056","2870"
"13572","5399-01","5399-01 8.8オンス オーセンティックパイル クルーネックスウェット（裏パイル）","","United Athle 5399-01。8.8オンス オーセンティックパイル クルーネックスウェット（裏パイル）。","綿90% ポリエステル10%","S,M,L,XL,XXL","3","1","10","（仮）通常配送","1","0","","6054","アッシュ","3","6047","","","","1","0","（仮）","5399-01","アッシュ","0005","XL","2900000035057","3470"
"13572","5399-01","5399-01 8.8オンス オーセンティックパイル クルーネックスウェット（裏パイル）","","United Athle 5399-01。8.8オンス オーセンティックパイル クルーネックスウェット（裏パイル）。","綿90% ポリエステル10%","S,M,L,XL,XXL","3","1","10","（仮）通常配送","1","0","","6241","ミックスグレー","4","6047","","","","1","0","（仮）","5399-01","ミックスグレー","0006","XL","2900000035058","2870"
"13572","5399-01","5399-01 8.8オンス オーセンティックパイル クルーネックスウェット（裏パイル）","","United Athle 5399-01。8.8オンス オーセンティックパイル クルーネックスウェット（裏パイル）。","綿90% ポリエステル10%","S,M,L,XL,XXL","3","1","10","（仮）通常配送","1","0","","6288","グレー","5","6047","","","","1","0","（仮）","5399-01","グレー","0013","XL","2900000035059","2870"
"13572","5399-01","5399-01 8.8オンス オーセンティックパイル クルーネックスウェット（裏パイル）","","United Athle 5399-01。8.8オンス オーセンティックパイル クルーネックスウェット（裏パイル）。","綿90% ポリエステル10%","S,M,L,XL,XXL","3","1","10","（仮）通常配送","1","0","","6243","ゴールド","6","6047","","","","1","0","（仮）","5399-01","ゴールド","0022","XL","2900000035060","2870"
"13572","5399-01","5399-01 8.8オンス オーセンティックパイル クルーネックスウェット（裏パイル）","","United Athle 5399-01。8.8オンス オーセンティックパイル クルーネックスウェット（裏パイル）。","綿90% ポリエステル10%","S,M,L,XL,XXL","3","1","10","（仮）通常配送","1","0","","6289","モスグリーン","7","6047","","","","1","0","（仮）","5399-01","モスグリーン","0054","XL","2900000035061","2870"
"13572","5399-01","5399-01 8.8オンス オーセンティックパイル クルーネックスウェット（裏パイル）","","United Athle 5399-01。8.8オンス オーセンティックパイル クルーネックスウェット（裏パイル）。","綿90% ポリエステル10%","S,M,L,XL,XXL","3","1","10","（仮）通常配送","1","0","","6075","バーガンディ","8","6047","","","","1","0","（仮）","5399-01","バーガンディ","0072","XL","2900000035062","2870"
"13572","5399-01","5399-01 8.8オンス オーセンティックパイル クルーネックスウェット（裏パイル）","","United Athle 5399-01。8.8オンス オーセンティックパイル クルーネックスウェット（裏パイル）。","綿90% ポリエステル10%","S,M,L,XL,XXL","3","1","10","（仮）通常配送","1","0","","6087","ネイビー","9","6047","","","","1","0","（仮）","5399-01","ネイビー","0086","XL","2900000035063","2870"
"13572","5399-01","5399-01 8.8オンス オーセンティックパイル クルーネックスウェット（裏パイル）","","United Athle 5399-01。8.8オンス オーセンティックパイル クルーネックスウェット（裏パイル）。","綿90% ポリエステル10%","S,M,L,XL,XXL","3","1","10","（仮）通常配送","1","0","","6085","インディゴ","10","6047","","","","1","0","（仮）","5399-01","インディゴ","0087","XL","2900000035064","2870"
"13572","5399-01","5399-01 8.8オンス オーセンティックパイル クルーネックスウェット（裏パイル）","","United Athle 5399-01。8.8オンス オーセンティックパイル クルーネックスウェット（裏パイル）。","綿90% ポリエステル10%","S,M,L,XL,XXL","3","1","10","（仮）通常配送","1","0","","6290","マリンブルー","11","6047","","","","1","0","（仮）","5399-01","マリンブルー","0095","XL","2900000035065","2870"
"13572","5399-01","5399-01 8.8オンス オーセンティックパイル クルーネックスウェット（裏パイル）","","United Athle 5399-01。8.8オンス オーセンティックパイル クルーネックスウェット（裏パイル）。","綿90% ポリエステル10%","S,M,L,XL,XXL","3","1","10","（仮）通常配送","1","0","","6251","スミ","12","6047","","","","1","0","（仮）","5399-01","スミ","0165","XL","2900000035066","2870"
"13572","5399-01","5399-01 8.8オンス オーセンティックパイル クルーネックスウェット（裏パイル）","","United Athle 5399-01。8.8オンス オーセンティックパイル クルーネックスウェット（裏パイル）。","綿90% ポリエステル10%","S,M,L,XL,XXL","3","1","10","（仮）通常配送","1","0","","6274","グレージュ","13","6047","","","","1","0","（仮）","5399-01","グレージュ","0183","XL","2900000035067","2870"
"13572","5399-01","5399-01 8.8オンス オーセンティックパイル クルーネックスウェット（裏パイル）","","United Athle 5399-01。8.8オンス オーセンティックパイル クルーネックスウェット（裏パイル）。","綿90% ポリエステル10%","S,M,L,XL,XXL","3","1","10","（仮）通常配送","1","0","","6254","ハイレッド","14","6047","","","","1","0","（仮）","5399-01","ハイレッド","0232","XL","2900000035068","2870"
"13572","5399-01","5399-01 8.8オンス オーセンティックパイル クルーネックスウェット（裏パイル）","","United Athle 5399-01。8.8オンス オーセンティックパイル クルーネックスウェット（裏パイル）。","綿90% ポリエステル10%","S,M,L,XL,XXL","3","1","10","（仮）通常配送","1","0","","6291","ダークチョコレート","15","6047","","","","1","0","（仮）","5399-01","ダークチョコレート","0237","XL","2900000035069","2870"
"13572","5399-01","5399-01 8.8オンス オーセンティックパイル クルーネックスウェット（裏パイル）","","United Athle 5399-01。8.8オンス オーセンティックパイル クルーネックスウェット（裏パイル）。","綿90% ポリエステル10%","S,M,L,XL,XXL","3","1","10","（仮）通常配送","1","0","","6292","ヴィンテージナチュラル","16","6047","","","","1","0","（仮）","5399-01","ヴィンテージナチュラル","0600","XL","2900000035070","2870"
"13572","5399-01","5399-01 8.8オンス オーセンティックパイル クルーネックスウェット（裏パイル）","","United Athle 5399-01。8.8オンス オーセンティックパイル クルーネックスウェット（裏パイル）。","綿90% ポリエステル10%","S,M,L,XL,XXL","3","1","10","（仮）通常配送","1","0","","6293","ヴィンテージイエロー","17","6047","","","","1","0","（仮）","5399-01","ヴィンテージイエロー","0949","XL","2900000035071","2870"
"13572","5399-01","5399-01 8.8オンス オーセンティックパイル クルーネックスウェット（裏パイル）","","United Athle 5399-01。8.8オンス オーセンティックパイル クルーネックスウェット（裏パイル）。","綿90% ポリエステル10%","S,M,L,XL,XXL","3","1","10","（仮）通常配送","1","0","","6294","ヴィンテージサックス","18","6047","","","","1","0","（仮）","5399-01","ヴィンテージサックス","0952","XL","2900000035072","2870"
"13572","5399-01","5399-01 8.8オンス オーセンティックパイル クルーネックスウェット（裏パイル）","","United Athle 5399-01。8.8オンス オーセンティックパイル クルーネックスウェット（裏パイル）。","綿90% ポリエステル10%","S,M,L,XL,XXL","3","1","10","（仮）通常配送","1","0","","6052","ホワイト","1","6048","","","","1","0","（仮）","5399-01","ホワイト","0001","XXL","2900000035073","3370"
"13572","5399-01","5399-01 8.8オンス オーセンティックパイル クルーネックスウェット（裏パイル）","","United Athle 5399-01。8.8オンス オーセンティックパイル クルーネックスウェット（裏パイル）。","綿90% ポリエステル10%","S,M,L,XL,XXL","3","1","10","（仮）通常配送","1","0","","6060","ブラック","2","6048","","","","1","0","（仮）","5399-01","ブラック","0002","XXL","2900000035074","3370"
"13572","5399-01","5399-01 8.8オンス オーセンティックパイル クルーネックスウェット（裏パイル）","","United Athle 5399-01。8.8オンス オーセンティックパイル クルーネックスウェット（裏パイル）。","綿90% ポリエステル10%","S,M,L,XL,XXL","3","1","10","（仮）通常配送","1","0","","6054","アッシュ","3","6048","","","","1","0","（仮）","5399-01","アッシュ","0005","XXL","2900000035075","4060"
"13572","5399-01","5399-01 8.8オンス オーセンティックパイル クルーネックスウェット（裏パイル）","","United Athle 5399-01。8.8オンス オーセンティックパイル クルーネックスウェット（裏パイル）。","綿90% ポリエステル10%","S,M,L,XL,XXL","3","1","10","（仮）通常配送","1","0","","6241","ミックスグレー","4","6048","","","","1","0","（仮）","5399-01","ミックスグレー","0006","XXL","2900000035076","3370"
"13572","5399-01","5399-01 8.8オンス オーセンティックパイル クルーネックスウェット（裏パイル）","","United Athle 5399-01。8.8オンス オーセンティックパイル クルーネックスウェット（裏パイル）。","綿90% ポリエステル10%","S,M,L,XL,XXL","3","1","10","（仮）通常配送","1","0","","6288","グレー","5","6048","","","","1","0","（仮）","5399-01","グレー","0013","XXL","2900000035077","3370"
"13572","5399-01","5399-01 8.8オンス オーセンティックパイル クルーネックスウェット（裏パイル）","","United Athle 5399-01。8.8オンス オーセンティックパイル クルーネックスウェット（裏パイル）。","綿90% ポリエステル10%","S,M,L,XL,XXL","3","1","10","（仮）通常配送","1","0","","6243","ゴールド","6","6048","","","","1","0","（仮）","5399-01","ゴールド","0022","XXL","2900000035078","3370"
"13572","5399-01","5399-01 8.8オンス オーセンティックパイル クルーネックスウェット（裏パイル）","","United Athle 5399-01。8.8オンス オーセンティックパイル クルーネックスウェット（裏パイル）。","綿90% ポリエステル10%","S,M,L,XL,XXL","3","1","10","（仮）通常配送","1","0","","6289","モスグリーン","7","6048","","","","1","0","（仮）","5399-01","モスグリーン","0054","XXL","2900000035079","3370"
"13572","5399-01","5399-01 8.8オンス オーセンティックパイル クルーネックスウェット（裏パイル）","","United Athle 5399-01。8.8オンス オーセンティックパイル クルーネックスウェット（裏パイル）。","綿90% ポリエステル10%","S,M,L,XL,XXL","3","1","10","（仮）通常配送","1","0","","6075","バーガンディ","8","6048","","","","1","0","（仮）","5399-01","バーガンディ","0072","XXL","2900000035080","3370"
"13572","5399-01","5399-01 8.8オンス オーセンティックパイル クルーネックスウェット（裏パイル）","","United Athle 5399-01。8.8オンス オーセンティックパイル クルーネックスウェット（裏パイル）。","綿90% ポリエステル10%","S,M,L,XL,XXL","3","1","10","（仮）通常配送","1","0","","6087","ネイビー","9","6048","","","","1","0","（仮）","5399-01","ネイビー","0086","XXL","2900000035081","3370"
"13572","5399-01","5399-01 8.8オンス オーセンティックパイル クルーネックスウェット（裏パイル）","","United Athle 5399-01。8.8オンス オーセンティックパイル クルーネックスウェット（裏パイル）。","綿90% ポリエステル10%","S,M,L,XL,XXL","3","1","10","（仮）通常配送","1","0","","6085","インディゴ","10","6048","","","","1","0","（仮）","5399-01","インディゴ","0087","XXL","2900000035082","3370"
"13572","5399-01","5399-01 8.8オンス オーセンティックパイル クルーネックスウェット（裏パイル）","","United Athle 5399-01。8.8オンス オーセンティックパイル クルーネックスウェット（裏パイル）。","綿90% ポリエステル10%","S,M,L,XL,XXL","3","1","10","（仮）通常配送","1","0","","6290","マリンブルー","11","6048","","","","1","0","（仮）","5399-01","マリンブルー","0095","XXL","2900000035083","3370"
"13572","5399-01","5399-01 8.8オンス オーセンティックパイル クルーネックスウェット（裏パイル）","","United Athle 5399-01。8.8オンス オーセンティックパイル クルーネックスウェット（裏パイル）。","綿90% ポリエステル10%","S,M,L,XL,XXL","3","1","10","（仮）通常配送","1","0","","6251","スミ","12","6048","","","","1","0","（仮）","5399-01","スミ","0165","XXL","2900000035084","3370"
"13572","5399-01","5399-01 8.8オンス オーセンティックパイル クルーネックスウェット（裏パイル）","","United Athle 5399-01。8.8オンス オーセンティックパイル クルーネックスウェット（裏パイル）。","綿90% ポリエステル10%","S,M,L,XL,XXL","3","1","10","（仮）通常配送","1","0","","6274","グレージュ","13","6048","","","","1","0","（仮）","5399-01","グレージュ","0183","XXL","2900000035085","3370"
"13572","5399-01","5399-01 8.8オンス オーセンティックパイル クルーネックスウェット（裏パイル）","","United Athle 5399-01。8.8オンス オーセンティックパイル クルーネックスウェット（裏パイル）。","綿90% ポリエステル10%","S,M,L,XL,XXL","3","1","10","（仮）通常配送","1","0","","6254","ハイレッド","14","6048","","","","1","0","（仮）","5399-01","ハイレッド","0232","XXL","2900000035086","3370"
"13572","5399-01","5399-01 8.8オンス オーセンティックパイル クルーネックスウェット（裏パイル）","","United Athle 5399-01。8.8オンス オーセンティックパイル クルーネックスウェット（裏パイル）。","綿90% ポリエステル10%","S,M,L,XL,XXL","3","1","10","（仮）通常配送","1","0","","6291","ダークチョコレート","15","6048","","","","1","0","（仮）","5399-01","ダークチョコレート","0237","XXL","2900000035087","3370"
"13572","5399-01","5399-01 8.8オンス オーセンティックパイル クルーネックスウェット（裏パイル）","","United Athle 5399-01。8.8オンス オーセンティックパイル クルーネックスウェット（裏パイル）。","綿90% ポリエステル10%","S,M,L,XL,XXL","3","1","10","（仮）通常配送","1","0","","6292","ヴィンテージナチュラル","16","6048","","","","1","0","（仮）","5399-01","ヴィンテージナチュラル","0600","XXL","2900000035088","3370"
"13572","5399-01","5399-01 8.8オンス オーセンティックパイル クルーネックスウェット（裏パイル）","","United Athle 5399-01。8.8オンス オーセンティックパイル クルーネックスウェット（裏パイル）。","綿90% ポリエステル10%","S,M,L,XL,XXL","3","1","10","（仮）通常配送","1","0","","6293","ヴィンテージイエロー","17","6048","","","","1","0","（仮）","5399-01","ヴィンテージイエロー","0949","XXL","2900000035089","3370"
"13572","5399-01","5399-01 8.8オンス オーセンティックパイル クルーネックスウェット（裏パイル）","","United Athle 5399-01。8.8オンス オーセンティックパイル クルーネックスウェット（裏パイル）。","綿90% ポリエステル10%","S,M,L,XL,XXL","3","1","10","（仮）通常配送","1","0","","6294","ヴィンテージサックス","18","6048","","","","1","0","（仮）","5399-01","ヴィンテージサックス","0952","XXL","2900000035090","3370"
"13573","5942-01","5942-01 6.2オンス プレミアム Tシャツ","","United Athle 5942-01。6.2オンス プレミアム Tシャツ。","綿100%","XS,S,M,L,XL,XXL,XXXL","3","1","10","（仮）通常配送","1","0","","6052","ホワイト","1","6046","","","","1","0","（仮）","5942-01","ホワイト","0001","XS","2900000036001","1760"
"13573","5942-01","5942-01 6.2オンス プレミアム Tシャツ","","United Athle 5942-01。6.2オンス プレミアム Tシャツ。","綿100%","XS,S,M,L,XL,XXL,XXXL","3","1","10","（仮）通常配送","1","0","","6060","ブラック","2","6046","","","","1","0","（仮）","5942-01","ブラック","0002","XS","2900000036002","1870"
"13573","5942-01","5942-01 6.2オンス プレミアム Tシャツ","","United Athle 5942-01。6.2オンス プレミアム Tシャツ。","綿100%","XS,S,M,L,XL,XXL,XXXL","3","1","10","（仮）通常配送","1","0","","6054","アッシュ","3","6046","","","","1","0","（仮）","5942-01","アッシュ","0005","XS","2900000036003","1870"
"13573","5942-01","5942-01 6.2オンス プレミアム Tシャツ","","United Athle 5942-01。6.2オンス プレミアム Tシャツ。","綿100%","XS,S,M,L,XL,XXL,XXXL","3","1","10","（仮）通常配送","1","0","","6241","ミックスグレー","4","6046","","","","1","0","（仮）","5942-01","ミックスグレー","0006","XS","2900000036004","1870"
"13573","5942-01","5942-01 6.2オンス プレミアム Tシャツ","","United Athle 5942-01。6.2オンス プレミアム Tシャツ。","綿100%","XS,S,M,L,XL,XXL,XXXL","3","1","10","（仮）通常配送","1","0","","6058","チャコール","5","6046","","","","1","0","（仮）","5942-01","チャコール","0007","XS","2900000036005","1870"
"13573","5942-01","5942-01 6.2オンス プレミアム Tシャツ","","United Athle 5942-01。6.2オンス プレミアム Tシャツ。","綿100%","XS,S,M,L,XL,XXL,XXXL","3","1","10","（仮）通常配送","1","0","","6055","オートミール","6","6046","","","","1","0","（仮）","5942-01","オートミール","0009","XS","2900000036006","1870"
"13573","5942-01","5942-01 6.2オンス プレミアム Tシャツ","","United Athle 5942-01。6.2オンス プレミアム Tシャツ。","綿100%","XS,S,M,L,XL,XXL,XXXL","3","1","10","（仮）通常配送","1","0","","6053","アイボリー","7","6046","","","","1","0","（仮）","5942-01","アイボリー","0016","XS","2900000036007","1870"
"13573","5942-01","5942-01 6.2オンス プレミアム Tシャツ","","United Athle 5942-01。6.2オンス プレミアム Tシャツ。","綿100%","XS,S,M,L,XL,XXL,XXXL","3","1","10","（仮）通常配送","1","0","","6063","ナチュラル","8","6046","","","","1","0","（仮）","5942-01","ナチュラル","0019","XS","2900000036008","1870"
"13573","5942-01","5942-01 6.2オンス プレミアム Tシャツ","","United Athle 5942-01。6.2オンス プレミアム Tシャツ。","綿100%","XS,S,M,L,XL,XXL,XXXL","3","1","10","（仮）通常配送","1","0","","6065","イエロー","9","6046","","","","1","0","（仮）","5942-01","イエロー","0021","XS","2900000036009","1870"
"13573","5942-01","5942-01 6.2オンス プレミアム Tシャツ","","United Athle 5942-01。6.2オンス プレミアム Tシャツ。","綿100%","XS,S,M,L,XL,XXL,XXXL","3","1","10","（仮）通常配送","1","0","","6243","ゴールド","10","6046","","","","1","0","（仮）","5942-01","ゴールド","0022","XS","2900000036010","1870"
"13573","5942-01","5942-01 6.2オンス プレミアム Tシャツ","","United Athle 5942-01。6.2オンス プレミアム Tシャツ。","綿100%","XS,S,M,L,XL,XXL,XXXL","3","1","10","（仮）通常配送","1","0","","6093","グリーン","11","6046","","","","1","0","（仮）","5942-01","グリーン","0029","XS","2900000036011","1870"
"13573","5942-01","5942-01 6.2オンス プレミアム Tシャツ","","United Athle 5942-01。6.2オンス プレミアム Tシャツ。","綿100%","XS,S,M,L,XL,XXL,XXXL","3","1","10","（仮）通常配送","1","0","","6245","シティグリーン","12","6046","","","","1","0","（仮）","5942-01","シティグリーン","0035","XS","2900000036012","1870"
"13573","5942-01","5942-01 6.2オンス プレミアム Tシャツ","","United Athle 5942-01。6.2オンス プレミアム Tシャツ。","綿100%","XS,S,M,L,XL,XXL,XXXL","3","1","10","（仮）通常配送","1","0","","6295","ライムグリーン","13","6046","","","","1","0","（仮）","5942-01","ライムグリーン","0036","XS","2900000036013","1870"
"13573","5942-01","5942-01 6.2オンス プレミアム Tシャツ","","United Athle 5942-01。6.2オンス プレミアム Tシャツ。","綿100%","XS,S,M,L,XL,XXL,XXXL","3","1","10","（仮）通常配送","1","0","","6078","ダークブラウン","14","6046","","","","1","0","（仮）","5942-01","ダークブラウン","0052","XS","2900000036014","1870"
"13573","5942-01","5942-01 6.2オンス プレミアム Tシャツ","","United Athle 5942-01。6.2オンス プレミアム Tシャツ。","綿100%","XS,S,M,L,XL,XXL,XXXL","3","1","10","（仮）通常配送","1","0","","6289","モスグリーン","15","6046","","","","1","0","（仮）","5942-01","モスグリーン","0054","XS","2900000036015","1870"
"13573","5942-01","5942-01 6.2オンス プレミアム Tシャツ","","United Athle 5942-01。6.2オンス プレミアム Tシャツ。","綿100%","XS,S,M,L,XL,XXL,XXXL","3","1","10","（仮）通常配送","1","0","","6067","オレンジ","16","6046","","","","1","0","（仮）","5942-01","オレンジ","0064","XS","2900000036016","1870"
"13573","5942-01","5942-01 6.2オンス プレミアム Tシャツ","","United Athle 5942-01。6.2オンス プレミアム Tシャツ。","綿100%","XS,S,M,L,XL,XXL,XXXL","3","1","10","（仮）通常配送","1","0","","6073","ピンク","17","6046","","","","1","0","（仮）","5942-01","ピンク","0066","XS","2900000036017","1870"
"13573","5942-01","5942-01 6.2オンス プレミアム Tシャツ","","United Athle 5942-01。6.2オンス プレミアム Tシャツ。","綿100%","XS,S,M,L,XL,XXL,XXXL","3","1","10","（仮）通常配送","1","0","","6068","レッド","18","6046","","","","1","0","（仮）","5942-01","レッド","0069","XS","2900000036018","1870"
"13573","5942-01","5942-01 6.2オンス プレミアム Tシャツ","","United Athle 5942-01。6.2オンス プレミアム Tシャツ。","綿100%","XS,S,M,L,XL,XXL,XXXL","3","1","10","（仮）通常配送","1","0","","6075","バーガンディ","19","6046","","","","1","0","（仮）","5942-01","バーガンディ","0072","XS","2900000036019","1870"
"13573","5942-01","5942-01 6.2オンス プレミアム Tシャツ","","United Athle 5942-01。6.2オンス プレミアム Tシャツ。","綿100%","XS,S,M,L,XL,XXL,XXXL","3","1","10","（仮）通常配送","1","0","","6296","マットパープル","20","6046","","","","1","0","（仮）","5942-01","マットパープル","0079","XS","2900000036020","1870"
"13573","5942-01","5942-01 6.2オンス プレミアム Tシャツ","","United Athle 5942-01。6.2オンス プレミアム Tシャツ。","綿100%","XS,S,M,L,XL,XXL,XXXL","3","1","10","（仮）通常配送","1","0","","6248","サックス","21","6046","","","","1","0","（仮）","5942-01","サックス","0082","XS","2900000036021","1870"
"13573","5942-01","5942-01 6.2オンス プレミアム Tシャツ","","United Athle 5942-01。6.2オンス プレミアム Tシャツ。","綿100%","XS,S,M,L,XL,XXL,XXXL","3","1","10","（仮）通常配送","1","0","","6083","ロイヤルブルー","22","6046","","","","1","0","（仮）","5942-01","ロイヤルブルー","0085","XS","2900000036022","1870"
"13573","5942-01","5942-01 6.2オンス プレミアム Tシャツ","","United Athle 5942-01。6.2オンス プレミアム Tシャツ。","綿100%","XS,S,M,L,XL,XXL,XXXL","3","1","10","（仮）通常配送","1","0","","6087","ネイビー","23","6046","","","","1","0","（仮）","5942-01","ネイビー","0086","XS","2900000036023","1870"
"13573","5942-01","5942-01 6.2オンス プレミアム Tシャツ","","United Athle 5942-01。6.2オンス プレミアム Tシャツ。","綿100%","XS,S,M,L,XL,XXL,XXXL","3","1","10","（仮）通常配送","1","0","","6085","インディゴ","24","6046","","","","1","0","（仮）","5942-01","インディゴ","0087","XS","2900000036024","1870"
"13573","5942-01","5942-01 6.2オンス プレミアム Tシャツ","","United Athle 5942-01。6.2オンス プレミアム Tシャツ。","綿100%","XS,S,M,L,XL,XXL,XXXL","3","1","10","（仮）通常配送","1","0","","6250","スレート","25","6046","","","","1","0","（仮）","5942-01","スレート","0088","XS","2900000036025","1870"
"13573","5942-01","5942-01 6.2オンス プレミアム Tシャツ","","United Athle 5942-01。6.2オンス プレミアム Tシャツ。","綿100%","XS,S,M,L,XL,XXL,XXXL","3","1","10","（仮）通常配送","1","0","","6251","スミ","26","6046","","","","1","0","（仮）","5942-01","スミ","0165","XS","2900000036026","1870"
"13573","5942-01","5942-01 6.2オンス プレミアム Tシャツ","","United Athle 5942-01。6.2オンス プレミアム Tシャツ。","綿100%","XS,S,M,L,XL,XXL,XXXL","3","1","10","（仮）通常配送","1","0","","6253","バニラホワイト","27","6046","","","","1","0","（仮）","5942-01","バニラホワイト","0191","XS","2900000036027","1870"
"13573","5942-01","5942-01 6.2オンス プレミアム Tシャツ","","United Athle 5942-01。6.2オンス プレミアム Tシャツ。","綿100%","XS,S,M,L,XL,XXL,XXXL","3","1","10","（仮）通常配送","1","0","","6297","セージグリーン","28","6046","","","","1","0","（仮）","5942-01","セージグリーン","0193","XS","2900000036028","1870"
"13573","5942-01","5942-01 6.2オンス プレミアム Tシャツ","","United Athle 5942-01。6.2オンス プレミアム Tシャツ。","綿100%","XS,S,M,L,XL,XXL,XXXL","3","1","10","（仮）通常配送","1","0","","6298","スモーキーピンク","29","6046","","","","1","0","（仮）","5942-01","スモーキーピンク","0209","XS","2900000036029","1870"
"13573","5942-01","5942-01 6.2オンス プレミアム Tシャツ","","United Athle 5942-01。6.2オンス プレミアム Tシャツ。","綿100%","XS,S,M,L,XL,XXL,XXXL","3","1","10","（仮）通常配送","1","0","","6255","バナナ","30","6046","","","","1","0","（仮）","5942-01","バナナ","0369","XS","2900000036030","1870"
"13573","5942-01","5942-01 6.2オンス プレミアム Tシャツ","","United Athle 5942-01。6.2オンス プレミアム Tシャツ。","綿100%","XS,S,M,L,XL,XXL,XXXL","3","1","10","（仮）通常配送","1","0","","6299","フロストパープル","31","6046","","","","1","0","（仮）","5942-01","フロストパープル","0427","XS","2900000036031","1870"
"13573","5942-01","5942-01 6.2オンス プレミアム Tシャツ","","United Athle 5942-01。6.2オンス プレミアム Tシャツ。","綿100%","XS,S,M,L,XL,XXL,XXXL","3","1","10","（仮）通常配送","1","0","","6300","スモーキーレッド","32","6046","","","","1","0","（仮）","5942-01","スモーキーレッド","0432","XS","2900000036032","1870"
"13573","5942-01","5942-01 6.2オンス プレミアム Tシャツ","","United Athle 5942-01。6.2オンス プレミアム Tシャツ。","綿100%","XS,S,M,L,XL,XXL,XXXL","3","1","10","（仮）通常配送","1","0","","6079","ライトブルー","33","6046","","","","1","0","（仮）","5942-01","ライトブルー","0488","XS","2900000036033","1870"
"13573","5942-01","5942-01 6.2オンス プレミアム Tシャツ","","United Athle 5942-01。6.2オンス プレミアム Tシャツ。","綿100%","XS,S,M,L,XL,XXL,XXXL","3","1","10","（仮）通常配送","1","0","","6094","アイビーグリーン","34","6046","","","","1","0","（仮）","5942-01","アイビーグリーン","0497","XS","2900000036034","1870"
"13573","5942-01","5942-01 6.2オンス プレミアム Tシャツ","","United Athle 5942-01。6.2オンス プレミアム Tシャツ。","綿100%","XS,S,M,L,XL,XXL,XXXL","3","1","10","（仮）通常配送","1","0","","6258","サンドカーキ","35","6046","","","","1","0","（仮）","5942-01","サンドカーキ","0537","XS","2900000036035","1870"
"13573","5942-01","5942-01 6.2オンス プレミアム Tシャツ","","United Athle 5942-01。6.2オンス プレミアム Tシャツ。","綿100%","XS,S,M,L,XL,XXL,XXXL","3","1","10","（仮）通常配送","1","0","","6264","ベビーピンク","36","6046","","","","1","0","（仮）","5942-01","ベビーピンク","0576","XS","2900000036036","1870"
"13573","5942-01","5942-01 6.2オンス プレミアム Tシャツ","","United Athle 5942-01。6.2オンス プレミアム Tシャツ。","綿100%","XS,S,M,L,XL,XXL,XXXL","3","1","10","（仮）通常配送","1","0","","6301","フロストブルー","37","6046","","","","1","0","（仮）","5942-01","フロストブルー","0932","XS","2900000036037","1870"
"13573","5942-01","5942-01 6.2オンス プレミアム Tシャツ","","United Athle 5942-01。6.2オンス プレミアム Tシャツ。","綿100%","XS,S,M,L,XL,XXL,XXXL","3","1","10","（仮）通常配送","1","0","","6269","ヘイジーブラック","38","6046","","","","1","0","（仮）","5942-01","ヘイジーブラック","0933","XS","2900000036038","1870"
"13573","5942-01","5942-01 6.2オンス プレミアム Tシャツ","","United Athle 5942-01。6.2オンス プレミアム Tシャツ。","綿100%","XS,S,M,L,XL,XXL,XXXL","3","1","10","（仮）通常配送","1","0","","6270","ヘイジーネイビー","39","6046","","","","1","0","（仮）","5942-01","ヘイジーネイビー","0934","XS","2900000036039","1870"
"13573","5942-01","5942-01 6.2オンス プレミアム Tシャツ","","United Athle 5942-01。6.2オンス プレミアム Tシャツ。","綿100%","XS,S,M,L,XL,XXL,XXXL","3","1","10","（仮）通常配送","1","0","","6052","ホワイト","1","5018","","","","1","0","（仮）","5942-01","ホワイト","0001","S","2900000036040","1760"
"13573","5942-01","5942-01 6.2オンス プレミアム Tシャツ","","United Athle 5942-01。6.2オンス プレミアム Tシャツ。","綿100%","XS,S,M,L,XL,XXL,XXXL","3","1","10","（仮）通常配送","1","0","","6060","ブラック","2","5018","","","","1","0","（仮）","5942-01","ブラック","0002","S","2900000036041","1870"
"13573","5942-01","5942-01 6.2オンス プレミアム Tシャツ","","United Athle 5942-01。6.2オンス プレミアム Tシャツ。","綿100%","XS,S,M,L,XL,XXL,XXXL","3","1","10","（仮）通常配送","1","0","","6054","アッシュ","3","5018","","","","1","0","（仮）","5942-01","アッシュ","0005","S","2900000036042","1870"
"13573","5942-01","5942-01 6.2オンス プレミアム Tシャツ","","United Athle 5942-01。6.2オンス プレミアム Tシャツ。","綿100%","XS,S,M,L,XL,XXL,XXXL","3","1","10","（仮）通常配送","1","0","","6241","ミックスグレー","4","5018","","","","1","0","（仮）","5942-01","ミックスグレー","0006","S","2900000036043","1870"
"13573","5942-01","5942-01 6.2オンス プレミアム Tシャツ","","United Athle 5942-01。6.2オンス プレミアム Tシャツ。","綿100%","XS,S,M,L,XL,XXL,XXXL","3","1","10","（仮）通常配送","1","0","","6058","チャコール","5","5018","","","","1","0","（仮）","5942-01","チャコール","0007","S","2900000036044","1870"
"13573","5942-01","5942-01 6.2オンス プレミアム Tシャツ","","United Athle 5942-01。6.2オンス プレミアム Tシャツ。","綿100%","XS,S,M,L,XL,XXL,XXXL","3","1","10","（仮）通常配送","1","0","","6055","オートミール","6","5018","","","","1","0","（仮）","5942-01","オートミール","0009","S","2900000036045","1870"
"13573","5942-01","5942-01 6.2オンス プレミアム Tシャツ","","United Athle 5942-01。6.2オンス プレミアム Tシャツ。","綿100%","XS,S,M,L,XL,XXL,XXXL","3","1","10","（仮）通常配送","1","0","","6053","アイボリー","7","5018","","","","1","0","（仮）","5942-01","アイボリー","0016","S","2900000036046","1870"
"13573","5942-01","5942-01 6.2オンス プレミアム Tシャツ","","United Athle 5942-01。6.2オンス プレミアム Tシャツ。","綿100%","XS,S,M,L,XL,XXL,XXXL","3","1","10","（仮）通常配送","1","0","","6063","ナチュラル","8","5018","","","","1","0","（仮）","5942-01","ナチュラル","0019","S","2900000036047","1870"
"13573","5942-01","5942-01 6.2オンス プレミアム Tシャツ","","United Athle 5942-01。6.2オンス プレミアム Tシャツ。","綿100%","XS,S,M,L,XL,XXL,XXXL","3","1","10","（仮）通常配送","1","0","","6065","イエロー","9","5018","","","","1","0","（仮）","5942-01","イエロー","0021","S","2900000036048","1870"
"13573","5942-01","5942-01 6.2オンス プレミアム Tシャツ","","United Athle 5942-01。6.2オンス プレミアム Tシャツ。","綿100%","XS,S,M,L,XL,XXL,XXXL","3","1","10","（仮）通常配送","1","0","","6243","ゴールド","10","5018","","","","1","0","（仮）","5942-01","ゴールド","0022","S","2900000036049","1870"
"13573","5942-01","5942-01 6.2オンス プレミアム Tシャツ","","United Athle 5942-01。6.2オンス プレミアム Tシャツ。","綿100%","XS,S,M,L,XL,XXL,XXXL","3","1","10","（仮）通常配送","1","0","","6093","グリーン","11","5018","","","","1","0","（仮）","5942-01","グリーン","0029","S","2900000036050","1870"
"13573","5942-01","5942-01 6.2オンス プレミアム Tシャツ","","United Athle 5942-01。6.2オンス プレミアム Tシャツ。","綿100%","XS,S,M,L,XL,XXL,XXXL","3","1","10","（仮）通常配送","1","0","","6245","シティグリーン","12","5018","","","","1","0","（仮）","5942-01","シティグリーン","0035","S","2900000036051","1870"
"13573","5942-01","5942-01 6.2オンス プレミアム Tシャツ","","United Athle 5942-01。6.2オンス プレミアム Tシャツ。","綿100%","XS,S,M,L,XL,XXL,XXXL","3","1","10","（仮）通常配送","1","0","","6295","ライムグリーン","13","5018","","","","1","0","（仮）","5942-01","ライムグリーン","0036","S","2900000036052","1870"
"13573","5942-01","5942-01 6.2オンス プレミアム Tシャツ","","United Athle 5942-01。6.2オンス プレミアム Tシャツ。","綿100%","XS,S,M,L,XL,XXL,XXXL","3","1","10","（仮）通常配送","1","0","","6078","ダークブラウン","14","5018","","","","1","0","（仮）","5942-01","ダークブラウン","0052","S","2900000036053","1870"
"13573","5942-01","5942-01 6.2オンス プレミアム Tシャツ","","United Athle 5942-01。6.2オンス プレミアム Tシャツ。","綿100%","XS,S,M,L,XL,XXL,XXXL","3","1","10","（仮）通常配送","1","0","","6289","モスグリーン","15","5018","","","","1","0","（仮）","5942-01","モスグリーン","0054","S","2900000036054","1870"
"13573","5942-01","5942-01 6.2オンス プレミアム Tシャツ","","United Athle 5942-01。6.2オンス プレミアム Tシャツ。","綿100%","XS,S,M,L,XL,XXL,XXXL","3","1","10","（仮）通常配送","1","0","","6067","オレンジ","16","5018","","","","1","0","（仮）","5942-01","オレンジ","0064","S","2900000036055","1870"
"13573","5942-01","5942-01 6.2オンス プレミアム Tシャツ","","United Athle 5942-01。6.2オンス プレミアム Tシャツ。","綿100%","XS,S,M,L,XL,XXL,XXXL","3","1","10","（仮）通常配送","1","0","","6073","ピンク","17","5018","","","","1","0","（仮）","5942-01","ピンク","0066","S","2900000036056","1870"
"13573","5942-01","5942-01 6.2オンス プレミアム Tシャツ","","United Athle 5942-01。6.2オンス プレミアム Tシャツ。","綿100%","XS,S,M,L,XL,XXL,XXXL","3","1","10","（仮）通常配送","1","0","","6068","レッド","18","5018","","","","1","0","（仮）","5942-01","レッド","0069","S","2900000036057","1870"
"13573","5942-01","5942-01 6.2オンス プレミアム Tシャツ","","United Athle 5942-01。6.2オンス プレミアム Tシャツ。","綿100%","XS,S,M,L,XL,XXL,XXXL","3","1","10","（仮）通常配送","1","0","","6075","バーガンディ","19","5018","","","","1","0","（仮）","5942-01","バーガンディ","0072","S","2900000036058","1870"
"13573","5942-01","5942-01 6.2オンス プレミアム Tシャツ","","United Athle 5942-01。6.2オンス プレミアム Tシャツ。","綿100%","XS,S,M,L,XL,XXL,XXXL","3","1","10","（仮）通常配送","1","0","","6296","マットパープル","20","5018","","","","1","0","（仮）","5942-01","マットパープル","0079","S","2900000036059","1870"
"13573","5942-01","5942-01 6.2オンス プレミアム Tシャツ","","United Athle 5942-01。6.2オンス プレミアム Tシャツ。","綿100%","XS,S,M,L,XL,XXL,XXXL","3","1","10","（仮）通常配送","1","0","","6248","サックス","21","5018","","","","1","0","（仮）","5942-01","サックス","0082","S","2900000036060","1870"
"13573","5942-01","5942-01 6.2オンス プレミアム Tシャツ","","United Athle 5942-01。6.2オンス プレミアム Tシャツ。","綿100%","XS,S,M,L,XL,XXL,XXXL","3","1","10","（仮）通常配送","1","0","","6083","ロイヤルブルー","22","5018","","","","1","0","（仮）","5942-01","ロイヤルブルー","0085","S","2900000036061","1870"
"13573","5942-01","5942-01 6.2オンス プレミアム Tシャツ","","United Athle 5942-01。6.2オンス プレミアム Tシャツ。","綿100%","XS,S,M,L,XL,XXL,XXXL","3","1","10","（仮）通常配送","1","0","","6087","ネイビー","23","5018","","","","1","0","（仮）","5942-01","ネイビー","0086","S","2900000036062","1870"
"13573","5942-01","5942-01 6.2オンス プレミアム Tシャツ","","United Athle 5942-01。6.2オンス プレミアム Tシャツ。","綿100%","XS,S,M,L,XL,XXL,XXXL","3","1","10","（仮）通常配送","1","0","","6085","インディゴ","24","5018","","","","1","0","（仮）","5942-01","インディゴ","0087","S","2900000036063","1870"
"13573","5942-01","5942-01 6.2オンス プレミアム Tシャツ","","United Athle 5942-01。6.2オンス プレミアム Tシャツ。","綿100%","XS,S,M,L,XL,XXL,XXXL","3","1","10","（仮）通常配送","1","0","","6250","スレート","25","5018","","","","1","0","（仮）","5942-01","スレート","0088","S","2900000036064","1870"
"13573","5942-01","5942-01 6.2オンス プレミアム Tシャツ","","United Athle 5942-01。6.2オンス プレミアム Tシャツ。","綿100%","XS,S,M,L,XL,XXL,XXXL","3","1","10","（仮）通常配送","1","0","","6251","スミ","26","5018","","","","1","0","（仮）","5942-01","スミ","0165","S","2900000036065","1870"
"13573","5942-01","5942-01 6.2オンス プレミアム Tシャツ","","United Athle 5942-01。6.2オンス プレミアム Tシャツ。","綿100%","XS,S,M,L,XL,XXL,XXXL","3","1","10","（仮）通常配送","1","0","","6253","バニラホワイト","27","5018","","","","1","0","（仮）","5942-01","バニラホワイト","0191","S","2900000036066","1870"
"13573","5942-01","5942-01 6.2オンス プレミアム Tシャツ","","United Athle 5942-01。6.2オンス プレミアム Tシャツ。","綿100%","XS,S,M,L,XL,XXL,XXXL","3","1","10","（仮）通常配送","1","0","","6297","セージグリーン","28","5018","","","","1","0","（仮）","5942-01","セージグリーン","0193","S","2900000036067","1870"
"13573","5942-01","5942-01 6.2オンス プレミアム Tシャツ","","United Athle 5942-01。6.2オンス プレミアム Tシャツ。","綿100%","XS,S,M,L,XL,XXL,XXXL","3","1","10","（仮）通常配送","1","0","","6298","スモーキーピンク","29","5018","","","","1","0","（仮）","5942-01","スモーキーピンク","0209","S","2900000036068","1870"
"13573","5942-01","5942-01 6.2オンス プレミアム Tシャツ","","United Athle 5942-01。6.2オンス プレミアム Tシャツ。","綿100%","XS,S,M,L,XL,XXL,XXXL","3","1","10","（仮）通常配送","1","0","","6255","バナナ","30","5018","","","","1","0","（仮）","5942-01","バナナ","0369","S","2900000036069","1870"
"13573","5942-01","5942-01 6.2オンス プレミアム Tシャツ","","United Athle 5942-01。6.2オンス プレミアム Tシャツ。","綿100%","XS,S,M,L,XL,XXL,XXXL","3","1","10","（仮）通常配送","1","0","","6299","フロストパープル","31","5018","","","","1","0","（仮）","5942-01","フロストパープル","0427","S","2900000036070","1870"
"13573","5942-01","5942-01 6.2オンス プレミアム Tシャツ","","United Athle 5942-01。6.2オンス プレミアム Tシャツ。","綿100%","XS,S,M,L,XL,XXL,XXXL","3","1","10","（仮）通常配送","1","0","","6300","スモーキーレッド","32","5018","","","","1","0","（仮）","5942-01","スモーキーレッド","0432","S","2900000036071","1870"
"13573","5942-01","5942-01 6.2オンス プレミアム Tシャツ","","United Athle 5942-01。6.2オンス プレミアム Tシャツ。","綿100%","XS,S,M,L,XL,XXL,XXXL","3","1","10","（仮）通常配送","1","0","","6079","ライトブルー","33","5018","","","","1","0","（仮）","5942-01","ライトブルー","0488","S","2900000036072","1870"
"13573","5942-01","5942-01 6.2オンス プレミアム Tシャツ","","United Athle 5942-01。6.2オンス プレミアム Tシャツ。","綿100%","XS,S,M,L,XL,XXL,XXXL","3","1","10","（仮）通常配送","1","0","","6094","アイビーグリーン","34","5018","","","","1","0","（仮）","5942-01","アイビーグリーン","0497","S","2900000036073","1870"
"13573","5942-01","5942-01 6.2オンス プレミアム Tシャツ","","United Athle 5942-01。6.2オンス プレミアム Tシャツ。","綿100%","XS,S,M,L,XL,XXL,XXXL","3","1","10","（仮）通常配送","1","0","","6258","サンドカーキ","35","5018","","","","1","0","（仮）","5942-01","サンドカーキ","0537","S","2900000036074","1870"
"13573","5942-01","5942-01 6.2オンス プレミアム Tシャツ","","United Athle 5942-01。6.2オンス プレミアム Tシャツ。","綿100%","XS,S,M,L,XL,XXL,XXXL","3","1","10","（仮）通常配送","1","0","","6264","ベビーピンク","36","5018","","","","1","0","（仮）","5942-01","ベビーピンク","0576","S","2900000036075","1870"
"13573","5942-01","5942-01 6.2オンス プレミアム Tシャツ","","United Athle 5942-01。6.2オンス プレミアム Tシャツ。","綿100%","XS,S,M,L,XL,XXL,XXXL","3","1","10","（仮）通常配送","1","0","","6301","フロストブルー","37","5018","","","","1","0","（仮）","5942-01","フロストブルー","0932","S","2900000036076","1870"
"13573","5942-01","5942-01 6.2オンス プレミアム Tシャツ","","United Athle 5942-01。6.2オンス プレミアム Tシャツ。","綿100%","XS,S,M,L,XL,XXL,XXXL","3","1","10","（仮）通常配送","1","0","","6269","ヘイジーブラック","38","5018","","","","1","0","（仮）","5942-01","ヘイジーブラック","0933","S","2900000036077","1870"
"13573","5942-01","5942-01 6.2オンス プレミアム Tシャツ","","United Athle 5942-01。6.2オンス プレミアム Tシャツ。","綿100%","XS,S,M,L,XL,XXL,XXXL","3","1","10","（仮）通常配送","1","0","","6270","ヘイジーネイビー","39","5018","","","","1","0","（仮）","5942-01","ヘイジーネイビー","0934","S","2900000036078","1870"
"13573","5942-01","5942-01 6.2オンス プレミアム Tシャツ","","United Athle 5942-01。6.2オンス プレミアム Tシャツ。","綿100%","XS,S,M,L,XL,XXL,XXXL","3","1","10","（仮）通常配送","1","0","","6052","ホワイト","1","5019","","","","1","0","（仮）","5942-01","ホワイト","0001","M","2900000036079","1760"
"13573","5942-01","5942-01 6.2オンス プレミアム Tシャツ","","United Athle 5942-01。6.2オンス プレミアム Tシャツ。","綿100%","XS,S,M,L,XL,XXL,XXXL","3","1","10","（仮）通常配送","1","0","","6060","ブラック","2","5019","","","","1","0","（仮）","5942-01","ブラック","0002","M","2900000036080","1870"
"13573","5942-01","5942-01 6.2オンス プレミアム Tシャツ","","United Athle 5942-01。6.2オンス プレミアム Tシャツ。","綿100%","XS,S,M,L,XL,XXL,XXXL","3","1","10","（仮）通常配送","1","0","","6054","アッシュ","3","5019","","","","1","0","（仮）","5942-01","アッシュ","0005","M","2900000036081","1870"
"13573","5942-01","5942-01 6.2オンス プレミアム Tシャツ","","United Athle 5942-01。6.2オンス プレミアム Tシャツ。","綿100%","XS,S,M,L,XL,XXL,XXXL","3","1","10","（仮）通常配送","1","0","","6241","ミックスグレー","4","5019","","","","1","0","（仮）","5942-01","ミックスグレー","0006","M","2900000036082","1870"
"13573","5942-01","5942-01 6.2オンス プレミアム Tシャツ","","United Athle 5942-01。6.2オンス プレミアム Tシャツ。","綿100%","XS,S,M,L,XL,XXL,XXXL","3","1","10","（仮）通常配送","1","0","","6058","チャコール","5","5019","","","","1","0","（仮）","5942-01","チャコール","0007","M","2900000036083","1870"
"13573","5942-01","5942-01 6.2オンス プレミアム Tシャツ","","United Athle 5942-01。6.2オンス プレミアム Tシャツ。","綿100%","XS,S,M,L,XL,XXL,XXXL","3","1","10","（仮）通常配送","1","0","","6055","オートミール","6","5019","","","","1","0","（仮）","5942-01","オートミール","0009","M","2900000036084","1870"
"13573","5942-01","5942-01 6.2オンス プレミアム Tシャツ","","United Athle 5942-01。6.2オンス プレミアム Tシャツ。","綿100%","XS,S,M,L,XL,XXL,XXXL","3","1","10","（仮）通常配送","1","0","","6053","アイボリー","7","5019","","","","1","0","（仮）","5942-01","アイボリー","0016","M","2900000036085","1870"
"13573","5942-01","5942-01 6.2オンス プレミアム Tシャツ","","United Athle 5942-01。6.2オンス プレミアム Tシャツ。","綿100%","XS,S,M,L,XL,XXL,XXXL","3","1","10","（仮）通常配送","1","0","","6063","ナチュラル","8","5019","","","","1","0","（仮）","5942-01","ナチュラル","0019","M","2900000036086","1870"
"13573","5942-01","5942-01 6.2オンス プレミアム Tシャツ","","United Athle 5942-01。6.2オンス プレミアム Tシャツ。","綿100%","XS,S,M,L,XL,XXL,XXXL","3","1","10","（仮）通常配送","1","0","","6065","イエロー","9","5019","","","","1","0","（仮）","5942-01","イエロー","0021","M","2900000036087","1870"
"13573","5942-01","5942-01 6.2オンス プレミアム Tシャツ","","United Athle 5942-01。6.2オンス プレミアム Tシャツ。","綿100%","XS,S,M,L,XL,XXL,XXXL","3","1","10","（仮）通常配送","1","0","","6243","ゴールド","10","5019","","","","1","0","（仮）","5942-01","ゴールド","0022","M","2900000036088","1870"
"13573","5942-01","5942-01 6.2オンス プレミアム Tシャツ","","United Athle 5942-01。6.2オンス プレミアム Tシャツ。","綿100%","XS,S,M,L,XL,XXL,XXXL","3","1","10","（仮）通常配送","1","0","","6093","グリーン","11","5019","","","","1","0","（仮）","5942-01","グリーン","0029","M","2900000036089","1870"
"13573","5942-01","5942-01 6.2オンス プレミアム Tシャツ","","United Athle 5942-01。6.2オンス プレミアム Tシャツ。","綿100%","XS,S,M,L,XL,XXL,XXXL","3","1","10","（仮）通常配送","1","0","","6245","シティグリーン","12","5019","","","","1","0","（仮）","5942-01","シティグリーン","0035","M","2900000036090","1870"
"13573","5942-01","5942-01 6.2オンス プレミアム Tシャツ","","United Athle 5942-01。6.2オンス プレミアム Tシャツ。","綿100%","XS,S,M,L,XL,XXL,XXXL","3","1","10","（仮）通常配送","1","0","","6295","ライムグリーン","13","5019","","","","1","0","（仮）","5942-01","ライムグリーン","0036","M","2900000036091","1870"
"13573","5942-01","5942-01 6.2オンス プレミアム Tシャツ","","United Athle 5942-01。6.2オンス プレミアム Tシャツ。","綿100%","XS,S,M,L,XL,XXL,XXXL","3","1","10","（仮）通常配送","1","0","","6078","ダークブラウン","14","5019","","","","1","0","（仮）","5942-01","ダークブラウン","0052","M","2900000036092","1870"
"13573","5942-01","5942-01 6.2オンス プレミアム Tシャツ","","United Athle 5942-01。6.2オンス プレミアム Tシャツ。","綿100%","XS,S,M,L,XL,XXL,XXXL","3","1","10","（仮）通常配送","1","0","","6289","モスグリーン","15","5019","","","","1","0","（仮）","5942-01","モスグリーン","0054","M","2900000036093","1870"
"13573","5942-01","5942-01 6.2オンス プレミアム Tシャツ","","United Athle 5942-01。6.2オンス プレミアム Tシャツ。","綿100%","XS,S,M,L,XL,XXL,XXXL","3","1","10","（仮）通常配送","1","0","","6067","オレンジ","16","5019","","","","1","0","（仮）","5942-01","オレンジ","0064","M","2900000036094","1870"
"13573","5942-01","5942-01 6.2オンス プレミアム Tシャツ","","United Athle 5942-01。6.2オンス プレミアム Tシャツ。","綿100%","XS,S,M,L,XL,XXL,XXXL","3","1","10","（仮）通常配送","1","0","","6073","ピンク","17","5019","","","","1","0","（仮）","5942-01","ピンク","0066","M","2900000036095","1870"
"13573","5942-01","5942-01 6.2オンス プレミアム Tシャツ","","United Athle 5942-01。6.2オンス プレミアム Tシャツ。","綿100%","XS,S,M,L,XL,XXL,XXXL","3","1","10","（仮）通常配送","1","0","","6068","レッド","18","5019","","","","1","0","（仮）","5942-01","レッド","0069","M","2900000036096","1870"
"13573","5942-01","5942-01 6.2オンス プレミアム Tシャツ","","United Athle 5942-01。6.2オンス プレミアム Tシャツ。","綿100%","XS,S,M,L,XL,XXL,XXXL","3","1","10","（仮）通常配送","1","0","","6075","バーガンディ","19","5019","","","","1","0","（仮）","5942-01","バーガンディ","0072","M","2900000036097","1870"
"13573","5942-01","5942-01 6.2オンス プレミアム Tシャツ","","United Athle 5942-01。6.2オンス プレミアム Tシャツ。","綿100%","XS,S,M,L,XL,XXL,XXXL","3","1","10","（仮）通常配送","1","0","","6296","マットパープル","20","5019","","","","1","0","（仮）","5942-01","マットパープル","0079","M","2900000036098","1870"
"13573","5942-01","5942-01 6.2オンス プレミアム Tシャツ","","United Athle 5942-01。6.2オンス プレミアム Tシャツ。","綿100%","XS,S,M,L,XL,XXL,XXXL","3","1","10","（仮）通常配送","1","0","","6248","サックス","21","5019","","","","1","0","（仮）","5942-01","サックス","0082","M","2900000036099","1870"
"13573","5942-01","5942-01 6.2オンス プレミアム Tシャツ","","United Athle 5942-01。6.2オンス プレミアム Tシャツ。","綿100%","XS,S,M,L,XL,XXL,XXXL","3","1","10","（仮）通常配送","1","0","","6083","ロイヤルブルー","22","5019","","","","1","0","（仮）","5942-01","ロイヤルブルー","0085","M","2900000036100","1870"
"13573","5942-01","5942-01 6.2オンス プレミアム Tシャツ","","United Athle 5942-01。6.2オンス プレミアム Tシャツ。","綿100%","XS,S,M,L,XL,XXL,XXXL","3","1","10","（仮）通常配送","1","0","","6087","ネイビー","23","5019","","","","1","0","（仮）","5942-01","ネイビー","0086","M","2900000036101","1870"
"13573","5942-01","5942-01 6.2オンス プレミアム Tシャツ","","United Athle 5942-01。6.2オンス プレミアム Tシャツ。","綿100%","XS,S,M,L,XL,XXL,XXXL","3","1","10","（仮）通常配送","1","0","","6085","インディゴ","24","5019","","","","1","0","（仮）","5942-01","インディゴ","0087","M","2900000036102","1870"
"13573","5942-01","5942-01 6.2オンス プレミアム Tシャツ","","United Athle 5942-01。6.2オンス プレミアム Tシャツ。","綿100%","XS,S,M,L,XL,XXL,XXXL","3","1","10","（仮）通常配送","1","0","","6250","スレート","25","5019","","","","1","0","（仮）","5942-01","スレート","0088","M","2900000036103","1870"
"13573","5942-01","5942-01 6.2オンス プレミアム Tシャツ","","United Athle 5942-01。6.2オンス プレミアム Tシャツ。","綿100%","XS,S,M,L,XL,XXL,XXXL","3","1","10","（仮）通常配送","1","0","","6251","スミ","26","5019","","","","1","0","（仮）","5942-01","スミ","0165","M","2900000036104","1870"
"13573","5942-01","5942-01 6.2オンス プレミアム Tシャツ","","United Athle 5942-01。6.2オンス プレミアム Tシャツ。","綿100%","XS,S,M,L,XL,XXL,XXXL","3","1","10","（仮）通常配送","1","0","","6253","バニラホワイト","27","5019","","","","1","0","（仮）","5942-01","バニラホワイト","0191","M","2900000036105","1870"
"13573","5942-01","5942-01 6.2オンス プレミアム Tシャツ","","United Athle 5942-01。6.2オンス プレミアム Tシャツ。","綿100%","XS,S,M,L,XL,XXL,XXXL","3","1","10","（仮）通常配送","1","0","","6297","セージグリーン","28","5019","","","","1","0","（仮）","5942-01","セージグリーン","0193","M","2900000036106","1870"
"13573","5942-01","5942-01 6.2オンス プレミアム Tシャツ","","United Athle 5942-01。6.2オンス プレミアム Tシャツ。","綿100%","XS,S,M,L,XL,XXL,XXXL","3","1","10","（仮）通常配送","1","0","","6298","スモーキーピンク","29","5019","","","","1","0","（仮）","5942-01","スモーキーピンク","0209","M","2900000036107","1870"
"13573","5942-01","5942-01 6.2オンス プレミアム Tシャツ","","United Athle 5942-01。6.2オンス プレミアム Tシャツ。","綿100%","XS,S,M,L,XL,XXL,XXXL","3","1","10","（仮）通常配送","1","0","","6255","バナナ","30","5019","","","","1","0","（仮）","5942-01","バナナ","0369","M","2900000036108","1870"
"13573","5942-01","5942-01 6.2オンス プレミアム Tシャツ","","United Athle 5942-01。6.2オンス プレミアム Tシャツ。","綿100%","XS,S,M,L,XL,XXL,XXXL","3","1","10","（仮）通常配送","1","0","","6299","フロストパープル","31","5019","","","","1","0","（仮）","5942-01","フロストパープル","0427","M","2900000036109","1870"
"13573","5942-01","5942-01 6.2オンス プレミアム Tシャツ","","United Athle 5942-01。6.2オンス プレミアム Tシャツ。","綿100%","XS,S,M,L,XL,XXL,XXXL","3","1","10","（仮）通常配送","1","0","","6300","スモーキーレッド","32","5019","","","","1","0","（仮）","5942-01","スモーキーレッド","0432","M","2900000036110","1870"
"13573","5942-01","5942-01 6.2オンス プレミアム Tシャツ","","United Athle 5942-01。6.2オンス プレミアム Tシャツ。","綿100%","XS,S,M,L,XL,XXL,XXXL","3","1","10","（仮）通常配送","1","0","","6079","ライトブルー","33","5019","","","","1","0","（仮）","5942-01","ライトブルー","0488","M","2900000036111","1870"
"13573","5942-01","5942-01 6.2オンス プレミアム Tシャツ","","United Athle 5942-01。6.2オンス プレミアム Tシャツ。","綿100%","XS,S,M,L,XL,XXL,XXXL","3","1","10","（仮）通常配送","1","0","","6094","アイビーグリーン","34","5019","","","","1","0","（仮）","5942-01","アイビーグリーン","0497","M","2900000036112","1870"
"13573","5942-01","5942-01 6.2オンス プレミアム Tシャツ","","United Athle 5942-01。6.2オンス プレミアム Tシャツ。","綿100%","XS,S,M,L,XL,XXL,XXXL","3","1","10","（仮）通常配送","1","0","","6258","サンドカーキ","35","5019","","","","1","0","（仮）","5942-01","サンドカーキ","0537","M","2900000036113","1870"
"13573","5942-01","5942-01 6.2オンス プレミアム Tシャツ","","United Athle 5942-01。6.2オンス プレミアム Tシャツ。","綿100%","XS,S,M,L,XL,XXL,XXXL","3","1","10","（仮）通常配送","1","0","","6264","ベビーピンク","36","5019","","","","1","0","（仮）","5942-01","ベビーピンク","0576","M","2900000036114","1870"
"13573","5942-01","5942-01 6.2オンス プレミアム Tシャツ","","United Athle 5942-01。6.2オンス プレミアム Tシャツ。","綿100%","XS,S,M,L,XL,XXL,XXXL","3","1","10","（仮）通常配送","1","0","","6301","フロストブルー","37","5019","","","","1","0","（仮）","5942-01","フロストブルー","0932","M","2900000036115","1870"
"13573","5942-01","5942-01 6.2オンス プレミアム Tシャツ","","United Athle 5942-01。6.2オンス プレミアム Tシャツ。","綿100%","XS,S,M,L,XL,XXL,XXXL","3","1","10","（仮）通常配送","1","0","","6269","ヘイジーブラック","38","5019","","","","1","0","（仮）","5942-01","ヘイジーブラック","0933","M","2900000036116","1870"
"13573","5942-01","5942-01 6.2オンス プレミアム Tシャツ","","United Athle 5942-01。6.2オンス プレミアム Tシャツ。","綿100%","XS,S,M,L,XL,XXL,XXXL","3","1","10","（仮）通常配送","1","0","","6270","ヘイジーネイビー","39","5019","","","","1","0","（仮）","5942-01","ヘイジーネイビー","0934","M","2900000036117","1870"
"13573","5942-01","5942-01 6.2オンス プレミアム Tシャツ","","United Athle 5942-01。6.2オンス プレミアム Tシャツ。","綿100%","XS,S,M,L,XL,XXL,XXXL","3","1","10","（仮）通常配送","1","0","","6052","ホワイト","1","5020","","","","1","0","（仮）","5942-01","ホワイト","0001","L","2900000036118","1760"
"13573","5942-01","5942-01 6.2オンス プレミアム Tシャツ","","United Athle 5942-01。6.2オンス プレミアム Tシャツ。","綿100%","XS,S,M,L,XL,XXL,XXXL","3","1","10","（仮）通常配送","1","0","","6060","ブラック","2","5020","","","","1","0","（仮）","5942-01","ブラック","0002","L","2900000036119","1870"
"13573","5942-01","5942-01 6.2オンス プレミアム Tシャツ","","United Athle 5942-01。6.2オンス プレミアム Tシャツ。","綿100%","XS,S,M,L,XL,XXL,XXXL","3","1","10","（仮）通常配送","1","0","","6054","アッシュ","3","5020","","","","1","0","（仮）","5942-01","アッシュ","0005","L","2900000036120","1870"
"13573","5942-01","5942-01 6.2オンス プレミアム Tシャツ","","United Athle 5942-01。6.2オンス プレミアム Tシャツ。","綿100%","XS,S,M,L,XL,XXL,XXXL","3","1","10","（仮）通常配送","1","0","","6241","ミックスグレー","4","5020","","","","1","0","（仮）","5942-01","ミックスグレー","0006","L","2900000036121","1870"
"13573","5942-01","5942-01 6.2オンス プレミアム Tシャツ","","United Athle 5942-01。6.2オンス プレミアム Tシャツ。","綿100%","XS,S,M,L,XL,XXL,XXXL","3","1","10","（仮）通常配送","1","0","","6058","チャコール","5","5020","","","","1","0","（仮）","5942-01","チャコール","0007","L","2900000036122","1870"
"13573","5942-01","5942-01 6.2オンス プレミアム Tシャツ","","United Athle 5942-01。6.2オンス プレミアム Tシャツ。","綿100%","XS,S,M,L,XL,XXL,XXXL","3","1","10","（仮）通常配送","1","0","","6055","オートミール","6","5020","","","","1","0","（仮）","5942-01","オートミール","0009","L","2900000036123","1870"
"13573","5942-01","5942-01 6.2オンス プレミアム Tシャツ","","United Athle 5942-01。6.2オンス プレミアム Tシャツ。","綿100%","XS,S,M,L,XL,XXL,XXXL","3","1","10","（仮）通常配送","1","0","","6053","アイボリー","7","5020","","","","1","0","（仮）","5942-01","アイボリー","0016","L","2900000036124","1870"
"13573","5942-01","5942-01 6.2オンス プレミアム Tシャツ","","United Athle 5942-01。6.2オンス プレミアム Tシャツ。","綿100%","XS,S,M,L,XL,XXL,XXXL","3","1","10","（仮）通常配送","1","0","","6063","ナチュラル","8","5020","","","","1","0","（仮）","5942-01","ナチュラル","0019","L","2900000036125","1870"
"13573","5942-01","5942-01 6.2オンス プレミアム Tシャツ","","United Athle 5942-01。6.2オンス プレミアム Tシャツ。","綿100%","XS,S,M,L,XL,XXL,XXXL","3","1","10","（仮）通常配送","1","0","","6065","イエロー","9","5020","","","","1","0","（仮）","5942-01","イエロー","0021","L","2900000036126","1870"
"13573","5942-01","5942-01 6.2オンス プレミアム Tシャツ","","United Athle 5942-01。6.2オンス プレミアム Tシャツ。","綿100%","XS,S,M,L,XL,XXL,XXXL","3","1","10","（仮）通常配送","1","0","","6243","ゴールド","10","5020","","","","1","0","（仮）","5942-01","ゴールド","0022","L","2900000036127","1870"
"13573","5942-01","5942-01 6.2オンス プレミアム Tシャツ","","United Athle 5942-01。6.2オンス プレミアム Tシャツ。","綿100%","XS,S,M,L,XL,XXL,XXXL","3","1","10","（仮）通常配送","1","0","","6093","グリーン","11","5020","","","","1","0","（仮）","5942-01","グリーン","0029","L","2900000036128","1870"
"13573","5942-01","5942-01 6.2オンス プレミアム Tシャツ","","United Athle 5942-01。6.2オンス プレミアム Tシャツ。","綿100%","XS,S,M,L,XL,XXL,XXXL","3","1","10","（仮）通常配送","1","0","","6245","シティグリーン","12","5020","","","","1","0","（仮）","5942-01","シティグリーン","0035","L","2900000036129","1870"
"13573","5942-01","5942-01 6.2オンス プレミアム Tシャツ","","United Athle 5942-01。6.2オンス プレミアム Tシャツ。","綿100%","XS,S,M,L,XL,XXL,XXXL","3","1","10","（仮）通常配送","1","0","","6295","ライムグリーン","13","5020","","","","1","0","（仮）","5942-01","ライムグリーン","0036","L","2900000036130","1870"
"13573","5942-01","5942-01 6.2オンス プレミアム Tシャツ","","United Athle 5942-01。6.2オンス プレミアム Tシャツ。","綿100%","XS,S,M,L,XL,XXL,XXXL","3","1","10","（仮）通常配送","1","0","","6078","ダークブラウン","14","5020","","","","1","0","（仮）","5942-01","ダークブラウン","0052","L","2900000036131","1870"
"13573","5942-01","5942-01 6.2オンス プレミアム Tシャツ","","United Athle 5942-01。6.2オンス プレミアム Tシャツ。","綿100%","XS,S,M,L,XL,XXL,XXXL","3","1","10","（仮）通常配送","1","0","","6289","モスグリーン","15","5020","","","","1","0","（仮）","5942-01","モスグリーン","0054","L","2900000036132","1870"
"13573","5942-01","5942-01 6.2オンス プレミアム Tシャツ","","United Athle 5942-01。6.2オンス プレミアム Tシャツ。","綿100%","XS,S,M,L,XL,XXL,XXXL","3","1","10","（仮）通常配送","1","0","","6067","オレンジ","16","5020","","","","1","0","（仮）","5942-01","オレンジ","0064","L","2900000036133","1870"
"13573","5942-01","5942-01 6.2オンス プレミアム Tシャツ","","United Athle 5942-01。6.2オンス プレミアム Tシャツ。","綿100%","XS,S,M,L,XL,XXL,XXXL","3","1","10","（仮）通常配送","1","0","","6073","ピンク","17","5020","","","","1","0","（仮）","5942-01","ピンク","0066","L","2900000036134","1870"
"13573","5942-01","5942-01 6.2オンス プレミアム Tシャツ","","United Athle 5942-01。6.2オンス プレミアム Tシャツ。","綿100%","XS,S,M,L,XL,XXL,XXXL","3","1","10","（仮）通常配送","1","0","","6068","レッド","18","5020","","","","1","0","（仮）","5942-01","レッド","0069","L","2900000036135","1870"
"13573","5942-01","5942-01 6.2オンス プレミアム Tシャツ","","United Athle 5942-01。6.2オンス プレミアム Tシャツ。","綿100%","XS,S,M,L,XL,XXL,XXXL","3","1","10","（仮）通常配送","1","0","","6075","バーガンディ","19","5020","","","","1","0","（仮）","5942-01","バーガンディ","0072","L","2900000036136","1870"
"13573","5942-01","5942-01 6.2オンス プレミアム Tシャツ","","United Athle 5942-01。6.2オンス プレミアム Tシャツ。","綿100%","XS,S,M,L,XL,XXL,XXXL","3","1","10","（仮）通常配送","1","0","","6296","マットパープル","20","5020","","","","1","0","（仮）","5942-01","マットパープル","0079","L","2900000036137","1870"
"13573","5942-01","5942-01 6.2オンス プレミアム Tシャツ","","United Athle 5942-01。6.2オンス プレミアム Tシャツ。","綿100%","XS,S,M,L,XL,XXL,XXXL","3","1","10","（仮）通常配送","1","0","","6248","サックス","21","5020","","","","1","0","（仮）","5942-01","サックス","0082","L","2900000036138","1870"
"13573","5942-01","5942-01 6.2オンス プレミアム Tシャツ","","United Athle 5942-01。6.2オンス プレミアム Tシャツ。","綿100%","XS,S,M,L,XL,XXL,XXXL","3","1","10","（仮）通常配送","1","0","","6083","ロイヤルブルー","22","5020","","","","1","0","（仮）","5942-01","ロイヤルブルー","0085","L","2900000036139","1870"
"13573","5942-01","5942-01 6.2オンス プレミアム Tシャツ","","United Athle 5942-01。6.2オンス プレミアム Tシャツ。","綿100%","XS,S,M,L,XL,XXL,XXXL","3","1","10","（仮）通常配送","1","0","","6087","ネイビー","23","5020","","","","1","0","（仮）","5942-01","ネイビー","0086","L","2900000036140","1870"
"13573","5942-01","5942-01 6.2オンス プレミアム Tシャツ","","United Athle 5942-01。6.2オンス プレミアム Tシャツ。","綿100%","XS,S,M,L,XL,XXL,XXXL","3","1","10","（仮）通常配送","1","0","","6085","インディゴ","24","5020","","","","1","0","（仮）","5942-01","インディゴ","0087","L","2900000036141","1870"
"13573","5942-01","5942-01 6.2オンス プレミアム Tシャツ","","United Athle 5942-01。6.2オンス プレミアム Tシャツ。","綿100%","XS,S,M,L,XL,XXL,XXXL","3","1","10","（仮）通常配送","1","0","","6250","スレート","25","5020","","","","1","0","（仮）","5942-01","スレート","0088","L","2900000036142","1870"
"13573","5942-01","5942-01 6.2オンス プレミアム Tシャツ","","United Athle 5942-01。6.2オンス プレミアム Tシャツ。","綿100%","XS,S,M,L,XL,XXL,XXXL","3","1","10","（仮）通常配送","1","0","","6251","スミ","26","5020","","","","1","0","（仮）","5942-01","スミ","0165","L","2900000036143","1870"
"13573","5942-01","5942-01 6.2オンス プレミアム Tシャツ","","United Athle 5942-01。6.2オンス プレミアム Tシャツ。","綿100%","XS,S,M,L,XL,XXL,XXXL","3","1","10","（仮）通常配送","1","0","","6253","バニラホワイト","27","5020","","","","1","0","（仮）","5942-01","バニラホワイト","0191","L","2900000036144","1870"
"13573","5942-01","5942-01 6.2オンス プレミアム Tシャツ","","United Athle 5942-01。6.2オンス プレミアム Tシャツ。","綿100%","XS,S,M,L,XL,XXL,XXXL","3","1","10","（仮）通常配送","1","0","","6297","セージグリーン","28","5020","","","","1","0","（仮）","5942-01","セージグリーン","0193","L","2900000036145","1870"
"13573","5942-01","5942-01 6.2オンス プレミアム Tシャツ","","United Athle 5942-01。6.2オンス プレミアム Tシャツ。","綿100%","XS,S,M,L,XL,XXL,XXXL","3","1","10","（仮）通常配送","1","0","","6298","スモーキーピンク","29","5020","","","","1","0","（仮）","5942-01","スモーキーピンク","0209","L","2900000036146","1870"
"13573","5942-01","5942-01 6.2オンス プレミアム Tシャツ","","United Athle 5942-01。6.2オンス プレミアム Tシャツ。","綿100%","XS,S,M,L,XL,XXL,XXXL","3","1","10","（仮）通常配送","1","0","","6255","バナナ","30","5020","","","","1","0","（仮）","5942-01","バナナ","0369","L","2900000036147","1870"
"13573","5942-01","5942-01 6.2オンス プレミアム Tシャツ","","United Athle 5942-01。6.2オンス プレミアム Tシャツ。","綿100%","XS,S,M,L,XL,XXL,XXXL","3","1","10","（仮）通常配送","1","0","","6299","フロストパープル","31","5020","","","","1","0","（仮）","5942-01","フロストパープル","0427","L","2900000036148","1870"
"13573","5942-01","5942-01 6.2オンス プレミアム Tシャツ","","United Athle 5942-01。6.2オンス プレミアム Tシャツ。","綿100%","XS,S,M,L,XL,XXL,XXXL","3","1","10","（仮）通常配送","1","0","","6300","スモーキーレッド","32","5020","","","","1","0","（仮）","5942-01","スモーキーレッド","0432","L","2900000036149","1870"
"13573","5942-01","5942-01 6.2オンス プレミアム Tシャツ","","United Athle 5942-01。6.2オンス プレミアム Tシャツ。","綿100%","XS,S,M,L,XL,XXL,XXXL","3","1","10","（仮）通常配送","1","0","","6079","ライトブルー","33","5020","","","","1","0","（仮）","5942-01","ライトブルー","0488","L","2900000036150","1870"
"13573","5942-01","5942-01 6.2オンス プレミアム Tシャツ","","United Athle 5942-01。6.2オンス プレミアム Tシャツ。","綿100%","XS,S,M,L,XL,XXL,XXXL","3","1","10","（仮）通常配送","1","0","","6094","アイビーグリーン","34","5020","","","","1","0","（仮）","5942-01","アイビーグリーン","0497","L","2900000036151","1870"
"13573","5942-01","5942-01 6.2オンス プレミアム Tシャツ","","United Athle 5942-01。6.2オンス プレミアム Tシャツ。","綿100%","XS,S,M,L,XL,XXL,XXXL","3","1","10","（仮）通常配送","1","0","","6258","サンドカーキ","35","5020","","","","1","0","（仮）","5942-01","サンドカーキ","0537","L","2900000036152","1870"
"13573","5942-01","5942-01 6.2オンス プレミアム Tシャツ","","United Athle 5942-01。6.2オンス プレミアム Tシャツ。","綿100%","XS,S,M,L,XL,XXL,XXXL","3","1","10","（仮）通常配送","1","0","","6264","ベビーピンク","36","5020","","","","1","0","（仮）","5942-01","ベビーピンク","0576","L","2900000036153","1870"
"13573","5942-01","5942-01 6.2オンス プレミアム Tシャツ","","United Athle 5942-01。6.2オンス プレミアム Tシャツ。","綿100%","XS,S,M,L,XL,XXL,XXXL","3","1","10","（仮）通常配送","1","0","","6301","フロストブルー","37","5020","","","","1","0","（仮）","5942-01","フロストブルー","0932","L","2900000036154","1870"
"13573","5942-01","5942-01 6.2オンス プレミアム Tシャツ","","United Athle 5942-01。6.2オンス プレミアム Tシャツ。","綿100%","XS,S,M,L,XL,XXL,XXXL","3","1","10","（仮）通常配送","1","0","","6269","ヘイジーブラック","38","5020","","","","1","0","（仮）","5942-01","ヘイジーブラック","0933","L","2900000036155","1870"
"13573","5942-01","5942-01 6.2オンス プレミアム Tシャツ","","United Athle 5942-01。6.2オンス プレミアム Tシャツ。","綿100%","XS,S,M,L,XL,XXL,XXXL","3","1","10","（仮）通常配送","1","0","","6270","ヘイジーネイビー","39","5020","","","","1","0","（仮）","5942-01","ヘイジーネイビー","0934","L","2900000036156","1870"
"13573","5942-01","5942-01 6.2オンス プレミアム Tシャツ","","United Athle 5942-01。6.2オンス プレミアム Tシャツ。","綿100%","XS,S,M,L,XL,XXL,XXXL","3","1","10","（仮）通常配送","1","0","","6052","ホワイト","1","6047","","","","1","0","（仮）","5942-01","ホワイト","0001","XL","2900000036157","1760"
"13573","5942-01","5942-01 6.2オンス プレミアム Tシャツ","","United Athle 5942-01。6.2オンス プレミアム Tシャツ。","綿100%","XS,S,M,L,XL,XXL,XXXL","3","1","10","（仮）通常配送","1","0","","6060","ブラック","2","6047","","","","1","0","（仮）","5942-01","ブラック","0002","XL","2900000036158","1870"
"13573","5942-01","5942-01 6.2オンス プレミアム Tシャツ","","United Athle 5942-01。6.2オンス プレミアム Tシャツ。","綿100%","XS,S,M,L,XL,XXL,XXXL","3","1","10","（仮）通常配送","1","0","","6054","アッシュ","3","6047","","","","1","0","（仮）","5942-01","アッシュ","0005","XL","2900000036159","1870"
"13573","5942-01","5942-01 6.2オンス プレミアム Tシャツ","","United Athle 5942-01。6.2オンス プレミアム Tシャツ。","綿100%","XS,S,M,L,XL,XXL,XXXL","3","1","10","（仮）通常配送","1","0","","6241","ミックスグレー","4","6047","","","","1","0","（仮）","5942-01","ミックスグレー","0006","XL","2900000036160","1870"
"13573","5942-01","5942-01 6.2オンス プレミアム Tシャツ","","United Athle 5942-01。6.2オンス プレミアム Tシャツ。","綿100%","XS,S,M,L,XL,XXL,XXXL","3","1","10","（仮）通常配送","1","0","","6058","チャコール","5","6047","","","","1","0","（仮）","5942-01","チャコール","0007","XL","2900000036161","1870"
"13573","5942-01","5942-01 6.2オンス プレミアム Tシャツ","","United Athle 5942-01。6.2オンス プレミアム Tシャツ。","綿100%","XS,S,M,L,XL,XXL,XXXL","3","1","10","（仮）通常配送","1","0","","6055","オートミール","6","6047","","","","1","0","（仮）","5942-01","オートミール","0009","XL","2900000036162","1870"
"13573","5942-01","5942-01 6.2オンス プレミアム Tシャツ","","United Athle 5942-01。6.2オンス プレミアム Tシャツ。","綿100%","XS,S,M,L,XL,XXL,XXXL","3","1","10","（仮）通常配送","1","0","","6053","アイボリー","7","6047","","","","1","0","（仮）","5942-01","アイボリー","0016","XL","2900000036163","1870"
"13573","5942-01","5942-01 6.2オンス プレミアム Tシャツ","","United Athle 5942-01。6.2オンス プレミアム Tシャツ。","綿100%","XS,S,M,L,XL,XXL,XXXL","3","1","10","（仮）通常配送","1","0","","6063","ナチュラル","8","6047","","","","1","0","（仮）","5942-01","ナチュラル","0019","XL","2900000036164","1870"
"13573","5942-01","5942-01 6.2オンス プレミアム Tシャツ","","United Athle 5942-01。6.2オンス プレミアム Tシャツ。","綿100%","XS,S,M,L,XL,XXL,XXXL","3","1","10","（仮）通常配送","1","0","","6065","イエロー","9","6047","","","","1","0","（仮）","5942-01","イエロー","0021","XL","2900000036165","1870"
"13573","5942-01","5942-01 6.2オンス プレミアム Tシャツ","","United Athle 5942-01。6.2オンス プレミアム Tシャツ。","綿100%","XS,S,M,L,XL,XXL,XXXL","3","1","10","（仮）通常配送","1","0","","6243","ゴールド","10","6047","","","","1","0","（仮）","5942-01","ゴールド","0022","XL","2900000036166","1870"
"13573","5942-01","5942-01 6.2オンス プレミアム Tシャツ","","United Athle 5942-01。6.2オンス プレミアム Tシャツ。","綿100%","XS,S,M,L,XL,XXL,XXXL","3","1","10","（仮）通常配送","1","0","","6093","グリーン","11","6047","","","","1","0","（仮）","5942-01","グリーン","0029","XL","2900000036167","1870"
"13573","5942-01","5942-01 6.2オンス プレミアム Tシャツ","","United Athle 5942-01。6.2オンス プレミアム Tシャツ。","綿100%","XS,S,M,L,XL,XXL,XXXL","3","1","10","（仮）通常配送","1","0","","6245","シティグリーン","12","6047","","","","1","0","（仮）","5942-01","シティグリーン","0035","XL","2900000036168","1870"
"13573","5942-01","5942-01 6.2オンス プレミアム Tシャツ","","United Athle 5942-01。6.2オンス プレミアム Tシャツ。","綿100%","XS,S,M,L,XL,XXL,XXXL","3","1","10","（仮）通常配送","1","0","","6295","ライムグリーン","13","6047","","","","1","0","（仮）","5942-01","ライムグリーン","0036","XL","2900000036169","1870"
"13573","5942-01","5942-01 6.2オンス プレミアム Tシャツ","","United Athle 5942-01。6.2オンス プレミアム Tシャツ。","綿100%","XS,S,M,L,XL,XXL,XXXL","3","1","10","（仮）通常配送","1","0","","6078","ダークブラウン","14","6047","","","","1","0","（仮）","5942-01","ダークブラウン","0052","XL","2900000036170","1870"
"13573","5942-01","5942-01 6.2オンス プレミアム Tシャツ","","United Athle 5942-01。6.2オンス プレミアム Tシャツ。","綿100%","XS,S,M,L,XL,XXL,XXXL","3","1","10","（仮）通常配送","1","0","","6289","モスグリーン","15","6047","","","","1","0","（仮）","5942-01","モスグリーン","0054","XL","2900000036171","1870"
"13573","5942-01","5942-01 6.2オンス プレミアム Tシャツ","","United Athle 5942-01。6.2オンス プレミアム Tシャツ。","綿100%","XS,S,M,L,XL,XXL,XXXL","3","1","10","（仮）通常配送","1","0","","6067","オレンジ","16","6047","","","","1","0","（仮）","5942-01","オレンジ","0064","XL","2900000036172","1870"
"13573","5942-01","5942-01 6.2オンス プレミアム Tシャツ","","United Athle 5942-01。6.2オンス プレミアム Tシャツ。","綿100%","XS,S,M,L,XL,XXL,XXXL","3","1","10","（仮）通常配送","1","0","","6073","ピンク","17","6047","","","","1","0","（仮）","5942-01","ピンク","0066","XL","2900000036173","1870"
"13573","5942-01","5942-01 6.2オンス プレミアム Tシャツ","","United Athle 5942-01。6.2オンス プレミアム Tシャツ。","綿100%","XS,S,M,L,XL,XXL,XXXL","3","1","10","（仮）通常配送","1","0","","6068","レッド","18","6047","","","","1","0","（仮）","5942-01","レッド","0069","XL","2900000036174","1870"
"13573","5942-01","5942-01 6.2オンス プレミアム Tシャツ","","United Athle 5942-01。6.2オンス プレミアム Tシャツ。","綿100%","XS,S,M,L,XL,XXL,XXXL","3","1","10","（仮）通常配送","1","0","","6075","バーガンディ","19","6047","","","","1","0","（仮）","5942-01","バーガンディ","0072","XL","2900000036175","1870"
"13573","5942-01","5942-01 6.2オンス プレミアム Tシャツ","","United Athle 5942-01。6.2オンス プレミアム Tシャツ。","綿100%","XS,S,M,L,XL,XXL,XXXL","3","1","10","（仮）通常配送","1","0","","6296","マットパープル","20","6047","","","","1","0","（仮）","5942-01","マットパープル","0079","XL","2900000036176","1870"
"13573","5942-01","5942-01 6.2オンス プレミアム Tシャツ","","United Athle 5942-01。6.2オンス プレミアム Tシャツ。","綿100%","XS,S,M,L,XL,XXL,XXXL","3","1","10","（仮）通常配送","1","0","","6248","サックス","21","6047","","","","1","0","（仮）","5942-01","サックス","0082","XL","2900000036177","1870"
"13573","5942-01","5942-01 6.2オンス プレミアム Tシャツ","","United Athle 5942-01。6.2オンス プレミアム Tシャツ。","綿100%","XS,S,M,L,XL,XXL,XXXL","3","1","10","（仮）通常配送","1","0","","6083","ロイヤルブルー","22","6047","","","","1","0","（仮）","5942-01","ロイヤルブルー","0085","XL","2900000036178","1870"
"13573","5942-01","5942-01 6.2オンス プレミアム Tシャツ","","United Athle 5942-01。6.2オンス プレミアム Tシャツ。","綿100%","XS,S,M,L,XL,XXL,XXXL","3","1","10","（仮）通常配送","1","0","","6087","ネイビー","23","6047","","","","1","0","（仮）","5942-01","ネイビー","0086","XL","2900000036179","1870"
"13573","5942-01","5942-01 6.2オンス プレミアム Tシャツ","","United Athle 5942-01。6.2オンス プレミアム Tシャツ。","綿100%","XS,S,M,L,XL,XXL,XXXL","3","1","10","（仮）通常配送","1","0","","6085","インディゴ","24","6047","","","","1","0","（仮）","5942-01","インディゴ","0087","XL","2900000036180","1870"
"13573","5942-01","5942-01 6.2オンス プレミアム Tシャツ","","United Athle 5942-01。6.2オンス プレミアム Tシャツ。","綿100%","XS,S,M,L,XL,XXL,XXXL","3","1","10","（仮）通常配送","1","0","","6250","スレート","25","6047","","","","1","0","（仮）","5942-01","スレート","0088","XL","2900000036181","1870"
"13573","5942-01","5942-01 6.2オンス プレミアム Tシャツ","","United Athle 5942-01。6.2オンス プレミアム Tシャツ。","綿100%","XS,S,M,L,XL,XXL,XXXL","3","1","10","（仮）通常配送","1","0","","6251","スミ","26","6047","","","","1","0","（仮）","5942-01","スミ","0165","XL","2900000036182","1870"
"13573","5942-01","5942-01 6.2オンス プレミアム Tシャツ","","United Athle 5942-01。6.2オンス プレミアム Tシャツ。","綿100%","XS,S,M,L,XL,XXL,XXXL","3","1","10","（仮）通常配送","1","0","","6253","バニラホワイト","27","6047","","","","1","0","（仮）","5942-01","バニラホワイト","0191","XL","2900000036183","1870"
"13573","5942-01","5942-01 6.2オンス プレミアム Tシャツ","","United Athle 5942-01。6.2オンス プレミアム Tシャツ。","綿100%","XS,S,M,L,XL,XXL,XXXL","3","1","10","（仮）通常配送","1","0","","6297","セージグリーン","28","6047","","","","1","0","（仮）","5942-01","セージグリーン","0193","XL","2900000036184","1870"
"13573","5942-01","5942-01 6.2オンス プレミアム Tシャツ","","United Athle 5942-01。6.2オンス プレミアム Tシャツ。","綿100%","XS,S,M,L,XL,XXL,XXXL","3","1","10","（仮）通常配送","1","0","","6298","スモーキーピンク","29","6047","","","","1","0","（仮）","5942-01","スモーキーピンク","0209","XL","2900000036185","1870"
"13573","5942-01","5942-01 6.2オンス プレミアム Tシャツ","","United Athle 5942-01。6.2オンス プレミアム Tシャツ。","綿100%","XS,S,M,L,XL,XXL,XXXL","3","1","10","（仮）通常配送","1","0","","6255","バナナ","30","6047","","","","1","0","（仮）","5942-01","バナナ","0369","XL","2900000036186","1870"
"13573","5942-01","5942-01 6.2オンス プレミアム Tシャツ","","United Athle 5942-01。6.2オンス プレミアム Tシャツ。","綿100%","XS,S,M,L,XL,XXL,XXXL","3","1","10","（仮）通常配送","1","0","","6299","フロストパープル","31","6047","","","","1","0","（仮）","5942-01","フロストパープル","0427","XL","2900000036187","1870"
"13573","5942-01","5942-01 6.2オンス プレミアム Tシャツ","","United Athle 5942-01。6.2オンス プレミアム Tシャツ。","綿100%","XS,S,M,L,XL,XXL,XXXL","3","1","10","（仮）通常配送","1","0","","6300","スモーキーレッド","32","6047","","","","1","0","（仮）","5942-01","スモーキーレッド","0432","XL","2900000036188","1870"
"13573","5942-01","5942-01 6.2オンス プレミアム Tシャツ","","United Athle 5942-01。6.2オンス プレミアム Tシャツ。","綿100%","XS,S,M,L,XL,XXL,XXXL","3","1","10","（仮）通常配送","1","0","","6079","ライトブルー","33","6047","","","","1","0","（仮）","5942-01","ライトブルー","0488","XL","2900000036189","1870"
"13573","5942-01","5942-01 6.2オンス プレミアム Tシャツ","","United Athle 5942-01。6.2オンス プレミアム Tシャツ。","綿100%","XS,S,M,L,XL,XXL,XXXL","3","1","10","（仮）通常配送","1","0","","6094","アイビーグリーン","34","6047","","","","1","0","（仮）","5942-01","アイビーグリーン","0497","XL","2900000036190","1870"
"13573","5942-01","5942-01 6.2オンス プレミアム Tシャツ","","United Athle 5942-01。6.2オンス プレミアム Tシャツ。","綿100%","XS,S,M,L,XL,XXL,XXXL","3","1","10","（仮）通常配送","1","0","","6258","サンドカーキ","35","6047","","","","1","0","（仮）","5942-01","サンドカーキ","0537","XL","2900000036191","1870"
"13573","5942-01","5942-01 6.2オンス プレミアム Tシャツ","","United Athle 5942-01。6.2オンス プレミアム Tシャツ。","綿100%","XS,S,M,L,XL,XXL,XXXL","3","1","10","（仮）通常配送","1","0","","6264","ベビーピンク","36","6047","","","","1","0","（仮）","5942-01","ベビーピンク","0576","XL","2900000036192","1870"
"13573","5942-01","5942-01 6.2オンス プレミアム Tシャツ","","United Athle 5942-01。6.2オンス プレミアム Tシャツ。","綿100%","XS,S,M,L,XL,XXL,XXXL","3","1","10","（仮）通常配送","1","0","","6301","フロストブルー","37","6047","","","","1","0","（仮）","5942-01","フロストブルー","0932","XL","2900000036193","1870"
"13573","5942-01","5942-01 6.2オンス プレミアム Tシャツ","","United Athle 5942-01。6.2オンス プレミアム Tシャツ。","綿100%","XS,S,M,L,XL,XXL,XXXL","3","1","10","（仮）通常配送","1","0","","6269","ヘイジーブラック","38","6047","","","","1","0","（仮）","5942-01","ヘイジーブラック","0933","XL","2900000036194","1870"
"13573","5942-01","5942-01 6.2オンス プレミアム Tシャツ","","United Athle 5942-01。6.2オンス プレミアム Tシャツ。","綿100%","XS,S,M,L,XL,XXL,XXXL","3","1","10","（仮）通常配送","1","0","","6270","ヘイジーネイビー","39","6047","","","","1","0","（仮）","5942-01","ヘイジーネイビー","0934","XL","2900000036195","1870"
"13573","5942-01","5942-01 6.2オンス プレミアム Tシャツ","","United Athle 5942-01。6.2オンス プレミアム Tシャツ。","綿100%","XS,S,M,L,XL,XXL,XXXL","3","1","10","（仮）通常配送","1","0","","6052","ホワイト","1","6048","","","","1","0","（仮）","5942-01","ホワイト","0001","XXL","2900000036196","2240"
"13573","5942-01","5942-01 6.2オンス プレミアム Tシャツ","","United Athle 5942-01。6.2オンス プレミアム Tシャツ。","綿100%","XS,S,M,L,XL,XXL,XXXL","3","1","10","（仮）通常配送","1","0","","6060","ブラック","2","6048","","","","1","0","（仮）","5942-01","ブラック","0002","XXL","2900000036197","2460"
"13573","5942-01","5942-01 6.2オンス プレミアム Tシャツ","","United Athle 5942-01。6.2オンス プレミアム Tシャツ。","綿100%","XS,S,M,L,XL,XXL,XXXL","3","1","10","（仮）通常配送","1","0","","6054","アッシュ","3","6048","","","","1","0","（仮）","5942-01","アッシュ","0005","XXL","2900000036198","2460"
"13573","5942-01","5942-01 6.2オンス プレミアム Tシャツ","","United Athle 5942-01。6.2オンス プレミアム Tシャツ。","綿100%","XS,S,M,L,XL,XXL,XXXL","3","1","10","（仮）通常配送","1","0","","6241","ミックスグレー","4","6048","","","","1","0","（仮）","5942-01","ミックスグレー","0006","XXL","2900000036199","2460"
"13573","5942-01","5942-01 6.2オンス プレミアム Tシャツ","","United Athle 5942-01。6.2オンス プレミアム Tシャツ。","綿100%","XS,S,M,L,XL,XXL,XXXL","3","1","10","（仮）通常配送","1","0","","6058","チャコール","5","6048","","","","1","0","（仮）","5942-01","チャコール","0007","XXL","2900000036200","2460"
"13573","5942-01","5942-01 6.2オンス プレミアム Tシャツ","","United Athle 5942-01。6.2オンス プレミアム Tシャツ。","綿100%","XS,S,M,L,XL,XXL,XXXL","3","1","10","（仮）通常配送","1","0","","6055","オートミール","6","6048","","","","1","0","（仮）","5942-01","オートミール","0009","XXL","2900000036201","2460"
"13573","5942-01","5942-01 6.2オンス プレミアム Tシャツ","","United Athle 5942-01。6.2オンス プレミアム Tシャツ。","綿100%","XS,S,M,L,XL,XXL,XXXL","3","1","10","（仮）通常配送","1","0","","6053","アイボリー","7","6048","","","","1","0","（仮）","5942-01","アイボリー","0016","XXL","2900000036202","2460"
"13573","5942-01","5942-01 6.2オンス プレミアム Tシャツ","","United Athle 5942-01。6.2オンス プレミアム Tシャツ。","綿100%","XS,S,M,L,XL,XXL,XXXL","3","1","10","（仮）通常配送","1","0","","6063","ナチュラル","8","6048","","","","1","0","（仮）","5942-01","ナチュラル","0019","XXL","2900000036203","2460"
"13573","5942-01","5942-01 6.2オンス プレミアム Tシャツ","","United Athle 5942-01。6.2オンス プレミアム Tシャツ。","綿100%","XS,S,M,L,XL,XXL,XXXL","3","1","10","（仮）通常配送","1","0","","6065","イエロー","9","6048","","","","1","0","（仮）","5942-01","イエロー","0021","XXL","2900000036204","2460"
"13573","5942-01","5942-01 6.2オンス プレミアム Tシャツ","","United Athle 5942-01。6.2オンス プレミアム Tシャツ。","綿100%","XS,S,M,L,XL,XXL,XXXL","3","1","10","（仮）通常配送","1","0","","6243","ゴールド","10","6048","","","","1","0","（仮）","5942-01","ゴールド","0022","XXL","2900000036205","2460"
"13573","5942-01","5942-01 6.2オンス プレミアム Tシャツ","","United Athle 5942-01。6.2オンス プレミアム Tシャツ。","綿100%","XS,S,M,L,XL,XXL,XXXL","3","1","10","（仮）通常配送","1","0","","6093","グリーン","11","6048","","","","1","0","（仮）","5942-01","グリーン","0029","XXL","2900000036206","2460"
"13573","5942-01","5942-01 6.2オンス プレミアム Tシャツ","","United Athle 5942-01。6.2オンス プレミアム Tシャツ。","綿100%","XS,S,M,L,XL,XXL,XXXL","3","1","10","（仮）通常配送","1","0","","6245","シティグリーン","12","6048","","","","1","0","（仮）","5942-01","シティグリーン","0035","XXL","2900000036207","2460"
"13573","5942-01","5942-01 6.2オンス プレミアム Tシャツ","","United Athle 5942-01。6.2オンス プレミアム Tシャツ。","綿100%","XS,S,M,L,XL,XXL,XXXL","3","1","10","（仮）通常配送","1","0","","6295","ライムグリーン","13","6048","","","","1","0","（仮）","5942-01","ライムグリーン","0036","XXL","2900000036208","2460"
"13573","5942-01","5942-01 6.2オンス プレミアム Tシャツ","","United Athle 5942-01。6.2オンス プレミアム Tシャツ。","綿100%","XS,S,M,L,XL,XXL,XXXL","3","1","10","（仮）通常配送","1","0","","6078","ダークブラウン","14","6048","","","","1","0","（仮）","5942-01","ダークブラウン","0052","XXL","2900000036209","2460"
"13573","5942-01","5942-01 6.2オンス プレミアム Tシャツ","","United Athle 5942-01。6.2オンス プレミアム Tシャツ。","綿100%","XS,S,M,L,XL,XXL,XXXL","3","1","10","（仮）通常配送","1","0","","6289","モスグリーン","15","6048","","","","1","0","（仮）","5942-01","モスグリーン","0054","XXL","2900000036210","2460"
"13573","5942-01","5942-01 6.2オンス プレミアム Tシャツ","","United Athle 5942-01。6.2オンス プレミアム Tシャツ。","綿100%","XS,S,M,L,XL,XXL,XXXL","3","1","10","（仮）通常配送","1","0","","6067","オレンジ","16","6048","","","","1","0","（仮）","5942-01","オレンジ","0064","XXL","2900000036211","2460"
"13573","5942-01","5942-01 6.2オンス プレミアム Tシャツ","","United Athle 5942-01。6.2オンス プレミアム Tシャツ。","綿100%","XS,S,M,L,XL,XXL,XXXL","3","1","10","（仮）通常配送","1","0","","6073","ピンク","17","6048","","","","1","0","（仮）","5942-01","ピンク","0066","XXL","2900000036212","2460"
"13573","5942-01","5942-01 6.2オンス プレミアム Tシャツ","","United Athle 5942-01。6.2オンス プレミアム Tシャツ。","綿100%","XS,S,M,L,XL,XXL,XXXL","3","1","10","（仮）通常配送","1","0","","6068","レッド","18","6048","","","","1","0","（仮）","5942-01","レッド","0069","XXL","2900000036213","2460"
"13573","5942-01","5942-01 6.2オンス プレミアム Tシャツ","","United Athle 5942-01。6.2オンス プレミアム Tシャツ。","綿100%","XS,S,M,L,XL,XXL,XXXL","3","1","10","（仮）通常配送","1","0","","6075","バーガンディ","19","6048","","","","1","0","（仮）","5942-01","バーガンディ","0072","XXL","2900000036214","2460"
"13573","5942-01","5942-01 6.2オンス プレミアム Tシャツ","","United Athle 5942-01。6.2オンス プレミアム Tシャツ。","綿100%","XS,S,M,L,XL,XXL,XXXL","3","1","10","（仮）通常配送","1","0","","6296","マットパープル","20","6048","","","","1","0","（仮）","5942-01","マットパープル","0079","XXL","2900000036215","2460"
"13573","5942-01","5942-01 6.2オンス プレミアム Tシャツ","","United Athle 5942-01。6.2オンス プレミアム Tシャツ。","綿100%","XS,S,M,L,XL,XXL,XXXL","3","1","10","（仮）通常配送","1","0","","6248","サックス","21","6048","","","","1","0","（仮）","5942-01","サックス","0082","XXL","2900000036216","2460"
"13573","5942-01","5942-01 6.2オンス プレミアム Tシャツ","","United Athle 5942-01。6.2オンス プレミアム Tシャツ。","綿100%","XS,S,M,L,XL,XXL,XXXL","3","1","10","（仮）通常配送","1","0","","6083","ロイヤルブルー","22","6048","","","","1","0","（仮）","5942-01","ロイヤルブルー","0085","XXL","2900000036217","2460"
"13573","5942-01","5942-01 6.2オンス プレミアム Tシャツ","","United Athle 5942-01。6.2オンス プレミアム Tシャツ。","綿100%","XS,S,M,L,XL,XXL,XXXL","3","1","10","（仮）通常配送","1","0","","6087","ネイビー","23","6048","","","","1","0","（仮）","5942-01","ネイビー","0086","XXL","2900000036218","2460"
"13573","5942-01","5942-01 6.2オンス プレミアム Tシャツ","","United Athle 5942-01。6.2オンス プレミアム Tシャツ。","綿100%","XS,S,M,L,XL,XXL,XXXL","3","1","10","（仮）通常配送","1","0","","6085","インディゴ","24","6048","","","","1","0","（仮）","5942-01","インディゴ","0087","XXL","2900000036219","2460"
"13573","5942-01","5942-01 6.2オンス プレミアム Tシャツ","","United Athle 5942-01。6.2オンス プレミアム Tシャツ。","綿100%","XS,S,M,L,XL,XXL,XXXL","3","1","10","（仮）通常配送","1","0","","6250","スレート","25","6048","","","","1","0","（仮）","5942-01","スレート","0088","XXL","2900000036220","2460"
"13573","5942-01","5942-01 6.2オンス プレミアム Tシャツ","","United Athle 5942-01。6.2オンス プレミアム Tシャツ。","綿100%","XS,S,M,L,XL,XXL,XXXL","3","1","10","（仮）通常配送","1","0","","6251","スミ","26","6048","","","","1","0","（仮）","5942-01","スミ","0165","XXL","2900000036221","2460"
"13573","5942-01","5942-01 6.2オンス プレミアム Tシャツ","","United Athle 5942-01。6.2オンス プレミアム Tシャツ。","綿100%","XS,S,M,L,XL,XXL,XXXL","3","1","10","（仮）通常配送","1","0","","6253","バニラホワイト","27","6048","","","","1","0","（仮）","5942-01","バニラホワイト","0191","XXL","2900000036222","2460"
"13573","5942-01","5942-01 6.2オンス プレミアム Tシャツ","","United Athle 5942-01。6.2オンス プレミアム Tシャツ。","綿100%","XS,S,M,L,XL,XXL,XXXL","3","1","10","（仮）通常配送","1","0","","6297","セージグリーン","28","6048","","","","1","0","（仮）","5942-01","セージグリーン","0193","XXL","2900000036223","2460"
"13573","5942-01","5942-01 6.2オンス プレミアム Tシャツ","","United Athle 5942-01。6.2オンス プレミアム Tシャツ。","綿100%","XS,S,M,L,XL,XXL,XXXL","3","1","10","（仮）通常配送","1","0","","6298","スモーキーピンク","29","6048","","","","1","0","（仮）","5942-01","スモーキーピンク","0209","XXL","2900000036224","2460"
"13573","5942-01","5942-01 6.2オンス プレミアム Tシャツ","","United Athle 5942-01。6.2オンス プレミアム Tシャツ。","綿100%","XS,S,M,L,XL,XXL,XXXL","3","1","10","（仮）通常配送","1","0","","6255","バナナ","30","6048","","","","1","0","（仮）","5942-01","バナナ","0369","XXL","2900000036225","2460"
"13573","5942-01","5942-01 6.2オンス プレミアム Tシャツ","","United Athle 5942-01。6.2オンス プレミアム Tシャツ。","綿100%","XS,S,M,L,XL,XXL,XXXL","3","1","10","（仮）通常配送","1","0","","6299","フロストパープル","31","6048","","","","1","0","（仮）","5942-01","フロストパープル","0427","XXL","2900000036226","2460"
"13573","5942-01","5942-01 6.2オンス プレミアム Tシャツ","","United Athle 5942-01。6.2オンス プレミアム Tシャツ。","綿100%","XS,S,M,L,XL,XXL,XXXL","3","1","10","（仮）通常配送","1","0","","6300","スモーキーレッド","32","6048","","","","1","0","（仮）","5942-01","スモーキーレッド","0432","XXL","2900000036227","2460"
"13573","5942-01","5942-01 6.2オンス プレミアム Tシャツ","","United Athle 5942-01。6.2オンス プレミアム Tシャツ。","綿100%","XS,S,M,L,XL,XXL,XXXL","3","1","10","（仮）通常配送","1","0","","6079","ライトブルー","33","6048","","","","1","0","（仮）","5942-01","ライトブルー","0488","XXL","2900000036228","2460"
"13573","5942-01","5942-01 6.2オンス プレミアム Tシャツ","","United Athle 5942-01。6.2オンス プレミアム Tシャツ。","綿100%","XS,S,M,L,XL,XXL,XXXL","3","1","10","（仮）通常配送","1","0","","6094","アイビーグリーン","34","6048","","","","1","0","（仮）","5942-01","アイビーグリーン","0497","XXL","2900000036229","2460"
"13573","5942-01","5942-01 6.2オンス プレミアム Tシャツ","","United Athle 5942-01。6.2オンス プレミアム Tシャツ。","綿100%","XS,S,M,L,XL,XXL,XXXL","3","1","10","（仮）通常配送","1","0","","6258","サンドカーキ","35","6048","","","","1","0","（仮）","5942-01","サンドカーキ","0537","XXL","2900000036230","2460"
"13573","5942-01","5942-01 6.2オンス プレミアム Tシャツ","","United Athle 5942-01。6.2オンス プレミアム Tシャツ。","綿100%","XS,S,M,L,XL,XXL,XXXL","3","1","10","（仮）通常配送","1","0","","6264","ベビーピンク","36","6048","","","","1","0","（仮）","5942-01","ベビーピンク","0576","XXL","2900000036231","2460"
"13573","5942-01","5942-01 6.2オンス プレミアム Tシャツ","","United Athle 5942-01。6.2オンス プレミアム Tシャツ。","綿100%","XS,S,M,L,XL,XXL,XXXL","3","1","10","（仮）通常配送","1","0","","6301","フロストブルー","37","6048","","","","1","0","（仮）","5942-01","フロストブルー","0932","XXL","2900000036232","2460"
"13573","5942-01","5942-01 6.2オンス プレミアム Tシャツ","","United Athle 5942-01。6.2オンス プレミアム Tシャツ。","綿100%","XS,S,M,L,XL,XXL,XXXL","3","1","10","（仮）通常配送","1","0","","6269","ヘイジーブラック","38","6048","","","","1","0","（仮）","5942-01","ヘイジーブラック","0933","XXL","2900000036233","2460"
"13573","5942-01","5942-01 6.2オンス プレミアム Tシャツ","","United Athle 5942-01。6.2オンス プレミアム Tシャツ。","綿100%","XS,S,M,L,XL,XXL,XXXL","3","1","10","（仮）通常配送","1","0","","6270","ヘイジーネイビー","39","6048","","","","1","0","（仮）","5942-01","ヘイジーネイビー","0934","XXL","2900000036234","2460"
"13573","5942-01","5942-01 6.2オンス プレミアム Tシャツ","","United Athle 5942-01。6.2オンス プレミアム Tシャツ。","綿100%","XS,S,M,L,XL,XXL,XXXL","3","1","10","（仮）通常配送","1","0","","6052","ホワイト","1","6049","","","","1","0","（仮）","5942-01","ホワイト","0001","XXXL","2900000036235","2460"
"13573","5942-01","5942-01 6.2オンス プレミアム Tシャツ","","United Athle 5942-01。6.2オンス プレミアム Tシャツ。","綿100%","XS,S,M,L,XL,XXL,XXXL","3","1","10","（仮）通常配送","1","0","","6060","ブラック","2","6049","","","","1","0","（仮）","5942-01","ブラック","0002","XXXL","2900000036236","2750"
"13573","5942-01","5942-01 6.2オンス プレミアム Tシャツ","","United Athle 5942-01。6.2オンス プレミアム Tシャツ。","綿100%","XS,S,M,L,XL,XXL,XXXL","3","1","10","（仮）通常配送","1","0","","6068","レッド","18","6049","","","","1","0","（仮）","5942-01","レッド","0069","XXXL","2900000036237","2750"
"13573","5942-01","5942-01 6.2オンス プレミアム Tシャツ","","United Athle 5942-01。6.2オンス プレミアム Tシャツ。","綿100%","XS,S,M,L,XL,XXL,XXXL","3","1","10","（仮）通常配送","1","0","","6083","ロイヤルブルー","22","6049","","","","1","0","（仮）","5942-01","ロイヤルブルー","0085","XXXL","2900000036238","2750"
"13573","5942-01","5942-01 6.2オンス プレミアム Tシャツ","","United Athle 5942-01。6.2オンス プレミアム Tシャツ。","綿100%","XS,S,M,L,XL,XXL,XXXL","3","1","10","（仮）通常配送","1","0","","6087","ネイビー","23","6049","","","","1","0","（仮）","5942-01","ネイビー","0086","XXXL","2900000036239","2750"
